VIN,Model,Type,Year,Brand,Dealership,Miles,BoughtPrice,InventoryStatus,ListingPrice
1HGBH41JXMN109186,Civic,Sedan,2021,Honda,1,32000,18500,Sold,22082.25
2T1BURHE5JC123456,Camry,Sedan,2020,Toyota,1,45000,17200,Available,23008.07
3GNAXUEV0KS501234,Equinox,SUV,2019,Chevrolet,1,58000,15800,Available,20271.38
5XYZU3LB1JG234567,Sorento,SUV,2022,Kia,2,21000,24500,Sold,30616.78
1FTEW1EP5JKE56789,F-150,Truck,2018,Ford,2,72000,22000,Available,25058.1
WBA5A5C51FD890123,3 Series,Coupe,2023,BMW,2,12000,35000,Reserved,39864.95
1G1YY22G455678901,Corvette,Coupe,2020,Chevrolet,3,28000,42000,Available,46809.88
JTDKN3DU5A0345678,Prius,Sedan,2021,Toyota,3,39000,19800,Sold,26067.57
5J6RW1H56KA678901,CR-V,SUV,2022,Honda,3,18000,26500,Available,33132.39
1N4BL4BV4KC901234,Altima,Sedan,2019,Nissan,1,61000,14200,Sold,18133.66
3C4PDCAB8LT112233,Pacifica,SUV,2021,Chrysler,2,34000,21000,Available,23208.07
1GCUYDED1LZ445566,Sierra,Truck,2020,GMC,3,55000,28500,Available,38260.61
WP0AB2A72CL778899,911,Coupe,2023,Porsche,1,8000,68000,Reserved,88951.52
KNDJP3A52JE334455,Soul,Sedan,2018,Kia,2,81000,10500,Available,12107.39
JM1NDAL75K0556677,CX-5,SUV,2022,Mazda,3,25000,23000,Sold,26345.49
06YO1PTSQB3ZYVTQR,Cybertruck,Coupe,2023,Tesla,2,40053,21450,Sold,24578.51
0ZV4R2260TW5CJA27,Model S,Sedan,2022,Tesla,1,43593,14327,Sold,16849.42
4XVMV6EIJL7S7WT7D,Bronco,Hatchback,2022,Ford,4,110883,5965,Reserved,7344.04
C5E31UMUS055M6OBB,Pilot,SUV,2015,Honda,4,54662,11013,Sold,13303.55
QOAPKEGFG5DG5B9JL,Cybertruck,Coupe,2020,Tesla,2,8263,20382,Reserved,23904.16
JI5YJYHQ8549VLAAE,GT-R,Coupe,2021,Nissan,3,72604,15165,Available,19001.19
T9GZ1T10W7L44IJH1,Equinox,SUV,2022,Chevrolet,3,66183,14424,Available,16369.41
EWFTEQCWPNEO09OVG,CX-9,Sedan,2024,Mazda,4,61788,15231,Reserved,17866.51
W90FMTY0KXKA7T9GH,Supra,Coupe,2017,Toyota,4,92864,6657,Reserved,7932.42
9HUAJJUHF64VKVAA9,MX-5 Miata,Hatchback,2022,Mazda,3,31594,17398,Reserved,21121.48
MI87GW1MBPP9U8IX4,Stinger,Hatchback,2021,Kia,1,26613,17753,Available,23013.11
V02U7O2NFJ2TXYMMU,F-150,Sedan,2021,Ford,2,115302,6302,Reserved,7246.79
86M9VFXMXFXPY8B5P,3 Series,SUV,2023,BMW,2,100928,9983,Reserved,12264.7
JQA106K6YJSG0H6H0,Cybertruck,Hatchback,2017,Tesla,1,98451,5122,Reserved,6392.79
3W2QUQNS2H6CDIX9L,R8,Coupe,2023,Audi,2,60778,20684,Reserved,22992.6
RSR1OHS5JNK3C8EXX,Altima,Sedan,2019,Nissan,4,47340,13711,Available,17164.61
PTVB8OKCUUTJ69U3W,NSX,Coupe,2016,Honda,1,53004,9519,Available,10876.7
51D07UE221UWCIRRL,R8,Truck,2017,Audi,3,45718,13475,Reserved,15041.64
9RSP9GKOTQF8JASH8,AMG GT,Truck,2020,Mercedes-Benz,1,87943,8998,Sold,12032.32
JA9M9MD94MSXTJVN9,Malibu,SUV,2015,Chevrolet,4,29762,14046,Available,18841.42
AC3B4LK56MER99E11,Explorer,Sedan,2018,Ford,2,24960,19571,Sold,25483.39
GL3UZ890PTXSVFO43,Veloster,Hatchback,2024,Hyundai,4,81721,15322,Sold,18021.02
P807V5CXF51GF8ZFL,Atlas,Sedan,2016,Volkswagen,3,63523,10800,Available,12143.71
01C3II1MELK5P3SOB,GT-R,Minivan,2023,Nissan,4,31896,19810,Available,25179.66
AGX9YNMFSJZ7DXOVT,R8,Coupe,2019,Audi,3,35609,16126,Sold,19513.07
SNUM1S08HBV9AJNTF,3 Series,Sedan,2015,BMW,1,18589,12935,Reserved,14623.14
8JL153HUBLI6ZN814,Golf,Minivan,2024,Volkswagen,1,111713,8935,Available,10934.6
F4CYY8YSZPL4TP2VA,Escape,Truck,2017,Ford,4,85777,6429,Sold,7127.17
65SPE4YOFXKVGUBP9,R8,Hatchback,2023,Audi,3,14038,32528,Available,43175.39
H8VSQ9C8KOO8UJ6YX,3 Series,Coupe,2016,BMW,3,86894,6679,Available,7779
XI81TJBGKCF7VAEOR,GT-R,Minivan,2023,Nissan,4,14432,24124,Available,30532.07
BC53ZNZ0YLMTAL4IK,Bronco,Coupe,2021,Ford,3,68803,11029,Sold,12991.37
ZOADN7W38E666Q9CA,R8,Truck,2016,Audi,4,13820,15452,Available,19006.22
IALDCGJ71U4WSQMCQ,GT-R,Minivan,2018,Nissan,2,32124,18743,Reserved,23179.05
S2RAWR81B50VRAAGM,AMG GT,Minivan,2018,Mercedes-Benz,3,105399,7281,Reserved,8345.58
PARDPDX3HLFQW611F,Bronco,Minivan,2023,Ford,4,73778,16451,Available,22083.76
4MZKWSC0P5HCV6VUQ,Gladiator,Truck,2023,Jeep,2,5844,23439,Reserved,30324.98
HAU7E22HF6ZUZEYLI,MX-5 Miata,Truck,2021,Mazda,1,33526,20332,Sold,27140.67
J3ICJQWI2B323CA2K,Veloster,Coupe,2019,Hyundai,3,26067,19107,Reserved,25292.07
X4ZGN4BZ5QVLMEFUN,Rogue,SUV,2024,Nissan,1,39277,22692,Sold,28353.09
Q0X1442EJZ36OAJFY,GLE,Coupe,2016,Mercedes-Benz,3,26618,15939,Sold,21206.34
778UOQ6W4MT40H3GJ,Gladiator,Sedan,2020,Jeep,1,112973,5425,Sold,6087.52
NKSKMG01U7YOSOW8P,Elantra,Sedan,2017,Hyundai,2,13289,17749,Available,20393.52
DPSR1GK6PQXZFP14A,Stinger,Minivan,2015,Kia,2,51308,10693,Reserved,11883.2
Z98YPZQOLYL87VP0A,Camaro,Minivan,2022,Chevrolet,2,73808,11304,Reserved,13353.78
0YFW2PWSFEQ9Q6CH8,Stinger,Coupe,2020,Kia,3,49829,13799,Available,16519.74
CKKWO6ODL13JE6U06,Stinger,Coupe,2021,Kia,3,110654,6539,Reserved,7636.49
BK05976V78RR4SOM9,MX-5 Miata,Truck,2022,Mazda,3,118227,6291,Available,8223.5
VOIEQMFYNTRF92EOZ,Explorer,Truck,2019,Ford,3,47331,15372,Available,18280.2
BKJYYRUXCGZMRUIHJ,CR-V,Truck,2019,Honda,3,72736,12755,Available,14926.33
T7JA0KGY0MYKYWQQE,Supra,Coupe,2020,Toyota,2,68221,14613,Sold,18056.9
INYP7DWC7TBHRKWZG,Camaro,Minivan,2018,Chevrolet,4,43420,17971,Reserved,20401.24
HXXOEJHJ59KCRGZ3L,Veloster,Hatchback,2019,Hyundai,4,36218,18198,Reserved,23667.4
ANHKYVQEY3J7SORHH,Altima,SUV,2019,Nissan,2,63998,13593,Reserved,15205.64
EQ0MNJR9XK3KOV8Q3,C-Class,SUV,2023,Mercedes-Benz,1,98565,12019,Sold,16186.25
WSPA4GE11T1WJ5ZCG,Cybertruck,Minivan,2019,Tesla,3,60193,14489,Sold,18735.16
H4QL5859M2AU9U6NN,Veloster,Coupe,2020,Hyundai,3,49744,17634,Sold,20273.44
8NVJQ71BR9GMB1NXN,Sentra,Truck,2022,Nissan,4,109400,8048,Sold,8863.91
V8B91XWYWCUHXVLQE,NSX,Hatchback,2017,Honda,2,7542,13553,Reserved,17671.29
FULZRJJI74B943XSQ,F-150,Truck,2019,Ford,4,101100,6989,Sold,8922.96
2AUFN7ZUD7T61Z4DT,Gladiator,Hatchback,2018,Jeep,4,108195,7275,Reserved,9328.38
YUJUM2DMS7KFY0LIY,Veloster,Truck,2023,Hyundai,1,64518,20008,Available,25866.69
BF53C6OIAA9P73DMU,5 Series,Coupe,2017,BMW,1,103011,5876,Available,6572.37
3V6LIDULP2I2DILWK,Tiguan,Sedan,2023,Volkswagen,3,27782,26942,Reserved,32050.65
W5CEILQTXDA6F7UFW,Golf,Minivan,2024,Volkswagen,1,56281,21311,Available,24059.42
BRWQG3RJEZMNKA4NY,5 Series,Coupe,2020,BMW,1,30322,18904,Sold,24873.43
Y96E8MS0NAR9KANOW,R8,Coupe,2023,Audi,3,17071,25371,Sold,31861.52
8EQ8X0P9Y1B3JKIXD,Impreza,Sedan,2021,Subaru,1,90465,11844,Available,14008.19
YCOLSHHX6CCGDM49G,Tucson,Sedan,2023,Hyundai,3,113488,7266,Reserved,8108.05
KXX5R8KJ08A1JVMO8,AMG GT,Hatchback,2020,Mercedes-Benz,2,50398,17882,Available,21060.45
SYA6S882STEIKO7ZP,CX-9,SUV,2021,Mazda,3,77003,13178,Sold,15567.12
CM7O6N5Y7LVLJBP2O,Malibu,Truck,2015,Chevrolet,3,93152,6353,Reserved,8147.1
0NO78BWLQFMLSHVBY,Titan,SUV,2015,Nissan,1,110885,5000,Reserved,6296.95
7H3OUAYF5UMRRTFIF,Gladiator,Minivan,2016,Jeep,4,10432,14900,Reserved,19694.87
EYJL298THTYQGG32P,Gladiator,Truck,2021,Jeep,2,69707,15861,Reserved,19319.55
KPHJAFSTVL2FHQEUF,Cybertruck,Hatchback,2015,Tesla,1,30872,11768,Reserved,13296.65
FVVC3Z4DLS47SOELF,Golf,Truck,2015,Volkswagen,4,41160,13687,Reserved,17496.25
W6QL5E8W8AZFUCT96,Tucson,SUV,2021,Hyundai,3,75498,14145,Reserved,18249.83
1HTLUXPNX3B61RK7M,Golf,Minivan,2016,Volkswagen,2,55267,9234,Sold,11453.11
SS06JWNTFA8WV124B,NSX,Coupe,2021,Honda,4,89766,11474,Sold,14832.92
ZG45Y03G2CLJFUI30,Tiguan,SUV,2023,Volkswagen,2,45540,19940,Reserved,24395.57
97RAB22OCJUFBT656,Stinger,Hatchback,2020,Kia,1,117575,5880,Sold,7236.42
OMQ7KDF41VEPD5J8J,NSX,Coupe,2019,Honda,4,86135,12006,Reserved,14489.86
Y4T816WLB3O6QBM0G,X3,Sedan,2017,BMW,2,119730,5000,Sold,5531.77
W3JUU4SF1ZKY26HMC,Model X,Sedan,2023,Tesla,2,55686,19129,Available,21557.86
ZL3BTLVIBHU7TU8XI,Tacoma,SUV,2023,Toyota,1,11457,32665,Available,36188.16
MR3CFRQ1BBPIVWX97,Legacy,Sedan,2021,Subaru,1,19393,20259,Sold,25508.16
3XXTT8F2D6FX6SPUW,Atlas,Sedan,2024,Volkswagen,4,13940,23061,Sold,27179.44
ICER29U5P7NI8RT75,Tahoe,Sedan,2019,Chevrolet,3,80596,11519,Reserved,14135.46
YK367D3FWPH662C79,Santa Fe,SUV,2015,Hyundai,3,48052,14235,Reserved,18888.3
N1VSQ51UFZ5I8NQJO,Veloster,Minivan,2023,Hyundai,4,63014,17297,Available,20104.7
VHM94HJMCGVO1HGS4,Z4,Minivan,2016,BMW,3,106717,5424,Sold,6522.88
3L7YN021J5GYIA92P,Grand Cherokee,SUV,2019,Jeep,3,116492,6377,Sold,8219.24
9Z5VKYPE0CD20XGG6,Camaro,Minivan,2019,Chevrolet,3,112409,6961,Available,8055.27
1WRAF5880ZK34SBW9,GT-R,Coupe,2021,Nissan,3,18049,21823,Reserved,24425.28
YEM6KQ4W4VY0LD63H,MX-5 Miata,Minivan,2015,Mazda,2,56163,12599,Reserved,14771.54
Q1DUPQUN6CIXECQW7,Malibu,Sedan,2019,Chevrolet,2,105679,6924,Sold,7895.47
7Q9EVZC83L55D85K4,R8,Coupe,2015,Audi,2,94016,5871,Reserved,7822.66
3JMKTD4V4P3GLINDC,Gladiator,Truck,2018,Jeep,4,84471,8798,Sold,11455.26
H7HW52UMUQYOERM4A,Stinger,Minivan,2015,Kia,3,106379,5370,Reserved,6757.34
HOTX8ZQV8PH3JF5QH,Golf,Minivan,2019,Volkswagen,4,14773,21296,Sold,28065.26
6J0USRLT5IJD7DSSY,K5,SUV,2018,Kia,4,41801,16696,Sold,21720.13
2TE1YCBNQ12HKX477,Stinger,Minivan,2018,Kia,2,36929,15790,Reserved,18105.49
HQMFJ8ORQGQUV8CPC,Equinox,Truck,2022,Chevrolet,2,119392,5800,Available,7674.21
L0THSVD71LEAF3405,Golf,Truck,2021,Volkswagen,3,61821,17159,Reserved,21188.54
RNHWLDARQ03M08QZ2,R8,Minivan,2019,Audi,3,73231,14208,Reserved,18496.83
07IN5ACA0A4RPQHB0,Golf,Minivan,2019,Volkswagen,3,115443,6310,Sold,8354.58
1PQGG47QPYW8B7ZYA,K5,Sedan,2016,Kia,1,33517,13151,Reserved,15511.62
CR1IX14YVEUH20XQD,Stinger,Minivan,2021,Kia,3,114225,5000,Sold,5637.56
JD264KMFVHM2SU61Q,Telluride,SUV,2020,Kia,3,18697,20567,Available,23795.69
DSQ6AGGBGVCFZWAZ2,K5,SUV,2024,Kia,2,62913,17053,Sold,20579.17
DQ3UDH4WEHWX05OXJ,GT-R,Hatchback,2020,Nissan,2,44388,20258,Reserved,26426.64
NWFOTE3K0P8TVSPVQ,Mustang,Sedan,2019,Ford,4,81806,11220,Sold,14756.35
X2CD6HCCO1TMOJJVS,Malibu,Sedan,2016,Chevrolet,1,39267,11429,Available,12591.76
IZV4CAAPW1G5GY8SM,Veloster,Truck,2016,Hyundai,4,10170,17022,Reserved,20897.69
G6GO8GV7FHG6CERJ0,NSX,Minivan,2017,Honda,2,10793,15758,Reserved,18978.19
JB3CGO0VGNCUA7ENU,C-Class,Coupe,2024,Mercedes-Benz,1,73146,16423,Reserved,18977.22
KHL93XMBACCE2PAU8,Stinger,Minivan,2016,Kia,1,23997,14916,Reserved,16854.58
RSFE78M5J05RYMN2V,MX-5 Miata,Truck,2019,Mazda,3,72836,11045,Reserved,13081.74
7L5G7KCQQ92N1F3ZN,Veloster,Coupe,2022,Hyundai,1,43072,19453,Sold,25983.91
KIAABKUWKIZVXGMNT,Gladiator,Minivan,2019,Jeep,4,37378,20590,Available,24312.69
9SX5PNJ6OISJBNCP3,Camaro,Hatchback,2017,Chevrolet,4,21145,12361,Available,15200.29
WGLJC6367Q8HT9XAG,NSX,Minivan,2016,Honda,2,109395,5000,Available,6378.77
R42S7GB7RB7DFBBK8,Golf,Minivan,2016,Volkswagen,4,119757,5000,Reserved,5954.54
AIBIHKC55C3VJMHGB,Jetta,Sedan,2018,Volkswagen,3,62233,15622,Reserved,20979.49
TA6KYJV4ZN63F5YHJ,Stinger,Hatchback,2019,Kia,1,104369,8667,Sold,11619.08
G1I4MYM0PPVGKKL3K,X3,Coupe,2016,BMW,2,12997,15378,Sold,17883.78
F4II1CR31G3V6BHRT,MX-5 Miata,Hatchback,2021,Mazda,3,65272,12693,Available,15540.19
MUQL23ZXBZAYME5RN,Stinger,Minivan,2020,Kia,3,95354,8996,Reserved,10572.28
ODSJQEU7X0U9477ZZ,Sentra,Sedan,2023,Nissan,4,91570,10996,Available,12878.63
EMULWH7TC5FXNK9X4,R8,Hatchback,2022,Audi,3,19282,21350,Available,23681.88
SE0Z67HM6OD9944TP,Stinger,Truck,2021,Kia,3,34736,16200,Sold,20288.74
PMU8PYCN439P1AUMN,GT-R,Minivan,2023,Nissan,3,17977,31568,Available,38691.94
KIYNZKL64KIW8EBG7,Cybertruck,Truck,2018,Tesla,2,85178,11927,Reserved,13273.2
SRVS34E54CC5PEUL2,R8,Hatchback,2022,Audi,4,78046,12714,Available,14871.08
WDDEHFHLJ5P1GTRCV,GLE,Coupe,2018,Mercedes-Benz,1,63954,16585,Reserved,22009.4
OWJ706YC0NRO5S1VE,Sentra,Truck,2023,Nissan,3,82920,11858,Reserved,13753.98
X0SUBE4VA07YU19W2,Gladiator,Hatchback,2024,Jeep,4,17959,26405,Reserved,30001.99
1G5GI14GIEBPHX21M,AMG GT,Minivan,2019,Mercedes-Benz,2,78554,11829,Available,14459.33
BFSJIWS709C8G89AJ,Silverado,Coupe,2024,Chevrolet,1,96627,8875,Reserved,11949.41
VVWOMJKMBYA2TLQFP,Supra,Coupe,2022,Toyota,3,47569,18464,Available,21427.73
WPR3QAFA1I6CXLCQX,Stinger,Hatchback,2015,Kia,2,16701,15338,Reserved,19449.1
HZPGLSTFFZ9VMF9E7,Veloster,Minivan,2016,Hyundai,2,34729,14722,Reserved,18997.34
KV73H807E8LN97HFD,Cybertruck,Coupe,2023,Tesla,3,56469,21379,Available,24787.01
MBOXZBEPDA32W1CA9,Stinger,Coupe,2022,Kia,2,98408,8572,Available,10989.77
TZNYG5K2WLBU19RYG,GT-R,Minivan,2015,Nissan,2,103604,5000,Sold,5959.73
RJCZQS0FBL4SVNVPY,Rogue,Sedan,2024,Nissan,2,10321,33421,Sold,42046.17
JHC3PQMDKBUGNCK2P,Supra,Minivan,2019,Toyota,2,36094,20619,Available,25946.59
NRZBDW59UMFRQUDLT,3 Series,Coupe,2017,BMW,1,77247,7245,Reserved,8939.92
0BA51RMNVP0XC52CE,Stinger,Minivan,2023,Kia,1,69506,15196,Available,17058.61
S7GTZW8CVDQ1QV2JC,Cybertruck,Coupe,2022,Tesla,2,49541,13987,Reserved,18306.54
CV1ORHYZ17I332QVA,AMG GT,Hatchback,2020,Mercedes-Benz,1,94764,10193,Available,12029.73
9U64RCOA0C2PYZYAE,NSX,Minivan,2016,Honda,3,84876,6197,Reserved,7105.66
3NVKGAS0KVDPOAU1S,GLE,SUV,2020,Mercedes-Benz,1,54386,13904,Reserved,15436.13
HNME4CZSI97CQP968,Cybertruck,Minivan,2024,Tesla,3,110974,6468,Sold,8070.27
ATY7BV992C0HWUZW7,Gladiator,Sedan,2019,Jeep,2,95556,10273,Available,13040.45
I2K9SE4A46XQFVGZ4,Equinox,Sedan,2020,Chevrolet,1,67226,12334,Available,13618.55
VN9O9GZKR3DAGDC9Y,CR-V,Truck,2021,Honda,1,119775,5000,Available,6140.12
X3D4RCAUG2JG0ZNRL,Prius,SUV,2024,Toyota,2,27180,20137,Available,23290.94
V5DWBWX9EBAKVD2JU,Z4,Minivan,2022,BMW,1,82379,11244,Available,14181.98
TKJWX5ZMKVU1AJTOC,Elantra,SUV,2021,Hyundai,4,71536,10500,Available,12007.71
NYNT184JW7FVF4UTA,Silverado,Truck,2022,Chevrolet,3,100303,7993,Sold,10172.97
J0XS3ZS4946NYH4HD,AMG GT,Minivan,2021,Mercedes-Benz,1,66846,13361,Available,15988.89
U8HU46AG4S4PPFCQS,Supra,Hatchback,2018,Toyota,1,117632,6008,Sold,8015.77
FZC8NZ78FY7CWBFU0,Highlander,Truck,2022,Toyota,4,91497,8767,Available,9945.11
JRSU3CYXV8W8214QH,Stinger,Minivan,2017,Kia,3,55116,8996,Available,10662.66
1H951J0UPN4UV31QF,Corvette,Sedan,2015,Chevrolet,1,5618,13819,Available,15592.92
CR13XD64PASENGAER,Veloster,Truck,2015,Hyundai,3,53615,12427,Reserved,16542.49
VHJ7V26NUN7I8UZ6O,Accord,Truck,2019,Honda,3,8805,24560,Sold,32402.86
8RRLUV1EB5O7QI0LS,Silverado,Sedan,2022,Chevrolet,4,108543,6739,Reserved,7847.47
0QISAWS48UET4C9Z2,Cybertruck,Coupe,2015,Tesla,1,109678,5000,Available,6324.98
I6K19LZD5NZZI4OG5,Prius,Sedan,2016,Toyota,1,27767,13041,Sold,17009.45
CRABE3YVOHIBHZJTB,Camaro,Minivan,2019,Chevrolet,1,115844,5851,Sold,7248.22
Y3S07BXVEXM6K0BCK,Cybertruck,Hatchback,2016,Tesla,1,21645,13420,Reserved,16538.98
O6F4ZTPKTK7756K2M,Golf,Hatchback,2019,Volkswagen,1,75677,12750,Available,14795.9
0S9QEZQVVNYDE7UJL,Impreza,SUV,2022,Subaru,4,40837,20716,Reserved,23269.78
TC975AAX1ISEFG84Q,AMG GT,Minivan,2017,Mercedes-Benz,2,111068,5000,Available,6621.52
0U3SIF4HUAQXQ7ZYO,Tacoma,Sedan,2021,Toyota,3,20831,19510,Available,25852.79
U3PCY3TVHZ50DBQOE,Impreza,SUV,2017,Subaru,3,66697,8999,Available,11323.22
MB59UP3DHAU9N5ER2,R8,Minivan,2016,Audi,2,50612,9741,Reserved,11540.72
13G4Z13P78TVIH5WI,Camaro,Minivan,2018,Chevrolet,4,60507,12412,Available,14736.8
XR4I5FDOPDWUSX7XP,Golf,Hatchback,2018,Volkswagen,3,11252,20682,Available,26503.75
RQNM1MD9FBK3TAX4F,MX-5 Miata,Coupe,2024,Mazda,2,30432,20356,Sold,26956.99
JUKSO5242Y3A61YFM,BRZ,Minivan,2017,Subaru,2,32834,13616,Sold,17997.24
HEIKJK673KF0ACVZB,Civic,Sedan,2021,Honda,1,31754,16710,Sold,21638.93
9RPFSOL4AO3M9RZ4W,Silverado,Sedan,2015,Chevrolet,4,110906,5289,Available,6666.83
9CH71G6CB7JZ4OHC1,Veloster,Coupe,2019,Hyundai,2,8341,22174,Reserved,24857.83
V4MULYEYMHDADNRT2,AMG GT,Hatchback,2024,Mercedes-Benz,4,60039,20700,Reserved,23606.43
JWGXAAO72ZRVDTBA6,Veloster,Hatchback,2024,Hyundai,1,63542,14720,Reserved,19498.68
ETNPHPAOLCO9IZ43U,Gladiator,Coupe,2018,Jeep,2,11501,18474,Available,23122.19
17AQ8PSS53SUUF8XV,CX-9,Sedan,2016,Mazda,1,30372,14540,Available,16027.43
FEWGGWOJNZMEOT0CM,Forte,Sedan,2020,Kia,1,78714,12697,Sold,14288.8
NKQ6B8W4AVFNE1PCH,Sentra,Sedan,2023,Nissan,3,39274,22574,Sold,28575.87
JI9CUIG655H07M12E,Veloster,Hatchback,2020,Hyundai,4,113495,5242,Available,5772.83
7DDGYRKOZA5JG44U9,F-150,Truck,2018,Ford,3,107790,8204,Available,9354.22
54JL0DW6JUJ37WETI,Golf,Hatchback,2021,Volkswagen,3,11561,22613,Reserved,27976.43
3SE8GIWQG4O0IHTE2,BRZ,Coupe,2023,Subaru,2,15761,27881,Sold,35491.78
WSY3T1ZSQCG03IY5W,F-150,Sedan,2023,Ford,1,46711,20279,Sold,25612.18
VOUMGGH3KZO5HR6PW,Veloster,Hatchback,2024,Hyundai,4,75982,12761,Available,14752.58
OSJ7N2QLYJXYQBIDW,Stinger,Truck,2021,Kia,2,89404,9531,Reserved,12181.05
66WB3BLTD8SULKWVQ,Equinox,Truck,2018,Chevrolet,2,6729,25114,Sold,29114.97
LA4LH8Q0ZNJP4WLMU,CX-5,SUV,2016,Mazda,1,42945,14777,Available,17456.81
J2VBEB16KMYUHMNZD,Camaro,Hatchback,2020,Chevrolet,1,89627,10743,Available,13822.19
KK84XB701PO1A7F7P,Mazda3,Sedan,2017,Mazda,1,14406,17874,Available,22564.28
09ULJ67U6XGZHNDGA,Gladiator,Minivan,2017,Jeep,2,46696,14441,Reserved,18951.01
9J0AIJR59317O8CQJ,AMG GT,Hatchback,2019,Mercedes-Benz,4,73322,13973,Available,17667.51
MNGFHPGG68V4WGTOT,Stinger,Hatchback,2015,Kia,4,39950,14812,Reserved,18397.65
FMMSTXAEP2PQCTU4X,Supra,Minivan,2024,Toyota,2,46279,23851,Sold,26794.66
795HFQOD6DBQ5UT8G,Santa Fe,Sedan,2021,Hyundai,3,75223,12249,Reserved,14599.94
82KNJWDNMMBZEX2PD,NSX,Hatchback,2018,Honda,4,19077,25397,Sold,29620.54
QAVLV3B96IX5HTZQ5,5 Series,Sedan,2019,BMW,3,86663,10869,Available,12618.88
731AJLFTMPCH0DBEI,Model Y,Sedan,2018,Tesla,3,96223,9152,Sold,12293.45
WCJXWM355TG8E4LGT,Atlas,Sedan,2019,Volkswagen,1,112017,7432,Reserved,8905.58
LXQR66K2LR533O6MJ,BRZ,Hatchback,2019,Subaru,1,115403,5000,Reserved,6615.06
785LM7DAVEK9PFA9U,GT-R,Coupe,2018,Nissan,3,109697,7968,Reserved,10022.03
9WI402G05A6F1FV9O,Gladiator,Minivan,2024,Jeep,4,109667,8215,Reserved,10668.84
R975LBKNGUG94E3DK,X5,Coupe,2020,BMW,1,40865,16028,Available,19644.87
EDI5FKR0BIQMTYNEM,Cybertruck,Coupe,2018,Tesla,3,42819,14843,Sold,18468.05
1TTYKMBGP0ENQIHSQ,3 Series,Coupe,2015,BMW,1,109675,5000,Sold,6115.65
4I8IPJ5MRGGWK64HF,GT-R,Minivan,2015,Nissan,3,107728,5292,Reserved,6079.51
ULWV5CWB4NAM3F9TB,Gladiator,Coupe,2022,Jeep,4,116547,5449,Reserved,6978.06
JMXJRSVJSUH301PMO,Supra,Hatchback,2015,Toyota,2,14966,13913,Sold,16280.9
HIAM279YNXDFESRTK,BRZ,Hatchback,2015,Subaru,4,99797,5502,Sold,6085.65
192UHV9JI5H95ST1D,Rogue,Sedan,2021,Nissan,2,76582,11170,Reserved,14089.48
BCI1VN4MDZY5691F2,Forte,SUV,2024,Kia,3,112178,8992,Available,10289.34
I15651JEFGH14MSJB,Veloster,Hatchback,2015,Hyundai,4,109339,5085,Sold,6789.06
EKH08H3Z8ZAU23QJN,Golf,Coupe,2022,Volkswagen,2,17839,18940,Reserved,25350.85
5MU2GL7DZHBM1C3HV,Explorer,Sedan,2024,Ford,4,96922,9267,Reserved,12313.21
E5EWYU7ZAPRR5K0CY,Z4,Hatchback,2023,BMW,2,44641,17298,Reserved,20628.55
7AGBLBB5Z52E0540O,Tahoe,Coupe,2016,Chevrolet,3,115359,5000,Sold,5519.32
W6WC461E4330Z7IJT,Forte,SUV,2017,Kia,2,89091,8304,Available,11061.59
866EL8N9MINV4QTOF,Escape,SUV,2022,Ford,2,47717,20401,Available,24624.95
IGSUBX7MIRTKYXCY7,R8,Minivan,2020,Audi,4,16307,22596,Available,30316.23
PTE2SOK03KI0FVRCP,Bronco,Minivan,2015,Ford,1,47259,10806,Reserved,14489.82
ZBOCNN5A0BZQAJ6NH,GT-R,Minivan,2017,Nissan,2,49848,10419,Available,13682.78
643EQPAOVKDXK32L3,Focus,Sedan,2017,Ford,3,96522,7381,Reserved,8662.43
DMV8BM7D8ZSI179YR,Highlander,Truck,2021,Toyota,2,77905,10678,Reserved,12773.82
DQF83YLFIF9FYMPRE,Stinger,Coupe,2023,Kia,1,98605,11026,Sold,14474.76
7O8P3TDC9TO7S0KLB,Veloster,Truck,2023,Hyundai,1,105442,9010,Available,10624.87
D3WCB712LZ9C9EY4I,Grand Cherokee,SUV,2021,Jeep,1,57429,16881,Reserved,19284.4
C55KUH25XMDXBJQRE,BRZ,Coupe,2017,Subaru,3,96038,6960,Sold,8624.83
OLCJJXR4BES0O3LIM,K5,SUV,2022,Kia,2,56755,16001,Available,21345.95
XNBJSA18XSPGRDL8T,BRZ,Minivan,2021,Subaru,2,61368,13865,Reserved,17664.11
8G9QS6KGJWL496LO9,Santa Fe,SUV,2018,Hyundai,3,69831,11415,Sold,14183.31
80CRU8BV0R4OMGGWS,CR-V,Truck,2016,Honda,3,15981,15704,Available,17655.91
TO61QSRQ0AZA56NS3,Cybertruck,Minivan,2020,Tesla,4,23630,20633,Reserved,25868.66
MQDRJ6TMG7GM7ZX31,Forester,SUV,2015,Subaru,1,83126,7981,Available,10754.5
LFSMCY257JUFXM9N5,Gladiator,Hatchback,2015,Jeep,2,59518,8640,Available,9806.58
Z902ZBEYCLZG0F66X,Jetta,Sedan,2018,Volkswagen,2,99890,8299,Available,10204.3
UY2AQFB97R5HNZPNE,Gladiator,Sedan,2020,Jeep,4,29424,17261,Available,22773.18
CQNMKPAREX8Q8NY1W,R8,Coupe,2016,Audi,4,39438,14811,Reserved,19034.98
QPZYVAXDPLITBKKMK,Equinox,Sedan,2022,Chevrolet,4,86458,12551,Reserved,15993.16
0LNTNWDT7QQY8VEKE,Stinger,Truck,2023,Kia,1,69234,16394,Sold,20912.53
LNLQJHFLV0S8GUAT6,Z4,Truck,2015,BMW,4,21275,17031,Available,20264.72
84QPY86GA8TG1BH7E,RAV4,Truck,2022,Toyota,1,53576,17574,Sold,20621.3
R5ZPA4SE91VK4P197,Bronco,Coupe,2019,Ford,1,97498,8695,Sold,11323.85
GA8NGQOZEKDHY2LMO,R8,Minivan,2015,Audi,3,86985,6283,Reserved,8183.79
Q0WYL9CP5AZT8BX1B,AMG GT,Hatchback,2015,Mercedes-Benz,2,105995,5000,Available,6583.84
L34YMX9JIF8N23VVO,Golf,Minivan,2023,Volkswagen,3,73623,13684,Sold,18176.6
56O7581NR954ZSEQ3,Supra,Minivan,2024,Toyota,3,14285,29040,Reserved,35656.35
JKJN670EEUNUQPRWS,R8,Hatchback,2021,Audi,2,47882,17125,Available,20984.62
HRL3PAYTDLWAV2NU4,R8,Hatchback,2024,Audi,2,53205,21359,Reserved,27757.6
8Y5Y6TB6IC0BLBRNG,AMG GT,Truck,2022,Mercedes-Benz,2,8051,20968,Sold,26471.91
FPW1U26SHQD8Q9FKM,Cybertruck,Coupe,2016,Tesla,4,105184,5753,Reserved,7337.9
PWWGY8S0OK13BFO0T,MX-5 Miata,Truck,2019,Mazda,2,114219,6014,Sold,7811.87
M4T9ZIX3JL7GOLGEY,Z4,Minivan,2016,BMW,4,52409,10823,Available,14313.43
RMZX3R6SL1B6ULEVH,NSX,Hatchback,2020,Honda,1,103000,7658,Reserved,9070.89
S7AT3WE4V6RBJNE17,Veloster,Hatchback,2022,Hyundai,4,54116,13070,Available,15604.22
IV240OCIBV98R2Z00,GT-R,Coupe,2016,Nissan,3,65559,8725,Sold,9802.5
PFYRIUOVCJCWZZKYQ,X5,Sedan,2016,BMW,4,12493,17685,Sold,22010.22
1ASB50P70YOKSP7QR,Gladiator,Coupe,2017,Jeep,2,117751,5000,Sold,5544.93
S3TFWCP0MO5WD6O9H,Equinox,Sedan,2017,Chevrolet,4,51399,11826,Reserved,14385.14
6H7W3HKSUETL7T8P0,BRZ,Hatchback,2024,Subaru,2,59154,15188,Available,18767.22
F1BE3I54JFZI8AIE5,Camaro,Minivan,2023,Chevrolet,4,36291,21840,Available,25588.52
HW1MAA5HO153E5KJI,Stinger,Truck,2021,Kia,1,83672,9806,Reserved,12235.03
FD256XFU2TF02MG3C,Legacy,SUV,2022,Subaru,1,42884,19069,Available,21121.3
RWGGSA37RJD7HUDB4,BRZ,Coupe,2020,Subaru,3,30237,21626,Sold,23990.52
VLA0183PVC460WR4W,Stinger,Coupe,2024,Kia,3,102527,10097,Reserved,13183.15
UWE18PUVKJASWOOWH,RAV4,Sedan,2019,Toyota,4,79708,9632,Sold,11462.54
9G6V1MF8SVYG61YW0,Veloster,Truck,2022,Hyundai,1,43321,15989,Available,18095.79
M7VAX6F7CM4QXCTLC,Malibu,Sedan,2020,Chevrolet,4,42533,20719,Reserved,25495.99
M8WHWBR5CAM9NV7WZ,Altima,SUV,2019,Nissan,4,111163,5230,Available,6759.77
DT2N8GPTRESPHFXXJ,Veloster,Hatchback,2018,Hyundai,1,60715,13714,Reserved,15825.34
5KMA6ZBJBB62PUAII,Cybertruck,Coupe,2021,Tesla,1,113299,6847,Available,8597.93
MK6CF37TG22IPPOAE,NSX,Coupe,2021,Honda,2,7706,20460,Sold,22942.55
Z0DTH6EKXLGFM8UE3,Civic,Truck,2021,Honda,4,33076,22720,Available,25285.55
ZDMHS95JXDKUHYST6,R8,Truck,2022,Audi,2,43437,17162,Sold,21157.98
8DKA98KYVCINZ4EUI,Altima,SUV,2016,Nissan,3,99807,5537,Sold,6839.07
KO64MFILLBC9Q8I5N,Tucson,Sedan,2018,Hyundai,2,103067,8503,Available,10708.32
W4AMM2HRQDRXKK6Z2,Malibu,Coupe,2016,Chevrolet,1,14386,15302,Available,19609.86
APPFUQKBQGYWKDNB6,Forte,Sedan,2020,Kia,2,7787,22309,Available,29982.47
4A02XJ5IF3B3XRCC4,Stinger,Hatchback,2017,Kia,4,33063,15627,Sold,19206.76
XH1AAA6TSXGSN3736,Forester,SUV,2023,Subaru,1,10500,22640,Reserved,26731.93
MQAGGE4UVDHGNAZ3K,RAV4,Sedan,2023,Toyota,1,26014,29027,Sold,37700.17
QL82S72CB2E9XF67D,A6,SUV,2020,Audi,2,26406,20970,Sold,24486.84
LEBYN2RQFLMWA7X2H,Corolla,SUV,2021,Toyota,2,85895,11340,Reserved,13718.48
M5F2BQWLUOX1FWP4O,BRZ,Hatchback,2021,Subaru,3,73789,10880,Available,12181.4
HXWCTXOQY9O7B8E8G,Camaro,Minivan,2021,Chevrolet,3,94955,10864,Reserved,12019.25
IROR1MW2B5AUJGMER,Gladiator,Truck,2017,Jeep,1,52802,12433,Available,16668.45
ATUQCYJ8SH4V0OJ50,NSX,Hatchback,2022,Honda,1,70232,11152,Available,14597.91
6Y856AHBMPFVJIGVH,GT-R,Hatchback,2022,Nissan,4,93225,9868,Sold,12571.77
SW44P5MH1CL72DLM6,Camaro,Hatchback,2019,Chevrolet,1,17768,23901,Sold,28734.7
N9WNE9JUVYH37RT9J,Sentra,Truck,2023,Nissan,2,30903,23789,Available,27198.52
ECW1W8CEPY4V2GYDV,Tahoe,Sedan,2016,Chevrolet,3,9469,16774,Reserved,19107.42
097R717FKISTCMRR6,Camaro,Minivan,2022,Chevrolet,3,47337,17047,Available,19818.17
RRYKHA51UCPJ4SDI8,Stinger,Truck,2023,Kia,4,117018,5530,Reserved,6842.31
2XXRJBU210GNCEIXH,MX-5 Miata,Coupe,2015,Mazda,1,84952,7109,Reserved,9089.92
H0E2EC99YGCDMPLEQ,Supra,Minivan,2015,Toyota,4,86417,6153,Sold,7783.85
67V7LZ0YD16RNSMEY,Bronco,Minivan,2016,Ford,2,65080,9913,Sold,11598.05
ONNKPFM5RMDCGQ5YN,Golf,Truck,2021,Volkswagen,4,116424,5000,Available,6693.58
17ACZTMYYT8SGKD6C,MX-5 Miata,Coupe,2020,Mazda,4,97888,9068,Sold,11647.61
0US8NOCHCQGM3DY5B,Gladiator,Truck,2021,Jeep,4,47066,16078,Sold,19914.03
BJR6U2EF92NH05ARH,Tucson,SUV,2023,Hyundai,1,84545,11182,Available,14010.27
8S926EQ9ZF1MCFGC7,Stinger,Hatchback,2021,Kia,2,65936,16104,Reserved,19403.71
8J11KMG10NHJACHLX,Stinger,Hatchback,2016,Kia,3,12884,14134,Available,16422.76
CGP7FERF9PH2546MN,NSX,Coupe,2022,Honda,3,59171,16092,Available,19133.28
GA96K5FVS1ZABQYW6,BRZ,Minivan,2024,Subaru,2,114581,6086,Reserved,7847.66
1ZGWZJT5IRCHVYSO0,Supra,Minivan,2020,Toyota,4,43769,14836,Sold,16372.99
TUWM7PHTZYBRGW4LZ,3 Series,Coupe,2018,BMW,4,91567,10430,Sold,11775.66
4HXDK1429V9XKZYLM,AMG GT,Minivan,2021,Mercedes-Benz,4,88867,8288,Available,9212.12
VLTL5RO0KAGEM0KLM,Camaro,Minivan,2024,Chevrolet,2,96894,12459,Reserved,13831.76
9SP8AEPJFP5ZMOJGT,Z4,Minivan,2017,BMW,4,52637,12938,Reserved,16998.79
UO7QAYSTF41HZ5JM9,R8,Truck,2019,Audi,2,65454,14390,Available,18360.41
STU377PD69HK18P81,GT-R,Hatchback,2022,Nissan,2,7166,24538,Sold,29900.62
2X0TLVURQVXDU8G0G,MX-5 Miata,Coupe,2022,Mazda,1,59419,16702,Available,18780.71
ZYPPOD2MBVITU2JVW,Cybertruck,Minivan,2017,Tesla,3,44687,12675,Available,15500.31
37J6OFSEUI283PO21,Impreza,Sedan,2021,Subaru,1,55379,17066,Available,20792.67
EK09YGJDDNQYNFJCB,Passat,Sedan,2022,Volkswagen,3,48216,13909,Sold,15902.17
TJ39G3OHJ66ZONES0,Sportage,SUV,2022,Kia,1,16418,21983,Sold,26565.64
Y5FRB03BMJUVFOL3Z,Gladiator,Minivan,2017,Jeep,1,83987,8395,Reserved,10070.86
MSG5KYBIPYFKJLT7V,Prius,Sedan,2021,Toyota,2,26337,17845,Available,22376.96
BJJK6WBWPKJ0L9HK6,Bronco,Coupe,2018,Ford,2,20870,25053,Available,31536.05
Z7IYU4E49JQT8CVGZ,Veloster,Hatchback,2018,Hyundai,1,76751,11649,Reserved,12945.84
ALGUHJ5M32N9Y1J85,Golf,Minivan,2015,Volkswagen,2,23840,17610,Available,21020.23
H1QQLJU27KSZA029F,Stinger,Hatchback,2023,Kia,1,16371,30406,Sold,38204.07
4JWIZ0QMJZ80YCMH0,Telluride,SUV,2020,Kia,1,51906,15966,Sold,19570.87
WOQL5TQ4T7LMSBM7H,Silverado,Truck,2021,Chevrolet,3,77972,9790,Reserved,12865.26
1G1KT6FKKNZUDQNWZ,Equinox,Sedan,2017,Chevrolet,4,97378,5347,Available,6762.21
0D6QWHX8D26H5CWKN,Sonata,Sedan,2020,Hyundai,3,52608,17443,Sold,19897.82
XAGATUO96T1VVRKZM,Stinger,Minivan,2019,Kia,1,10710,23534,Available,26302.59
MNHMO0IMU39IRRSEX,Stinger,Minivan,2018,Kia,2,106248,7334,Available,9245.28
1P4ICK6G41RMDAZCF,Cybertruck,Hatchback,2022,Tesla,2,55543,13348,Available,14771.27
ABNWYNESMJAF85DUQ,3 Series,Sedan,2020,BMW,2,26834,23614,Available,29433.53
XJPUSC76ZPE9USP99,Sentra,SUV,2023,Nissan,2,109729,8562,Available,11430.76
WAXTFP4K2HV72SIH1,Camaro,Minivan,2020,Chevrolet,3,33604,21566,Reserved,26825.27
NZTPHQ1C10EGHYIJS,Z4,Hatchback,2023,BMW,3,13834,24802,Sold,29689.05
K44VWUWPGP7VT0YF4,Bronco,Minivan,2020,Ford,1,53398,13414,Reserved,16912.67
O2IAGM3J9KIGI3J2H,Rogue,Sedan,2017,Nissan,1,34951,11861,Reserved,14405.93
3QNC5GH5X2OF7MQP6,Golf,Coupe,2022,Volkswagen,3,17231,19623,Sold,24261.96
XPYPG85LG0NS6XBK9,Bronco,Coupe,2021,Ford,3,66667,16323,Available,21797.18
PUHS9JZH5CDAI0DP3,Bronco,Coupe,2022,Ford,4,109691,6823,Available,8163.89
8KVW7WXXZ2YV05IC2,R8,Truck,2018,Audi,3,90830,11187,Available,14993.91
VQQOOGM8C7O05VXU2,Cybertruck,Minivan,2016,Tesla,1,18061,16064,Sold,21306.29
T2ST460QKNWIHL38B,Z4,Minivan,2020,BMW,3,24495,24622,Available,28289.39
GOFNH6CV8NC42JJDM,3 Series,Sedan,2018,BMW,4,67668,14696,Reserved,16420.43
Y8OK5986QRWG0V61O,Stinger,Coupe,2016,Kia,2,74416,8643,Reserved,9725.06
0ZCYUOEQA3P9KP783,F-150,Sedan,2021,Ford,2,105296,7485,Reserved,8267.6
IWM84J25FK5DSJSRS,Focus,SUV,2016,Ford,2,32260,11403,Reserved,12812.53
0DU010EAWK7BLUFMN,Stinger,Minivan,2024,Kia,2,115108,7288,Reserved,9261.24
F2U0A19MJEPWRARKC,Stinger,Minivan,2015,Kia,2,70555,10230,Reserved,11435.06
W5UL57QRK4T61NXRU,Corvette,Truck,2015,Chevrolet,4,52800,11076,Sold,13066.84
SPPS1GC8XPVFHE7ZC,Gladiator,Sedan,2016,Jeep,1,14663,15149,Sold,19863.65
J5X0FCMC54AI4D41C,Stinger,Hatchback,2023,Kia,4,38112,21361,Reserved,23621.38
H9JSPM4FHGYZEWTJA,AMG GT,Minivan,2024,Mercedes-Benz,1,69319,14184,Available,18490.51
LY5TGRH2XY59EVLII,Cybertruck,Truck,2022,Tesla,2,27715,16653,Reserved,19491.73
2KRYUFNZ1799TOASG,R8,Coupe,2018,Audi,1,107338,6088,Reserved,6876.65
S7NXTAL8GDVSLYQD7,Equinox,SUV,2020,Chevrolet,4,69009,14881,Sold,18961.14
FQ9BLC1IVKYFYL335,Explorer,Truck,2016,Ford,2,62768,8551,Available,10750.62
PYTLH84ELKV90O9QI,Gladiator,Sedan,2015,Jeep,4,72433,9350,Available,12336.09
P5L6CSDQ3D81WEON8,Golf,Hatchback,2024,Volkswagen,2,42235,22494,Reserved,28877.07
TLSMX38W8JU5FQVFB,NSX,Hatchback,2019,Honda,3,29907,16629,Sold,21632.17
7E2P3TLCUNZVZQ8ED,MX-5 Miata,Truck,2023,Mazda,4,68733,18252,Sold,21364.12
WZERGSR9UVMQFMK42,MX-5 Miata,Coupe,2019,Mazda,4,80021,12879,Sold,14738.21
S4PPBS7IZ2A7PI935,Golf,Minivan,2023,Volkswagen,4,55397,19650,Reserved,25302.39
LKXCX5BHU9W5I2NOZ,GT-R,Hatchback,2019,Nissan,2,37176,20358,Available,26500.19
X9P2YCJT3CKTBEN8M,Bronco,Hatchback,2018,Ford,2,19922,19732,Reserved,26591.36
X2ZRWIZXAAZS4WKQY,5 Series,Coupe,2022,BMW,3,118418,5198,Available,6254
B404P1CD2RBN61DPS,AMG GT,Hatchback,2015,Mercedes-Benz,4,8462,13890,Reserved,16570.83
L79CLJ00EXAPBO7MT,BRZ,Truck,2019,Subaru,2,88179,11731,Reserved,15181.13
F04I50X1FEQ1CKSBS,MX-5 Miata,Minivan,2016,Mazda,3,55626,9442,Sold,11190.67
PO2YHX4ANFTCWCXMW,E-Class,Coupe,2015,Mercedes-Benz,1,71104,8543,Sold,11385.16
T4EJCXUKMV99P8BSM,Passat,Sedan,2017,Volkswagen,1,82454,8024,Available,10548.38
YC0SJ7X45VNOBEKDI,Stinger,Minivan,2022,Kia,4,108259,8259,Sold,9970.67
ZQQUXOE45UASC17RH,Atlas,SUV,2018,Volkswagen,1,9866,26933,Reserved,34682.1
RXAXI0GE2RRTKTE0Y,Pilot,Truck,2020,Honda,1,31152,21378,Available,27548.45
HG8H584BRJZ9DLOC2,X5,SUV,2018,BMW,3,92941,10539,Available,11864.61
H7ZMVBTAWSK0M2N6O,Forte,SUV,2022,Kia,1,28277,22008,Reserved,29174.65
9M1Y097VK8AUF5ABI,Supra,Minivan,2024,Toyota,4,104524,7711,Reserved,9456.1
53G3D2LERAOVDWFW6,Supra,Hatchback,2016,Toyota,2,113210,5031,Reserved,6573.58
6GFE77VUC61DS49QI,Stinger,Hatchback,2023,Kia,4,90248,11934,Available,14082.27
1HZOLOQ3WORL23X6U,Accord,Truck,2023,Honda,2,46688,21686,Sold,28709.68
XM20DYCF17LSFBX4Q,Supra,Minivan,2019,Toyota,4,70455,11574,Available,13857.56
QO19BM5UXYUDP3S0R,Altima,Truck,2023,Nissan,3,35730,24255,Reserved,26746.22
RXAOGDBE2SQBYWCU1,Veloster,Coupe,2022,Hyundai,4,64111,16280,Available,21592.9
O99PT5RUUMIC17XBE,AMG GT,Hatchback,2015,Mercedes-Benz,3,12671,15164,Available,17026.47
53CNGG5UIO0IWSPWK,Outback,Sedan,2021,Subaru,3,58484,13829,Sold,16315.85
SQ1HTCRTVOACKJNPC,Mazda3,Sedan,2019,Mazda,3,60733,15617,Available,20887.98
Y6640X7PHTOS2EX2W,Model 3,Sedan,2019,Tesla,4,90247,9689,Available,12960.51
M0ZLHWG3V56QTKOCL,Supra,Hatchback,2015,Toyota,4,49127,12656,Sold,15735.96
JGAQP6WTD3XG0ZQEQ,C-Class,Sedan,2023,Mercedes-Benz,1,80482,16441,Available,20682.11
QXX9OWQFHEFHH6D70,Veloster,Coupe,2019,Hyundai,4,51450,19066,Available,23110.12
D93X6H3N1BDWAMC12,Gladiator,Coupe,2022,Jeep,3,36378,17757,Sold,20834.34
QXV218KOJKFYLT3BA,Gladiator,Coupe,2023,Jeep,4,9194,30285,Sold,35801.9
X1P53NAOWEZHXP9JU,Corvette,Truck,2021,Chevrolet,3,22408,18092,Available,22943
RP6CIOQ54ZSETBN5B,Rogue,SUV,2024,Nissan,3,41448,18660,Sold,24035.83
4VCPTK8ADWZFL30XS,Golf,Minivan,2022,Volkswagen,2,109190,7211,Sold,9359.12
7CSPJCYT7TLUVS93A,AMG GT,Truck,2020,Mercedes-Benz,3,98834,9821,Sold,12741.81
2FJ00ZS1GRRKECT5U,GLC,Coupe,2018,Mercedes-Benz,3,45531,18932,Reserved,21256.88
VLJDXC0HBZ1W8EWVZ,Malibu,Sedan,2021,Chevrolet,1,99012,9962,Reserved,12189.55
XNQRYX000LSBOZKO0,NSX,Hatchback,2018,Honda,3,97534,10254,Available,11426.95
VK6UW6VUZDCZNHPJA,R8,Truck,2024,Audi,1,39441,26326,Reserved,32575.32
63HXM9ORBC46JF215,Z4,Hatchback,2015,BMW,2,46740,11610,Reserved,14052.54
D4TN4XW2JDXZ84N1S,AMG GT,Minivan,2018,Mercedes-Benz,2,73896,15148,Reserved,20024.54
7JGQQQ75CEAHL6P3F,GLE,Sedan,2018,Mercedes-Benz,2,28816,16739,Available,19881.39
36C61W4H2G1BH4JQ6,MX-5 Miata,Coupe,2021,Mazda,1,112159,5421,Reserved,6121.76
JI2LT32HF4U3FRCWX,Supra,Minivan,2019,Toyota,2,117931,5000,Available,5678.74
WZ9XJ5OB2ZTPMKZ89,Model Y,Sedan,2022,Tesla,1,46979,18854,Available,24328.78
Z536FY3ZFIG4TGOWN,BRZ,Truck,2016,Subaru,2,48575,13561,Available,17013.01
8SK1JFMN62YBZCQ9O,AMG GT,Hatchback,2024,Mercedes-Benz,1,61762,20586,Reserved,23165.03
FAVZNI6T03FPKL1CO,Sportage,SUV,2024,Kia,4,15302,25666,Sold,28772.27
ATF0WCLCVTZIH6LVT,Bronco,Minivan,2017,Ford,2,38779,10416,Available,13282.92
T49DRI92SOBAL3PJO,AMG GT,Truck,2019,Mercedes-Benz,1,86551,11848,Sold,13248.32
1BEYNXS76YBHKHM59,CX-5,SUV,2022,Mazda,3,48321,14646,Sold,19119.84
IBIYATOERT954T9CN,Tiguan,SUV,2022,Volkswagen,4,88306,8491,Reserved,10839.28
IQMAE1FGNNHQEJDQD,Gladiator,Hatchback,2019,Jeep,4,78337,13109,Reserved,14686.5
KHNZFQX847JSQHZKL,AMG GT,Hatchback,2022,Mercedes-Benz,3,106083,6994,Reserved,7841.74
U3DH88G6ZU8HXJ6WY,MX-5 Miata,Truck,2024,Mazda,2,109751,7899,Available,10637.27
1YEQNKBTNCV03SSOT,K5,Sedan,2020,Kia,4,66197,14436,Reserved,17230.34
CXO5MFGHPO16FSLG1,Supra,Minivan,2022,Toyota,3,16036,26033,Reserved,31048.53
HUXWS1OAM7FKTLTOB,AMG GT,Minivan,2017,Mercedes-Benz,3,95646,5681,Available,7403.48
CXR33YWN638ID8E75,Corolla,Truck,2015,Toyota,2,60596,10593,Sold,14160.85
ATWUSYBJDJHSXT0IB,MX-5 Miata,Minivan,2021,Mazda,4,8177,23141,Reserved,31159.36
L8H7ZSLTM3AWYWDLK,CX-9,Sedan,2016,Mazda,4,91899,7141,Reserved,9200.07
PCP8H4CHNJFRMPMSX,Supra,Hatchback,2016,Toyota,3,94441,6454,Reserved,7706.49
SDKOVQ6UB97KUIHOH,Mazda6,SUV,2023,Mazda,2,101680,10189,Available,11420.6
H8T6W7XOH27DKY7ZR,MX-5 Miata,Hatchback,2018,Mazda,3,25907,21273,Reserved,27533.36
Z9VF3S4JQ37NUPYNU,Cybertruck,Minivan,2016,Tesla,2,79475,6785,Sold,8410.69
3GX1YG0IQ7LGE190M,Golf,Minivan,2021,Volkswagen,1,25603,18736,Reserved,22596.66
CVC42HV6TQZ4G7YMQ,Forte,Sedan,2018,Kia,1,16997,23193,Reserved,30767.57
SN7FD1DP58A6ODED3,X3,Coupe,2015,BMW,3,94309,7274,Reserved,8203.61
E6SVYBP3BENLAZPYK,Bronco,Hatchback,2015,Ford,3,23498,16677,Reserved,20398.58
LB2XQSCRTETY5U0S1,Gladiator,Truck,2018,Jeep,4,54992,14373,Reserved,15851.1
3NYZVI06J8ZN1IXSX,AMG GT,Hatchback,2023,Mercedes-Benz,4,108682,9893,Sold,12041.41
AAQ1PXKX6Q29C3GT9,Veloster,Minivan,2022,Hyundai,1,57193,16263,Available,18118.22
RHQSPUQTCME57C282,Camaro,Hatchback,2016,Chevrolet,3,82704,8242,Sold,9311.02
OL6AVM3RPMA20JEQO,BRZ,Coupe,2023,Subaru,2,58733,15759,Sold,17797.92
0AN3XAKQ7PE1HOLW0,A4,Sedan,2022,Audi,3,53728,13518,Available,17063.81
DDSCVMG9SFOWMZ8GV,Cybertruck,Truck,2019,Tesla,2,117729,5800,Reserved,7461.77
RGRO95V6709WF56GT,Supra,Minivan,2015,Toyota,3,53749,11869,Sold,14786.9
0OUJVBAM5F6GE775J,R8,Minivan,2019,Audi,2,101698,9126,Available,12233.8
HXAU1FFWGVEPD5CHW,C-Class,Coupe,2023,Mercedes-Benz,4,13782,28756,Available,34326.54
NWC6H2CJL914V1P27,Bronco,Hatchback,2018,Ford,4,6016,22241,Sold,26053.73
M114FIY3WFLDRIBAT,Gladiator,Truck,2022,Jeep,2,18846,18525,Available,24400.2
MDUD7BYB60N63MSF3,Pilot,Sedan,2015,Honda,4,109838,5000,Sold,5779.49
AD0Q5XVRRUVZQ6CKE,Sportage,Sedan,2018,Kia,2,65413,12894,Reserved,17288.35
MACIDVL2UIM60OSVZ,MX-5 Miata,Coupe,2023,Mazda,3,110280,6462,Sold,7127.84
UZ3FC76QXB0X3NFMR,GLC,Sedan,2022,Mercedes-Benz,2,30652,20258,Reserved,27195.75
YNCUCQGGSRPO4EXBF,Camry,Sedan,2015,Toyota,1,106881,5632,Reserved,6255.97
KXT06NMYO6RWBQ85P,R8,Coupe,2016,Audi,4,104302,5429,Available,7181.4
ZQD0XBINKR6BPX0NQ,Camaro,Hatchback,2022,Chevrolet,1,60579,12680,Sold,15620.81
9HAQ241KGF2WBC6J5,GT-R,Coupe,2016,Nissan,2,44077,10221,Available,13780.37
NLNATH50WGVHEK0X8,K5,Sedan,2015,Kia,1,50981,10730,Available,12000.96
NC1RKXB82Y6E4EB32,AMG GT,Hatchback,2017,Mercedes-Benz,4,8895,17743,Available,21974.06
TDSGK6DN63C5471CE,Cybertruck,Hatchback,2021,Tesla,2,71968,12518,Reserved,16803.23
B4W5Y69IOZNTO74BQ,C-Class,Sedan,2015,Mercedes-Benz,4,114144,5000,Available,6153.87
29MKGSN81NJ68LWLH,X5,Sedan,2015,BMW,1,53274,9627,Reserved,12104.51
T7EMUSJ2PQ1S3JKU6,GT-R,Hatchback,2015,Nissan,3,100804,5000,Available,6369.69
I5F9KJZP3FW272LYM,Golf,Coupe,2020,Volkswagen,3,31745,20516,Reserved,24898.94
FUJ5P60BFT948C9DP,BRZ,Coupe,2023,Subaru,4,16778,27804,Reserved,34946.56
CVL2X0LTFTE5TFE6J,Atlas,Sedan,2021,Volkswagen,2,89637,11937,Available,14874.44
SJE8MTL2Y73VPFNF9,Explorer,Sedan,2019,Ford,1,55336,14869,Sold,19705.73
M88XJZ1Q9HZDXOICL,Outback,Sedan,2020,Subaru,3,101123,9089,Reserved,10101.17
JEG87CYC1EWTEJYV6,3 Series,Coupe,2020,BMW,4,84585,10818,Available,12659.66
VYC5LNMEHFR2NMETR,R8,Hatchback,2018,Audi,2,108545,5584,Sold,7469.17
MNUHGCO8J07LFU61X,MX-5 Miata,Truck,2018,Mazda,4,97985,10332,Available,13664.75
NNU5QP26FXYFWCHOT,Z4,Hatchback,2016,BMW,3,103493,6079,Sold,7379.38
TTXRPVGI4J8Z5MFWW,Gladiator,Hatchback,2015,Jeep,4,34999,11641,Reserved,14609.84
09C7GN66WL3JVZT90,Rogue,Sedan,2022,Nissan,2,39426,19464,Available,22760.14
VTNFY69FNBLB1Y3BY,R8,Coupe,2024,Audi,3,88044,14840,Reserved,17021.93
N1D1RZ4SW6QYA7JZ6,Cherokee,SUV,2015,Jeep,3,39210,12788,Sold,15549.24
5JLJND4KDJVCVEXOQ,Altima,Sedan,2023,Nissan,2,56455,15474,Available,18388.34
HL8RFOQ1YWUNV6V1Q,Golf,Minivan,2020,Volkswagen,2,82158,13487,Sold,16803.64
2PWZ6AF1D79SCZWJ5,GLC,Coupe,2015,Mercedes-Benz,4,80648,9280,Sold,10388.34
AGWAK4D5XNMCEE9WB,CR-V,SUV,2015,Honda,2,48498,13924,Reserved,18708.27
VHIUM1NAJW0MDGPZ1,Veloster,Truck,2020,Hyundai,2,83717,9347,Reserved,12586.23
OE9FIKKAN5R698OQ9,Gladiator,Coupe,2016,Jeep,2,46215,12091,Available,15410.47
PHNC7MZ3VKSDAC165,GT-R,Minivan,2021,Nissan,2,16818,25287,Sold,31204.77
337WDLYF73YN2SMB4,C-Class,Coupe,2024,Mercedes-Benz,4,63000,16519,Sold,19449.17
UW6SW5NFZB3V1GP54,Grand Cherokee,SUV,2020,Jeep,1,89169,11321,Sold,14756.34
FZ08CMR4JU6LPQ1TG,Camry,Truck,2015,Toyota,3,106271,5770,Sold,7334.72
1OZNM8NGX7AIBIDF9,X5,Coupe,2021,BMW,4,28736,23845,Available,27198.9
VM2FGTVJOOL6YGLLE,Gladiator,Minivan,2018,Jeep,2,111010,5871,Reserved,7795.11
ESNNXPBUW7MDWXZ03,Veloster,Truck,2024,Hyundai,2,5612,31098,Available,40602.62
ZTG18C1SR8LG5ZW39,NSX,Hatchback,2015,Honda,3,59147,8952,Sold,11972.85
MKFXPD6M85I4UV4J2,Rogue,Sedan,2021,Nissan,2,39708,21960,Reserved,28140.2
X9ESBLV7YDDK2ECRM,Civic,SUV,2024,Honda,3,93384,11932,Available,14955.02
YLBTU8ZZCRS3UZ7YU,GT-R,Coupe,2024,Nissan,3,43598,20608,Reserved,24823.59
7L44E0TIMUMUVMF14,Forte,Sedan,2021,Kia,4,111009,5363,Available,7149.86
DZEEN0WZMHLBMJY47,Supra,Hatchback,2018,Toyota,2,10156,18827,Available,24786.05
Y0F07CJL3ODF7CW1X,R8,Coupe,2022,Audi,4,67598,12444,Reserved,13829.08
RUU6YC1D7PQ2JNX2F,NSX,Hatchback,2021,Honda,2,16720,24752,Available,27390.36
KCXVSOSYYILFGWXNM,Veloster,Hatchback,2020,Hyundai,2,107570,6543,Available,7813.1
O9ZYK2QWL2LMNVEK0,R8,Truck,2016,Audi,4,102522,5000,Sold,6513.19
3IB0A4G7YLO6OSMD8,Gladiator,Minivan,2023,Jeep,1,84421,12843,Reserved,17297.2
EUONQL6V3M2C47GOT,Malibu,Truck,2020,Chevrolet,3,87081,9266,Sold,10541.04
788J6HXDFLLOJ24WD,Gladiator,Hatchback,2019,Jeep,2,82342,11311,Available,14122.15
AUAPNCHJDVSZNWXYR,CR-V,SUV,2022,Honda,4,37314,16634,Reserved,19881.33
ONJ80BT2RAHJCOX5W,Model 3,SUV,2015,Tesla,1,52978,11683,Available,15684.18
W2N3ZWME9FZ3F4XKU,Veloster,Truck,2016,Hyundai,1,20897,13642,Sold,17878.25
MQ7RDDZE84R6HDJLR,Z4,Minivan,2024,BMW,1,83162,12474,Sold,16335.73
D5TC7J12NCPV2VF02,Santa Fe,Sedan,2022,Hyundai,4,94157,8520,Available,10370.32
K7JFADFPPQG87Y2C3,AMG GT,Minivan,2021,Mercedes-Benz,3,21785,24026,Reserved,28920.21
175VBSVHRE82NZD0X,GT-R,Minivan,2015,Nissan,2,111979,5000,Available,5841.76
LBYTTQI0BA94W00SJ,Mazda6,Sedan,2024,Mazda,4,47950,16595,Available,18488.39
3XQNXS91VKX5W53PR,Corolla,Sedan,2015,Toyota,1,105248,5537,Sold,7287.69
069IT87ANDR4DYXK3,MX-5 Miata,Coupe,2020,Mazda,4,94573,10666,Sold,13900.2
SQJN3T4CPTEPY03DF,Veloster,Hatchback,2022,Hyundai,2,32966,20675,Sold,27909.79
WNH521X7CM4B2SJPS,Forester,Sedan,2017,Subaru,2,83545,7703,Available,10392.57
08GAYG33JZCTVENNB,GLC,Coupe,2023,Mercedes-Benz,2,100276,10717,Sold,13276.84
IXJDOR4ERANUWH9IO,Rogue,SUV,2019,Nissan,2,87895,11573,Available,14955.17
LDC70YBSSSNBVMIWK,Supra,Hatchback,2020,Toyota,3,44154,16740,Sold,22367.84
43PPIXRHK6OG459EJ,Model X,SUV,2016,Tesla,3,38312,10935,Reserved,14351.22
KDYBDGG3TKKP3Q1AP,MX-5 Miata,Truck,2020,Mazda,2,101709,8237,Available,9570.05
ZN9KTWOHCPGF9S5PM,Stinger,Minivan,2023,Kia,2,49204,22600,Available,27405.57
8HFDRIMAKSIWRRN1X,Passat,SUV,2015,Volkswagen,2,13515,12821,Available,14517.09
683PJ1SWOJCNJ8DI8,E-Class,SUV,2018,Mercedes-Benz,1,11396,24375,Available,32626.25
XKG512EB97H1RN9GT,Cherokee,SUV,2018,Jeep,4,41558,21468,Reserved,26868.14
6NCDDJG03TMFA1UN1,GT-R,Hatchback,2015,Nissan,4,42767,14630,Sold,16929.26
5Y2KIUH1SXEJ9TL8Q,Stinger,Truck,2019,Kia,3,65809,13884,Available,17603.87
6CX4G1C172Z69LN9P,A6,SUV,2017,Audi,4,85176,7687,Sold,9643.59
06JZ8WUTXXOWC1WH0,GT-R,Minivan,2024,Nissan,2,78967,12785,Sold,15208.28
IMS2T5VSAG521ECC2,MX-5 Miata,Coupe,2015,Mazda,4,17412,14048,Sold,15851.61
T3ST52P8JYV3UJG6R,Veloster,Minivan,2021,Hyundai,1,56557,16867,Available,21385.56
3HQ913SPPK0KQ8M22,Golf,Coupe,2018,Volkswagen,2,8639,25097,Sold,30871.24
9WSELW1S0SOQFKNQ2,Supra,Minivan,2020,Toyota,4,25508,18575,Sold,24018.95
JHBIH6ZRB8MCRCZ9G,Veloster,Hatchback,2017,Hyundai,1,42845,12930,Sold,15904.43
VR2HJCLZLQXQRTHZQ,Stinger,Coupe,2024,Kia,1,40251,25656,Sold,33687.49
0C1Q2UDF7KH213PW0,Gladiator,Coupe,2020,Jeep,2,109934,7135,Reserved,8832.96
GO65GOTME6ANNDJ8V,CR-V,SUV,2023,Honda,2,49259,20517,Available,25445.89
859EJZ94WMINML48A,AMG GT,Truck,2016,Mercedes-Benz,1,81232,6434,Available,8487.5
EOZ8JA0BY1TWWRW9P,Cybertruck,Truck,2019,Tesla,1,48687,17369,Sold,20857.92
NC5PL5QSUUS8AHBO7,Sportage,Sedan,2017,Kia,1,65725,10849,Available,12297.38
ETHEN25XSVF9LMEPK,Gladiator,Truck,2016,Jeep,1,71811,8402,Sold,9302.66
S0BC3BS1LFMPDLCXN,Z4,Hatchback,2021,BMW,3,42502,15487,Sold,19959.4
LSEUBJ5ZI34FINJJ8,Stinger,Truck,2016,Kia,2,29986,15538,Sold,19501.39
W7H2YSM20G2832YWO,E-Class,SUV,2021,Mercedes-Benz,4,105455,8420,Available,10744.09
P7S954TXRMWONWXWC,GT-R,Hatchback,2019,Nissan,1,62245,13883,Available,16010.45
NXLK0SJ53S0JVADBK,Camaro,Minivan,2022,Chevrolet,3,87748,8316,Reserved,9431.12
5SHGFYA8RDBURDEJA,AMG GT,Minivan,2022,Mercedes-Benz,2,76720,11570,Reserved,12769.07
37E4H3W8DQTNXLFIP,Camaro,Minivan,2019,Chevrolet,3,44663,14393,Available,17093.8
IL71QW97SMIOESGH4,Ridgeline,Truck,2022,Honda,1,110713,5578,Sold,6958.44
CCT7TVI0QLX1PL4G4,R8,Coupe,2019,Audi,2,20628,21757,Reserved,26066.21
CUHYCOO09YB5SN6YO,Golf,Minivan,2015,Volkswagen,3,85717,7665,Sold,9269.81
H7J5A6ZQ0BHTXJ366,R8,Minivan,2018,Audi,3,101215,7705,Reserved,10217.14
2WXLCWKKZJNRCO1CU,Bronco,Minivan,2022,Ford,4,35906,19030,Available,22589.83
R7AC8NT1PKF42TVNZ,Forte,SUV,2023,Kia,2,59241,20262,Sold,24891.81
PA8HTKG4NIQR7BA4O,RAV4,SUV,2023,Toyota,4,14809,23391,Sold,30312.71
CJBL9K6SAHWCBU1UR,Gladiator,Truck,2023,Jeep,2,108701,7277,Reserved,8726.11
CNJUUD3FIBXTDBR95,Highlander,Sedan,2021,Toyota,2,19864,24000,Sold,30132.52
U5U6NDD7CY9678OL0,Passat,SUV,2021,Volkswagen,2,12816,25761,Available,33890.94
FEKTKNSP54WD8CYQU,GLC,Coupe,2021,Mercedes-Benz,4,82577,13238,Reserved,17704.24
260WJD7K4RBOXNJRF,Malibu,SUV,2020,Chevrolet,3,81526,12683,Sold,14417.63
GT5QPQK1NKMUGGHOU,Renegade,SUV,2016,Jeep,1,22162,15631,Reserved,20814.97
5FDMNUMLK16JXO845,Accord,SUV,2016,Honda,1,58358,8830,Reserved,10799.35
KUA6IDIYGIMAKECPX,Veloster,Truck,2020,Hyundai,4,104699,8047,Available,9371.22
TKF7SMQ8TPDC1OALE,Z4,Truck,2023,BMW,3,18946,29955,Available,36388.85
1OEE61C6WQEEK2OVA,Outback,SUV,2019,Subaru,4,20851,21279,Sold,28620.43
4P9U78EVLT9FDV3WP,Corvette,SUV,2017,Chevrolet,1,75152,10036,Available,12275.58
IPIWGLEVLKDVINUSS,Prius,Sedan,2016,Toyota,3,109347,5074,Reserved,5998.42
PR7RZIOTIHU1KXJPP,Legacy,Sedan,2020,Subaru,3,104818,7952,Sold,10006.4
OD8RRVR5C3TBU9A9J,Tahoe,Coupe,2019,Chevrolet,3,105621,6137,Reserved,7119.14
U1F3LTZBFX2CS7USI,R8,Hatchback,2017,Audi,2,106474,5209,Reserved,5828.69
GM70E1Y12DNKF1HID,3 Series,SUV,2017,BMW,1,19296,16896,Sold,19129.99
OOBGSIMINQZZ4NZYU,X5,SUV,2018,BMW,4,40197,17857,Reserved,20214.33
DJN7BPXG6X9GF4115,RAV4,Truck,2022,Toyota,3,55495,16392,Sold,18653.7
1J169AMFZYBNTF2DI,GT-R,Coupe,2022,Nissan,3,74575,14909,Available,16917.34
02115A2D1EM23802T,Cybertruck,Coupe,2018,Tesla,4,12226,25701,Reserved,32388.88
O3EYGI5TQ7DBSAWTB,Bronco,Coupe,2017,Ford,2,67254,10164,Reserved,11642.56
WGN0SMFI43P8C07MM,Rogue,Sedan,2019,Nissan,2,69798,11811,Sold,14012.77
I5C4IJ7MZR7GR4E7G,BRZ,Coupe,2015,Subaru,3,30467,16608,Sold,21992.27
M8NOV9SWA66MJ62S7,Equinox,Coupe,2017,Chevrolet,1,15380,16851,Available,20532.78
QSZIBYE1JWTS8OS42,Santa Fe,SUV,2020,Hyundai,3,7570,26185,Available,33173.5
ZQ5WXLF6QDVL47TM8,Golf,Truck,2022,Volkswagen,1,101692,7965,Sold,9104.63
PNGXCNMYA6DM93X52,Bronco,Hatchback,2020,Ford,4,74295,13403,Reserved,15387.61
J68I6JOF3DV0IZJWI,Corvette,Sedan,2020,Chevrolet,4,84813,12264,Available,13615.7
0TQJ68M523V5HBZA4,Camaro,Minivan,2021,Chevrolet,2,59206,12739,Available,14550.92
GQGK53QY3RZRL2GJO,Supra,Hatchback,2023,Toyota,4,8520,30830,Available,36060.24
247PL4ZQWSWAKJVMT,E-Class,SUV,2018,Mercedes-Benz,3,65977,12144,Reserved,13895.8
RG1H8K6DKJ2MEUMOX,Veloster,Minivan,2022,Hyundai,3,78227,13735,Available,15413.08
2JRS5Q1984MUAZTSA,Jetta,SUV,2024,Volkswagen,3,116953,5348,Reserved,6044.09
O1O2N1QYNEMUZRG2U,Gladiator,Hatchback,2019,Jeep,4,22190,23636,Sold,28722.34
SBG6MB31THPDUAIEL,GT-R,Coupe,2018,Nissan,1,61241,13908,Reserved,16016.22
5ZQAKMGS6FGQ955SC,Mazda3,SUV,2016,Mazda,3,94068,6549,Sold,7800.3
UUL6P7KKLM7R87GLO,MX-5 Miata,Minivan,2023,Mazda,4,88087,11002,Reserved,13486.85
L95OZA97G14KJKMHR,Gladiator,Hatchback,2021,Jeep,1,54702,14526,Sold,18485.77
P76FM7QODPQW0NKV7,Golf,Coupe,2015,Volkswagen,3,108522,5429,Sold,6025.26
OBIN3LS8LMWCV4D22,Sentra,Sedan,2024,Nissan,3,113915,8212,Available,10674.39
N7VN4RSAGCWZDNF47,Equinox,Coupe,2024,Chevrolet,3,38899,21074,Sold,26489.49
012O0GYYQEFBL6W26,Stinger,Hatchback,2022,Kia,3,60632,13950,Available,15630.13
QAX3XS6Z7GTC7UY43,BRZ,Minivan,2018,Subaru,4,83927,9432,Reserved,12435.1
YJE9RTJOOWWZ6RLLY,BRZ,Truck,2016,Subaru,4,7505,18458,Sold,24553.17
89JK0XDZVQR8BLP0J,Z4,Hatchback,2016,BMW,3,21740,12344,Reserved,13766.89
CJESO2IRHHEQNEEZF,Gladiator,Hatchback,2019,Jeep,3,41981,16003,Reserved,18711.02
K55WCSK6OBBF1V3US,Model S,Sedan,2016,Tesla,4,6022,17999,Reserved,23426.6
817DVOHUNHQIEVAG0,Gladiator,Minivan,2020,Jeep,2,40783,18999,Reserved,24452.95
OTE44CTDSIUISD4CA,Stinger,Coupe,2015,Kia,4,56903,12033,Available,13791.39
SJO4L2A6WNHJ7THOC,Mazda3,SUV,2024,Mazda,1,96300,8949,Reserved,10312.27
QY2WOGGIMAF0MEA2X,GT-R,Minivan,2021,Nissan,1,96200,8016,Reserved,9560.03
D7DVFFZ48XB40FYZU,E-Class,SUV,2022,Mercedes-Benz,4,60360,16763,Sold,20469.81
TNC9SNU4TEVGHOWO5,Outback,Sedan,2018,Subaru,2,92784,10995,Available,13793.93
WOY4TDN89Y66V5BCM,R8,Truck,2022,Audi,2,47673,19644,Sold,23420.13
6YIMASWYHNCY054D2,A6,SUV,2017,Audi,4,50401,12086,Reserved,14692.15
1QN4Q7ZNXEOMRQXXI,C-Class,SUV,2015,Mercedes-Benz,4,56530,9064,Sold,11664.17
ETXGU0EW4VCG2JQX4,X5,SUV,2021,BMW,2,115479,5955,Reserved,6605.11
EXQLUV95473A3HW0L,NSX,Minivan,2015,Honda,1,77915,8574,Reserved,9972.5
YDNIXA327USBEICDU,Golf,Coupe,2016,Volkswagen,1,101114,6135,Available,7842.6
5TSCTNBXHHBU4F810,A4,Sedan,2022,Audi,2,15534,21969,Sold,29082.6
4KE5A4XUXVIVPO4EK,MX-5 Miata,Truck,2022,Mazda,3,37914,16748,Reserved,20565.19
P1R5APOUJ44W33KEK,Tacoma,SUV,2017,Toyota,1,18462,14283,Available,17611.34
MW89F31A9X3MTPHK8,Stinger,Coupe,2023,Kia,1,78690,13899,Available,15661.3
C5ZC4U18NFVX625Z4,Model Y,Sedan,2023,Tesla,4,90441,12246,Reserved,14840.35
YUERL8C6QVQSV2DBX,GT-R,Minivan,2016,Nissan,1,65785,11319,Reserved,13958.07
8U0FRY8OY781KQT2T,Tucson,Sedan,2016,Hyundai,3,60706,8867,Reserved,10291.2
G1VAYK9Q1Y7TVSCVE,Gladiator,Hatchback,2022,Jeep,3,37428,16874,Reserved,19697.2
PWJYLCHJX6UVQEK2A,Cybertruck,Truck,2017,Tesla,2,23618,16480,Available,19682.41
6YWW0M23MQNA4Z8K2,Veloster,Truck,2019,Hyundai,3,51370,17474,Available,19309.08
EVV7OX31DT2SKH9QW,BRZ,Minivan,2022,Subaru,3,52152,17799,Reserved,21012.07
HSPA7QZ2DS7TJJWS3,Bronco,Minivan,2015,Ford,2,72803,10703,Available,12339.08
D29JPCDJ0Z6258QSZ,R8,Minivan,2020,Audi,4,35617,17506,Sold,20689.89
Q21ZY633MEFUT71AA,Model Y,Sedan,2017,Tesla,3,37867,11149,Sold,12597.71
62J7MCE1LLSDYFQAD,Forester,SUV,2015,Subaru,4,92567,5824,Reserved,7703.01
7QHYG9FF6PCZYTC9D,Equinox,Sedan,2023,Chevrolet,2,66297,19549,Available,24404.93
KFJYESDYOC8JHDDS8,Tucson,Sedan,2018,Hyundai,2,64325,14021,Sold,17803.52
3TKCKXSQXYG9IVWP4,Cybertruck,Hatchback,2019,Tesla,2,38047,16356,Reserved,21218.52
0GCQ8CGYNK2Z19Y3W,Tiguan,SUV,2016,Volkswagen,2,9113,17644,Sold,21607.03
YOKUPUR4ZQFYGJ3DD,R8,Hatchback,2017,Audi,3,73168,7796,Reserved,8745.01
4PU9IRRX5II7AO8PX,A6,SUV,2020,Audi,2,73294,14599,Reserved,18019.2
KOR7HT132Q04QV9AN,R8,Truck,2016,Audi,4,76842,9584,Reserved,11948.47
M4B5QHITS7PZFBFJV,Model 3,SUV,2016,Tesla,2,104441,6201,Reserved,7976.72
FM0O6L858PBXERXQZ,Gladiator,Hatchback,2021,Jeep,4,115260,5528,Reserved,6677.35
V7PDBNII5DBYAOL49,Cybertruck,Truck,2020,Tesla,3,63840,15942,Reserved,18044.67
LPFUON76FPFCYYYSF,Golf,Coupe,2019,Volkswagen,2,112095,6007,Available,7033.86
J4F8AOYSSKTU72NF2,Highlander,Sedan,2018,Toyota,3,55202,15872,Available,18899.91
IGYR40VPNUE4SMUNY,BRZ,Coupe,2023,Subaru,1,63424,17124,Reserved,21601.57
Q0GSV6O2TKGSSPT9J,Telluride,SUV,2015,Kia,4,95731,7403,Reserved,9199.67
VGXEGCSX6640TAB0J,Tahoe,Coupe,2019,Chevrolet,2,28558,16329,Reserved,19415.58
BLSPBDVRNAENRC1NN,Golf,Minivan,2022,Volkswagen,2,25845,16638,Reserved,22405.21
HIUGH7FMKJKAEB4B3,Gladiator,Minivan,2017,Jeep,3,10089,14650,Sold,18333.65
QC6KCS3Q7951049ZJ,MX-5 Miata,Truck,2024,Mazda,2,62158,19061,Available,22097.54
3XFVW4I7VIN3RC7DQ,Sportage,Sedan,2024,Kia,3,118887,6079,Available,6841.58
C08LO17847KWKF5MY,Stinger,Hatchback,2024,Kia,4,15522,22065,Reserved,25114.71
88FKIRXIQA0SSK0O5,R8,Truck,2023,Audi,4,75952,13634,Sold,15835.75
J8LC3XVFXPZPW4HA0,Escape,Truck,2021,Ford,1,13158,23561,Sold,26863.55
MWNXKTR9490ASXT13,MX-5 Miata,Minivan,2015,Mazda,2,105736,5000,Reserved,5733.21
OYFP6YODJ5EW2OCJX,Equinox,Coupe,2016,Chevrolet,4,69191,9578,Reserved,11218.46
1G231ZE6QTCULXP17,GT-R,Coupe,2021,Nissan,4,56726,13416,Sold,15339.1
W1Q1VTNAWXJ91VCWD,Escape,SUV,2020,Ford,4,71846,11752,Available,15561.9
HKMNDPA7G7ZM4D4VW,Cybertruck,Hatchback,2018,Tesla,1,84001,11481,Reserved,12859.39
XFMMKCRODLNC207IM,R8,Coupe,2020,Audi,1,112308,5427,Sold,6681.33
QVER1U8SWJ2C4PYJT,Telluride,Sedan,2024,Kia,4,31288,25023,Available,30092.64
B008H3DGCUAS3OYCN,BRZ,Minivan,2024,Subaru,3,29810,21252,Available,28596.58
AS69SPVTS4P28ULGQ,GLC,Coupe,2022,Mercedes-Benz,2,89750,9718,Reserved,10962
2NDRNDE59PX6SMFGV,Supra,Hatchback,2015,Toyota,4,56337,11511,Sold,13807.03
WYX5K00X423ZG54UJ,Tucson,SUV,2016,Hyundai,3,82964,8132,Sold,10916.13
YUMWVDNI6W0EUA86J,MX-5 Miata,Minivan,2016,Mazda,1,107935,5000,Available,6581.88
9WG88ZP5E3O3BHOIW,CX-5,SUV,2021,Mazda,1,37015,22467,Available,29302.99
JV6X7RC4VMQ1MONP4,Z4,Minivan,2018,BMW,2,15931,18472,Available,21510.2
4KRXJ6G05U4J1O1LB,GT-R,Minivan,2015,Nissan,2,32918,13725,Available,15683.86
28V6TNUT4VHZRVJJV,Model X,SUV,2024,Tesla,3,80483,13980,Available,17714.91
JZ7LZ5IMGRVVJGEM3,CR-V,Truck,2020,Honda,2,98394,7508,Reserved,10003.24
NRH02T86ULAZ805AI,Bronco,Minivan,2023,Ford,2,79762,13457,Reserved,16675.79
XL2ECCDPTPXA6ADQH,Camaro,Hatchback,2020,Chevrolet,2,51989,17000,Reserved,21129.35
GEMJG12N5YWL1J06F,BRZ,Truck,2016,Subaru,2,8600,15716,Reserved,18387.64
12W624KGQFZJIFDAS,R8,Hatchback,2017,Audi,4,69950,10579,Sold,13672.02
6QMQ8LAM7SQ3ZNX7J,Gladiator,Coupe,2016,Jeep,1,75514,7061,Available,8097.28
BZYPXFYPBN4QAW67L,MX-5 Miata,Coupe,2021,Mazda,4,89601,10343,Reserved,12214.25
9AX8SICV4YH0KHINR,AMG GT,Truck,2024,Mercedes-Benz,3,15721,27659,Sold,33366.69
ZAJM1JSSTDVEL3CUK,Cybertruck,Minivan,2021,Tesla,4,49069,19237,Available,23601.93
9P0KDMRSDR5IQ32KS,Legacy,Sedan,2021,Subaru,3,55472,18011,Available,20903.61
EH3EMO9Q3GX13H6V7,Corolla,Sedan,2021,Toyota,3,43874,20939,Sold,23634.04
F9KTD1B4JBYEXI5FA,Highlander,Truck,2019,Toyota,2,60282,16168,Reserved,20252.93
PEAPEFD2F8TVAWBG1,R8,Coupe,2022,Audi,1,61577,13200,Available,15472.48
ZO0YO5EH8WK8FH7UM,Gladiator,Truck,2018,Jeep,3,99940,6937,Sold,8638.71
1NG243JH5ISREL302,R8,Coupe,2019,Audi,3,55236,14665,Sold,16697.43
ZNX0598XJ3X14VHIO,Civic,Truck,2016,Honda,3,74096,7652,Sold,9337.62
YNN18EL2MCRU963WW,Prius,Truck,2015,Toyota,1,109371,5000,Reserved,6165.74
JDPU56YHHERK4BVU8,Cybertruck,Coupe,2015,Tesla,2,97784,7296,Reserved,8120.13
IQJK8SG7DUGDGS13X,Golf,Truck,2020,Volkswagen,2,33681,21207,Available,25112.29
7UIEYSWTZ1UHWY0CK,Santa Fe,SUV,2021,Hyundai,1,28800,19777,Sold,22419.28
16YLF0MH9M8TO7IMB,Tahoe,Truck,2016,Chevrolet,3,58852,11814,Sold,13182.58
N2TE6058KFSB4W539,Cybertruck,Minivan,2017,Tesla,4,64506,10839,Reserved,14605.44
A30ZCDNQY2FNL4AHA,5 Series,Coupe,2017,BMW,2,43637,14726,Reserved,17385.35
RDRPXLR9Q02BL068F,Supra,Coupe,2022,Toyota,3,22335,19810,Reserved,25801.9
DBRZYR5A9J3LZ82ZM,Titan,Truck,2024,Nissan,2,114201,6656,Available,7745.32
VBR1OUHQQST70GH03,Tacoma,SUV,2024,Toyota,2,10815,23578,Sold,29952.92
N1YHPIPPJHBNWHJO6,Elantra,SUV,2016,Hyundai,3,32919,16284,Available,21007.29
63TDOL51B5ETT7TR7,Stinger,Coupe,2018,Kia,4,50562,13828,Reserved,17269.92
OZ3OCTN9IRSG50MBY,Accord,Sedan,2022,Honda,3,49744,19456,Available,23695.35
DW203CL0X3MMUTA6X,Q7,Sedan,2016,Audi,2,52745,10071,Reserved,12115.01
U7WNGJFMOUTT5TOAV,X3,Sedan,2020,BMW,4,104081,7718,Sold,9162.94
Z0Y5WH26SOUTRLB05,BRZ,Coupe,2021,Subaru,1,89361,10383,Sold,13834.13
KYCA0QECWY40MK1CG,NSX,Coupe,2021,Honda,4,104843,6519,Available,8524.6
O3TI6ZE6QARFHO2IO,Cherokee,SUV,2017,Jeep,1,15487,17172,Reserved,23032.06
YKNIRPGV8CK4CTE4M,AMG GT,Hatchback,2022,Mercedes-Benz,1,12879,23402,Reserved,26469.4
ZWUXK68Z10E0W99AU,Supra,Hatchback,2016,Toyota,1,52255,12406,Sold,15913.39
060D87LUVOMXF3C22,Malibu,Sedan,2023,Chevrolet,3,66875,19070,Reserved,25450.54
HTIJQ3JTQUI974PZV,Supra,Hatchback,2023,Toyota,3,90756,13086,Sold,14987.5
OGKWAMOZHB9H5RCVM,Corolla,SUV,2017,Toyota,4,47716,14020,Reserved,15655.07
BHDPENMWO7J9WMPK3,F-150,SUV,2016,Ford,2,77665,8612,Reserved,11068.83
UVT6P2TEG1AHEJPKK,CX-5,Sedan,2020,Mazda,4,16423,18320,Reserved,22783.09
TZST1947XJTZB922K,BRZ,Minivan,2017,Subaru,1,70560,9646,Available,12640.67
F1P0VN3LJC0SE8ASP,Tucson,SUV,2022,Hyundai,3,33469,17574,Available,19945.49
HK85XQ3WCAL1FZPD7,Q5,Sedan,2020,Audi,1,27685,17543,Reserved,22785.14
8LDTK2XIT3PTLOCX8,Pilot,SUV,2022,Honda,3,69915,11939,Reserved,13734.71
AL5J93YZY81GVCUJK,Stinger,Minivan,2019,Kia,3,45771,19003,Reserved,21680.79
8PM8H9ATYEVP9J1CL,Elantra,SUV,2017,Hyundai,1,90647,8113,Reserved,9257.47
G372B9U5UIXIPYKK7,Stinger,Hatchback,2015,Kia,1,52520,9986,Available,13018.19
SSPWLV57IMEOHXE9I,CX-9,SUV,2022,Mazda,1,115564,6053,Sold,7664.91
22HV8A9IJT7SLNHYU,C-Class,Coupe,2024,Mercedes-Benz,1,23313,24858,Reserved,30594.39
NFQERJ2ERI29W7DD3,Model Y,Sedan,2019,Tesla,4,110272,5911,Reserved,7032.36
7850TWD7W47NRKDK6,Passat,SUV,2015,Volkswagen,3,104627,5000,Available,6596.5
SU2X07Q5FIP5Q8AS7,Forester,Sedan,2021,Subaru,1,33475,18064,Sold,21642.68
QO2DWKZCHU6WHBPRI,Altima,Truck,2016,Nissan,2,66414,7889,Available,10288.44
YQMJT5VQHTU60IA01,AMG GT,Hatchback,2024,Mercedes-Benz,2,93026,12317,Available,14900.91
FBCOV2DCTMWA0SFRT,GLC,Coupe,2020,Mercedes-Benz,2,95606,10719,Reserved,12801.02
EG27B8Z65178PPQNC,GLC,SUV,2023,Mercedes-Benz,4,67067,18259,Sold,22196.92
VJTT1REDA71QDDPQG,Gladiator,Coupe,2021,Jeep,3,65695,15912,Sold,18702.08
X4GTXAG11IXSXRYHF,GT-R,Coupe,2015,Nissan,2,53921,12331,Available,15868.79
NQ3LDFZ3KT4HLUATY,BRZ,Hatchback,2016,Subaru,4,110612,5000,Sold,6128.4
OXEEINIWAO8MMUNCZ,Gladiator,Minivan,2018,Jeep,2,106931,5968,Reserved,6911.26
TKXEK1XSD2PL6IMR4,Mazda3,SUV,2016,Mazda,4,69060,8517,Available,11284.12
SC8V72YUC9T9UWEZL,BRZ,Coupe,2022,Subaru,3,59820,14218,Sold,17004.34
XQOI3UNNNCY8EWYKU,Passat,SUV,2018,Volkswagen,2,14610,18221,Sold,22519.12
2BMF6I1IECN6OUCRK,Veloster,Hatchback,2024,Hyundai,4,14066,25369,Sold,33654.97
SO0BJB5OQ6E6OLZKJ,GT-R,Coupe,2018,Nissan,4,109101,6951,Available,8730.87
FMEYVO1FXVFTKVW6P,Prius,Truck,2017,Toyota,3,37370,14172,Reserved,16003.37
6I6ZO8ZJVWESHQL0F,Model S,SUV,2023,Tesla,1,18703,29767,Sold,39737.7
VM8JUQ016RXUT97FO,Sonata,SUV,2017,Hyundai,4,40266,11881,Sold,14933.55
69ME9MRK7XS9C89HK,AMG GT,Truck,2016,Mercedes-Benz,4,39341,15003,Sold,17759.45
UEAZQMR1LN5KYRCIW,Cybertruck,Minivan,2022,Tesla,3,42019,21479,Reserved,24374.76
36I5Q4KSACCSWSCJC,Gladiator,Coupe,2020,Jeep,2,49270,13531,Sold,17570.09
6GU9AVNJWC7SVN12J,Mazda3,Sedan,2021,Mazda,3,65195,14373,Reserved,18038.38
P0CJUWY2RWMPIBYVO,X5,Sedan,2020,BMW,2,37802,15935,Sold,19653.68
JPZY39R3VO05JVQ1Q,Cybertruck,Truck,2023,Tesla,4,63090,19989,Sold,26454.9
7S7VLF9VSIWLFVHTO,Pilot,Sedan,2021,Honda,1,110462,6181,Available,8017.68
FFL484HGV0GO9HGAR,Z4,Truck,2016,BMW,4,10963,13329,Sold,15167.32
1HRIGJK3YXT7WU14H,Q7,SUV,2019,Audi,1,45355,14529,Available,17114.15
MK7B8A7JD4LDTE93C,RAV4,SUV,2017,Toyota,2,75813,9300,Reserved,10807.74
GSF6OCZK2XL38V8J4,Model Y,SUV,2018,Tesla,3,106714,8220,Sold,10570.81
5TVK2DIQTYDR8ZIYU,Model S,Sedan,2020,Tesla,2,40294,19141,Available,21215.56
882270ZQZ20LI776Z,Stinger,Minivan,2020,Kia,2,91022,11381,Reserved,14140.58
9TO7CYO0TWFJTEAZV,Model S,SUV,2015,Tesla,4,112290,5000,Reserved,6453.07
GVK4IJPASS89J1XPV,Supra,Hatchback,2016,Toyota,4,19845,14652,Available,19328.79
9884CO57PZZC527AD,MX-5 Miata,Minivan,2021,Mazda,4,94002,10496,Available,12443.22
OZRQCYDWV55MHGU6T,CR-V,SUV,2015,Honda,2,7869,18455,Reserved,24089.58
TO5QP683IDTW8MUJS,Golf,Truck,2020,Volkswagen,4,110904,6757,Available,7619.58
KQ9W2RRZA2V86AB2C,Cybertruck,Coupe,2024,Tesla,3,93080,13593,Sold,17828.76
601RIBMHSUDB66UWL,Cybertruck,Minivan,2016,Tesla,1,60941,11271,Sold,12757.33
D220V5M9LKLJYC752,AMG GT,Minivan,2015,Mercedes-Benz,4,62862,9717,Reserved,11653.81
GVIFCUI4DE7UC22Y9,Cybertruck,Hatchback,2018,Tesla,2,8855,19749,Sold,25660.35
UWA0Q7CMPXQ6VMV58,Supra,Hatchback,2023,Toyota,2,94895,9367,Available,10654.77
1IZU2AKA4CXLLEMCM,Ridgeline,Sedan,2016,Honda,2,59337,11744,Sold,13591.48
NZ5NKC6SDEOI320KH,Cybertruck,Minivan,2019,Tesla,2,98888,8539,Available,10934.73
0P6NFPQF9E4MNB7N8,NSX,Hatchback,2022,Honda,1,83558,12962,Reserved,16591.48
3K78FGQSOSG862EF5,Ridgeline,Truck,2021,Honda,3,66362,15235,Sold,19200.47
5TG3X3V7P6FLZ7Q3C,BRZ,Hatchback,2024,Subaru,3,8132,31448,Reserved,40048.62
ALHYTJHDLYX8MY6SE,Cybertruck,Coupe,2017,Tesla,2,39361,14845,Sold,18343.69
5VS77Q3WV1WOT6N40,Cybertruck,Minivan,2020,Tesla,3,29405,22696,Sold,26394.31
NCG8KQTLW46RC5BAX,Highlander,Truck,2019,Toyota,4,96094,8723,Reserved,10349.18
YDNQU28P20CUTQTXS,X5,Sedan,2017,BMW,2,100526,5131,Available,5877.04
YR8AKHCQFQ4SD7UGD,NSX,Hatchback,2015,Honda,3,84836,7179,Sold,9527.34
9473A46DZWMKDC3PU,Focus,SUV,2024,Ford,4,74797,14911,Sold,18576.84
D5MY6854ED5SCK50H,Z4,Minivan,2024,BMW,2,75234,13892,Reserved,16673.36
SVFFB46GA90N0BDCF,Forester,SUV,2020,Subaru,4,46422,18122,Sold,22027.32
3BPC7Y55FMXH6L4BB,Z4,Hatchback,2022,BMW,1,89135,11761,Sold,15722.35
0BPWURCGN8MT9H9MF,Ridgeline,Sedan,2023,Honda,3,18385,27646,Sold,31470.49
K9H0O1N5PONE55642,Bronco,Hatchback,2023,Ford,1,98012,9130,Reserved,11381.07
A9YOL7PIH03JB99QP,Atlas,Sedan,2019,Volkswagen,1,111465,7525,Sold,9229.2
RTCAQXGHG5TC9G70M,NSX,Minivan,2022,Honda,3,16455,21839,Available,27361.29
C2YKCJSYMDVPWW4V2,MX-5 Miata,Hatchback,2019,Mazda,1,47360,15257,Reserved,16851.78
BKUL1RZ873E54KAU8,Veloster,Truck,2022,Hyundai,1,68095,15061,Sold,19850.86
RAXUMQGZJR6YHC8KS,Explorer,Sedan,2019,Ford,2,69695,15488,Available,20645.96
FTMR1N3PBFGDO8WRT,Forester,SUV,2017,Subaru,2,31603,16197,Sold,20105.07
EBCN5S70G0B43PB4A,R8,Minivan,2020,Audi,1,17224,21754,Reserved,27718.14
63NXULOD7ZB3XL8DI,MX-5 Miata,Hatchback,2021,Mazda,1,103574,7353,Available,9784.08
NKK8MV62Q837LV1T8,Telluride,SUV,2019,Kia,1,9444,23343,Available,29804.57
3DVIRMZJGR0QN32FF,Passat,SUV,2023,Volkswagen,1,57747,17834,Sold,20297.5
CHT0KCUI4VB1LVF6I,Supra,Coupe,2015,Toyota,1,60810,9615,Sold,11961.75
TKY0I6W12PQ4ZRPHN,MX-5 Miata,Truck,2018,Mazda,1,119815,5000,Sold,6258.39
KD4ACKIDXZUQALJ9F,Camaro,Hatchback,2021,Chevrolet,4,101477,7500,Available,9045.25
0QY83I5Q6DPEGC4NR,BRZ,Coupe,2021,Subaru,4,16486,26500,Sold,34028.94
Z7PM88W1MUHDGXI4T,Cybertruck,Hatchback,2016,Tesla,1,114877,5000,Available,6667.96
OB46JVK57OFEYCDYX,NSX,Minivan,2021,Honda,2,85194,11517,Available,15333.64
JQS47DKH6IVM9P7ZO,Escape,SUV,2024,Ford,1,87220,12615,Sold,15298.33
0COXJFC4W86X0NU10,3 Series,SUV,2018,BMW,1,78504,11496,Available,12971.05
3DJIODSGXXVFU7AK9,Ridgeline,Sedan,2023,Honda,3,29240,27167,Available,36572.5
4EBCHNKH4GGSNELTO,Golf,Minivan,2021,Volkswagen,1,12870,22067,Sold,28901.69
TVBSVF0MAET73PUE8,Gladiator,Sedan,2023,Jeep,2,65448,17070,Available,19309
W1YYTQY1JG4X7TDT7,Cybertruck,Truck,2019,Tesla,2,61511,13025,Reserved,17325.99
EDKWJGUYTRNV53C58,Supra,Hatchback,2019,Toyota,2,107578,7366,Available,9704.51
ZLW6EBVJ9WMCOPPRY,AMG GT,Truck,2016,Mercedes-Benz,3,91051,5820,Sold,7156.91
I0H7S65J8RSKV92FQ,Bronco,Hatchback,2017,Ford,3,104016,5000,Sold,6239.09
8OCOY81WXNT8646UU,Tahoe,Truck,2021,Chevrolet,1,17012,20416,Reserved,24494.11
LNQUTSBKS765C892X,MX-5 Miata,Minivan,2023,Mazda,1,110239,8836,Sold,9840.57
KH6WF8TTU0TZH6I6P,Cybertruck,Hatchback,2016,Tesla,3,10767,16602,Reserved,19653.44
9DF6BZM60POHYZ60F,Bronco,Hatchback,2023,Ford,3,115328,5581,Reserved,7259.28
S4SJM3TFZWFV5O7SY,Veloster,Truck,2016,Hyundai,1,37742,12514,Sold,13779.89
6YMTXBJ4PJGTPYZBE,Equinox,Truck,2020,Chevrolet,1,36173,20003,Sold,23671.05
QWH9PFOOJ0I3LTMCK,Bronco,Coupe,2022,Ford,2,57445,16391,Reserved,19661.7
GP15BGW3TSI3ST0Z0,Model S,SUV,2018,Tesla,2,76561,9977,Reserved,12315.1
SVX06O72MPQ1S6TG2,NSX,Coupe,2024,Honda,2,9842,29886,Available,39747.3
WAPAI1CSPIMHDYZZR,BRZ,Hatchback,2020,Subaru,3,116658,5175,Available,6140.59
QMNN2H6MYNLTHT00I,Focus,Sedan,2020,Ford,4,86481,12529,Available,14868.64
TN5BA26W30J9JTXT4,AMG GT,Truck,2015,Mercedes-Benz,3,32956,14227,Sold,18272.81
CK4CT27MZJH59MU3T,Stinger,Truck,2017,Kia,4,78768,7246,Sold,8789.79
K3T6X8F18PPFZ8QKQ,3 Series,SUV,2019,BMW,2,66016,13300,Sold,15376.81
YIPL28DTVKA2ELH3N,Corolla,Truck,2024,Toyota,2,35609,25425,Sold,30843.32
0T07Z7CFA3J90TEPD,Santa Fe,SUV,2015,Hyundai,1,94891,6345,Sold,7202.93
3I6LU1K1TSGBUAQ6E,Camaro,Hatchback,2015,Chevrolet,3,14914,14783,Sold,16913.18
7V2X0GJ60PBP3SS7M,AMG GT,Minivan,2019,Mercedes-Benz,4,107789,6036,Sold,7391.64
RGL7D0ZPF86V2C7J1,BRZ,Coupe,2020,Subaru,4,45165,19741,Available,23782.6
T6RP0OP18MZYRGQ6G,Gladiator,Minivan,2018,Jeep,1,54846,17443,Reserved,23176.71
SZ79A75QSZB2I4UB4,Jetta,SUV,2021,Volkswagen,2,9399,19788,Reserved,23559.56
YZWNS8Q1RNV9OM8I6,Camaro,Hatchback,2019,Chevrolet,2,73943,12878,Reserved,16035
CSL20HMQV1HHNGGBW,Golf,Coupe,2020,Volkswagen,4,71913,12557,Reserved,15797.54
PVYE9NK6UGL6KB6KH,AMG GT,Hatchback,2016,Mercedes-Benz,1,106904,5000,Sold,5516.37
BGXHHZZ98HHRLVLXF,GT-R,Hatchback,2024,Nissan,4,31092,22630,Sold,28646.96
GSJDL5JUDUXPJU510,Tiguan,Sedan,2016,Volkswagen,3,13746,17452,Sold,19973.97
8CUH1IN0PS47BHND6,Rogue,Truck,2018,Nissan,4,17280,17774,Available,23821.92
2G8AH011D0F4ASK3V,Gladiator,Sedan,2019,Jeep,3,118821,5079,Sold,5775.66
XDI4N7NGYJ0YHG3PU,NSX,Coupe,2022,Honda,2,34320,18132,Reserved,21824.69
VFBV9KMZH32K9SEEG,Gladiator,Coupe,2019,Jeep,4,12854,26600,Available,29827.58
OF0E41GWMLK9MOM3G,Altima,SUV,2015,Nissan,2,92593,5746,Reserved,7752.61
D7GMXBZ18VEQNBNT3,MX-5 Miata,Coupe,2022,Mazda,3,112008,5380,Reserved,6593.45
GN1M36HMV7NNBTCCR,MX-5 Miata,Hatchback,2023,Mazda,3,96168,12698,Reserved,15857.85
CMPMY7UMB35QKRU0C,Gladiator,Truck,2018,Jeep,1,96176,10416,Reserved,11632.27
RCPBTQISSOLRLSEUF,Explorer,Truck,2015,Ford,1,47331,13795,Sold,17760.93
CL8WDGH03K31MVIIH,R8,Hatchback,2018,Audi,2,31981,21980,Reserved,25331.43
16ISJ1BHHX8R63QDJ,C-Class,SUV,2021,Mercedes-Benz,2,44196,17943,Available,23765.75
4LYYQ4ZXD01KEZXQK,Cybertruck,Truck,2016,Tesla,4,52268,9439,Reserved,10866.98
YM5DOOH17GIWQ0UC1,Camaro,Hatchback,2015,Chevrolet,1,70737,7938,Sold,9110.22
RX6WLU6P2NRVSLM6M,Gladiator,Truck,2015,Jeep,3,99301,5576,Sold,6184.55
DSLR5IBXFBMTOACLR,Cybertruck,Truck,2021,Tesla,4,97427,8532,Reserved,10392.12
YA6OKHJI57YH6HRXF,Stinger,Minivan,2015,Kia,2,74716,9782,Reserved,12141.52
GXBYP8KN5QMTWMZRA,AMG GT,Minivan,2022,Mercedes-Benz,2,37223,15825,Available,17667.46
P7PFB8K5BOPQOTCC6,Corvette,Sedan,2015,Chevrolet,4,52363,13052,Sold,16887.75
10RI4Q8XASW4ID63B,AMG GT,Truck,2021,Mercedes-Benz,3,43086,16499,Reserved,20018.6
G3I2UW42G9G1VGY8L,Golf,Truck,2020,Volkswagen,2,105481,6246,Available,7689.44
5ZHOHW806OZD32VPT,NSX,Hatchback,2019,Honda,3,106095,6846,Reserved,8284.97
5S7IFK3M3KUHXZZ48,Wrangler,SUV,2023,Jeep,4,110032,8319,Sold,9984.39
Z7ZB1P61W40XAZFNL,CX-9,Sedan,2023,Mazda,3,68874,14573,Sold,18069.21
065OZUW4DN31D12SA,Highlander,SUV,2024,Toyota,1,112674,6555,Reserved,7464.9
FZME87JV30294Y0SA,Equinox,SUV,2022,Chevrolet,2,73314,10929,Available,12518.97
2F3DJ0UF1MXYSP8AG,AMG GT,Hatchback,2022,Mercedes-Benz,1,38591,17396,Reserved,22883.51
FFNSO94JHGNA76P77,Bronco,Coupe,2016,Ford,3,106834,5000,Sold,6682.64
BR1REN3V80V30YLCX,Golf,Coupe,2022,Volkswagen,3,100695,8374,Sold,9992.92
6UERDB08XGY3G5FC6,X5,SUV,2016,BMW,1,30667,14159,Available,16533.27
H8HRF9XRSIB1DRMR1,Veloster,Minivan,2019,Hyundai,4,97341,8263,Available,10419.64
MQ0GW2Y8CS6XNAMH9,Titan,Truck,2015,Nissan,4,104140,5560,Sold,6684.14
U1XCGPDCCSID1TPRF,R8,Coupe,2023,Audi,3,80666,15430,Available,17070.93
OFANM2XTVWXSYT2OM,Accord,Truck,2016,Honda,2,12420,15371,Available,17508.16
QWHJTN0YF6S6OPEO9,Cybertruck,Truck,2018,Tesla,3,93295,8850,Available,11319.09
6VF91BJ2GHMYL59JI,Model X,SUV,2022,Tesla,2,15973,24230,Reserved,30644.43
VDCBZB8E8DHZ83ISH,Bronco,Minivan,2015,Ford,3,30670,14687,Available,16255.19
E8Z5WS7ALYQI8K791,Stinger,Hatchback,2021,Kia,4,9950,23386,Available,27022.36
M9JZ8TA9I6IRYZK15,Cybertruck,Coupe,2019,Tesla,4,83513,9439,Reserved,10928.18
4IRB4NQ87CE1F46UN,MX-5 Miata,Coupe,2015,Mazda,3,14898,16818,Available,21324.77
CZBZCZ5JK954RAJP2,5 Series,Sedan,2020,BMW,1,56088,13638,Reserved,15069
6WCSLBGOSVZU1D03C,MX-5 Miata,Minivan,2024,Mazda,3,90555,14092,Available,15867.97
ZTA8VCB38PZYNBYV5,Gladiator,Coupe,2019,Jeep,4,33070,16262,Available,21140.26
EEKS9AXPDI6J67RMT,Tacoma,Sedan,2015,Toyota,4,12049,16162,Available,18499.61
I8NFF7EP1RK3K6UQU,Malibu,Truck,2023,Chevrolet,1,82396,14551,Sold,18380.63
Q9O8TUELU3ZSJ4UAK,GLC,Coupe,2016,Mercedes-Benz,4,22627,12785,Reserved,14824.79
MBJC6Q0JSSD4R3WPD,5 Series,Sedan,2016,BMW,3,46280,9765,Sold,10984.26
I6XRMAPW7B4GT39B5,Z4,Minivan,2020,BMW,2,108263,7256,Reserved,8422.71
MI9USRRZ5K29YWS6X,Ridgeline,Truck,2015,Honda,1,92608,5842,Reserved,7481.07
Q1952LWGTTQ279E66,Stinger,Minivan,2018,Kia,4,98172,7240,Reserved,9512.81
98HQZIEUW6MSD61W2,Gladiator,Hatchback,2016,Jeep,2,103478,6390,Available,8355.28
0Y1UUHBGO3Q9VCDHH,Rogue,SUV,2016,Nissan,2,9949,15210,Reserved,18241.29
2A376WPO3X7MBN163,Forester,Sedan,2021,Subaru,1,109016,5748,Reserved,7282.84
Q1TOGOSZUVI1K0HIV,Golf,Minivan,2018,Volkswagen,2,55522,13411,Available,15439.36
EYO5086ELDZ73OEYP,Malibu,Coupe,2021,Chevrolet,1,75335,12230,Available,14349.3
Z4HEJFYHDDXZXLYEA,Veloster,Truck,2020,Hyundai,1,22857,20739,Sold,27460.18
P5ILWR0BMRGV3BWLW,Sentra,Sedan,2021,Nissan,1,96533,10069,Available,11108.63
XPT2IL3DG6IQC2T8Q,X3,SUV,2020,BMW,1,64132,15224,Reserved,17071.85
H4SMGKHPPFLVE9UB9,Veloster,Hatchback,2018,Hyundai,2,117321,5463,Available,6293.22
26QUF6WA4X6HI97UM,BRZ,Minivan,2015,Subaru,1,78666,9357,Reserved,10354.77
XBB3CAGPKWTUGRZAZ,Stinger,Coupe,2022,Kia,4,51352,17953,Available,20562.63
8VMB8CDYLP81OM784,Model X,SUV,2024,Tesla,4,14731,24164,Sold,30102.55
KIQG35AJW4WK1INDP,Rogue,Truck,2015,Nissan,1,99200,5394,Sold,6501.69
YSJGEBI7GWAZT8CDZ,Bronco,Minivan,2023,Ford,1,109395,7986,Available,10566.82
XBZLAPHC0EF3TAJB0,GLC,SUV,2023,Mercedes-Benz,3,40346,24888,Sold,32462.93
K5SO783M3RXZXPZFO,Civic,Truck,2019,Honda,1,49094,14830,Available,17580.29
UTJWZNOC99HG3F9ED,NSX,Minivan,2020,Honda,3,66750,13300,Reserved,15492.58
MN5EAPYK2FQG1PAON,Supra,Hatchback,2015,Toyota,1,11448,13039,Reserved,15580.6
M6UE8RD4NDFAGMUBY,Pilot,Sedan,2016,Honda,4,28854,11861,Sold,14797.47
4FR4VV9D1HNBA0R5I,Veloster,Truck,2015,Hyundai,4,102443,6006,Sold,7009.1
SE3790G2XAE1VJ81O,MX-5 Miata,Minivan,2023,Mazda,4,88895,10971,Sold,13779.98
VJXTIWKMN4U1F81DZ,Altima,Sedan,2020,Nissan,4,19015,24303,Reserved,29220.78
F4DW356LQV203KO8M,BRZ,Hatchback,2024,Subaru,3,109365,7903,Sold,9784.01
0T66RRLK0RGGR1U36,GT-R,Coupe,2022,Nissan,4,33971,23024,Available,27836.74
QKM94I9JY52TTCE4A,GLC,SUV,2023,Mercedes-Benz,2,18774,21444,Reserved,25167.03
BI8M7LKJIBAFG8PLB,MX-5 Miata,Minivan,2021,Mazda,4,65135,12692,Available,16970.64
AGLK64913EHYTDRGY,Cybertruck,Minivan,2024,Tesla,4,83777,12076,Sold,15588.93
QCRNXCF5SHATVK4A0,Z4,Minivan,2020,BMW,2,116599,5919,Reserved,6718.23
E8JG6O675QFOVXWX4,Cybertruck,Truck,2018,Tesla,4,85571,10121,Reserved,13330.54
1D84PL4L4OSXJSZJ2,Cybertruck,Hatchback,2020,Tesla,4,30114,22132,Sold,27042.16
8319CROZDF81DZVMM,Gladiator,Hatchback,2020,Jeep,4,118941,5290,Available,7002.05
PUWYMEQHMWVOXUNCU,MX-5 Miata,Coupe,2023,Mazda,3,50030,17951,Reserved,23335.65
C0TSN9KXL5ITE1PND,R8,Minivan,2024,Audi,4,62603,20035,Sold,24168.29
OC3VAQMZ6YWY84OAR,Malibu,SUV,2021,Chevrolet,3,118709,5000,Sold,5528.09
HJSJY7P29BP78GFLP,MX-5 Miata,Minivan,2020,Mazda,4,49985,17845,Reserved,20828.14
TX0MXF3H8K08S1232,Camaro,Minivan,2024,Chevrolet,3,42231,17903,Available,22117.52
NHUXDE1S93BAQKC5X,GT-R,Coupe,2016,Nissan,3,30660,13039,Sold,16407.88
W3NS5BA3E2ONDLGE9,MX-5 Miata,Minivan,2016,Mazda,1,8899,18627,Sold,21690.62
0NDESF6RUFFMDG1ZM,BRZ,Coupe,2018,Subaru,1,40090,16149,Sold,18326.52
SDZ6PJD1UBLC6VYAG,AMG GT,Minivan,2019,Mercedes-Benz,2,112586,7092,Sold,9281.53
TYRZWE4KZJ0C07BSV,Titan,Sedan,2018,Nissan,4,20795,24965,Sold,33605.4
6BN3I0MKZRYL2MEHT,Sportage,Sedan,2017,Kia,3,38902,13463,Reserved,16578.64
IAG0HRSKAWCNDBUWK,Titan,Truck,2020,Nissan,4,96153,10656,Available,12178.95
FDHH8FF9X5BT8TUCH,MX-5 Miata,Truck,2015,Mazda,3,30357,16486,Sold,19256.91
BRRW5LL22BQXECFRW,X5,SUV,2024,BMW,4,97183,12309,Sold,13596.49
E3BHC1SKDT0PPVTT7,Stinger,Minivan,2016,Kia,1,58609,8925,Sold,11857.53
5UGCKRK4UKNJGITGV,Ridgeline,SUV,2022,Honda,4,99169,7950,Reserved,8979.03
BASL25AX9E0JHZPI7,Bronco,Hatchback,2024,Ford,2,56688,21206,Sold,26383
K7BD306S4CM46K63H,R8,Truck,2020,Audi,1,29436,16724,Sold,19542.22
V110RYQV5QY62BD0H,BRZ,Coupe,2021,Subaru,4,51034,15362,Reserved,19026.52
E88EW1GLW0HENVT59,Supra,Hatchback,2019,Toyota,4,26178,21579,Reserved,27251.15
7BS850A63PE5RNAPL,BRZ,Hatchback,2015,Subaru,3,74310,10384,Available,13576.41
9M6MW7GBFGJE8IU4R,Atlas,SUV,2019,Volkswagen,4,38874,21473,Available,24728.42
5N6TKGKW5TSGB02RT,Z4,Truck,2023,BMW,4,74298,14289,Available,15757.18
TXGQS1AYGAPJ4UKY2,Malibu,Truck,2021,Chevrolet,1,19584,18318,Sold,20776.67
0AC6NQY8SRD2XQIEC,NSX,Hatchback,2015,Honda,1,20181,14071,Available,18644.14
HJZD0XIKW8S31JRCU,AMG GT,Hatchback,2019,Mercedes-Benz,1,28520,21460,Sold,28294.42
QYN0Y5QYU2LDEVGVB,GT-R,Minivan,2018,Nissan,2,118957,5950,Available,7433.65
ICQJUX816UAFWDQGE,Cybertruck,Minivan,2019,Tesla,4,11506,20414,Available,25520.14
MBP365W3GZEBFYC9N,AMG GT,Truck,2018,Mercedes-Benz,3,40121,16549,Reserved,20955.32
QF4FKCMEBJWEJC5P8,Supra,Minivan,2023,Toyota,2,116191,6475,Reserved,7406.38
ME9V5CMV2LHK18FG1,Accord,Sedan,2020,Honda,1,45941,18777,Sold,24947.18
LBNRR0EON0TFHJ9N7,Supra,Minivan,2016,Toyota,1,78729,8094,Sold,9750.78
9FRFIXJQX0ACNNIIQ,Gladiator,Hatchback,2017,Jeep,2,82818,7218,Reserved,8631.17
YQTV7ZP0LQDQPWVQI,BRZ,Truck,2017,Subaru,4,56708,10441,Sold,12839.6
2BDPYEH1ZSCAL789K,BRZ,Coupe,2024,Subaru,3,76045,17232,Reserved,19157.53
NN0UYXSMD7ACX76V9,Veloster,Hatchback,2023,Hyundai,2,68846,17405,Available,19869.04
Z355ST7CJNFUR2LCL,Stinger,Hatchback,2017,Kia,3,79789,9304,Available,11951.07
U9HQV92I8H18V4S7K,Bronco,Coupe,2015,Ford,1,84013,6494,Available,7277.82
L8WC3GW8JTXE5FSQA,MX-5 Miata,Truck,2024,Mazda,2,68657,16354,Available,20455.39
0YMKVQJ6VRNIF00RG,Golf,Minivan,2017,Volkswagen,2,100254,6222,Sold,7225.84
TE11M7HIC7IK1DH78,GT-R,Hatchback,2024,Nissan,3,104573,8159,Sold,9768.97
FA90C3XF6IHCM5S7L,Model Y,SUV,2017,Tesla,1,8229,13427,Available,15738.77
QCRYN1H8HALEBY56P,R8,Minivan,2017,Audi,4,99431,7032,Reserved,8360.47
FT3KSV6225IZVRRQB,NSX,Hatchback,2022,Honda,2,105519,7705,Reserved,9860.56
F48X9Y9W0VJJT5QX0,Titan,Sedan,2019,Nissan,1,63650,12960,Reserved,15218.67
NRJQ4JPGBBD3GMHIG,Cybertruck,Minivan,2015,Tesla,2,14569,15027,Reserved,18657.54
QB1ASGY3FUROINB4H,CX-9,Sedan,2016,Mazda,4,69845,7894,Reserved,9622.89
DPGDE4FHM6VBSTSWJ,GLE,SUV,2024,Mercedes-Benz,1,82798,14695,Sold,18602.66
0R6356TSI3FJ1U3D4,NSX,Hatchback,2023,Honda,4,25964,25056,Available,33429.9
UB3LNQ02XKP3DH4OM,BRZ,Coupe,2017,Subaru,1,76257,8660,Reserved,11112.02
62H9F9GB3T0H46PV8,Golf,Hatchback,2018,Volkswagen,2,29282,19668,Available,22691.66
47AJBP7964Y458EZI,Stinger,Minivan,2023,Kia,1,81620,13438,Sold,14886.56
UJ01GWIZSJOQPX02B,GT-R,Coupe,2022,Nissan,3,26905,24270,Reserved,28288.29
PJFI532AXRV8QW5JI,NSX,Coupe,2024,Honda,1,20834,21178,Reserved,26446.44
W8FCQJG0AP4EXU8WQ,CX-9,SUV,2020,Mazda,3,40927,17286,Available,19236.84
6M9I7A80BADNDVS6E,Forester,SUV,2020,Subaru,2,61577,17230,Reserved,21091.1
S7RB70P0F8CNV1BQB,Escape,Truck,2018,Ford,3,48068,13787,Reserved,17222.87
3KTR513F1ALFYJR7Y,Golf,Minivan,2023,Volkswagen,4,96976,9325,Available,11036.71
MACMH0B29KNM66TTT,Highlander,Truck,2016,Toyota,2,18591,12770,Available,16508.14
FOCCCUV60PLLC8RXX,BRZ,Truck,2024,Subaru,4,28502,20723,Reserved,23347.56
2RXUIT9Q0327MN1LK,NSX,Minivan,2020,Honda,1,112622,7460,Reserved,8346.13
3NWR577PO69L1PM3O,Gladiator,Coupe,2022,Jeep,1,79745,13662,Reserved,17515.33
3QY6GJ8GLHNTITEW9,Supra,Hatchback,2017,Toyota,3,50818,13280,Available,16253.03
65Q0NIZ9VGMXXHQG9,MX-5 Miata,Hatchback,2018,Mazda,1,48407,14059,Reserved,17884.46
0IR5ZQ6NR4NGPSUC4,Impreza,SUV,2019,Subaru,1,99284,9838,Reserved,11891.26
XQ9XFQ7GC8F9LKBWN,Legacy,SUV,2022,Subaru,4,117549,5453,Sold,6334.21
CDD3VXIA7S2SK97B9,NSX,Hatchback,2019,Honda,3,107006,6221,Sold,8117.01
MAAG4OVMQKI6UW277,Veloster,Truck,2015,Hyundai,1,82779,8721,Reserved,11336.03
7YQ2I02S1PONJ9CAN,Gladiator,Sedan,2018,Jeep,4,23292,23803,Sold,30317.27
V0A6KJQCGFIG6RAJA,Accord,Sedan,2018,Honda,1,101697,7837,Sold,9153.9
MJ67P6UEAO844YP5T,Stinger,Coupe,2022,Kia,1,34277,21953,Reserved,27387.63
QAZBR1IBXFB86DYHO,Z4,Minivan,2020,BMW,4,100050,6891,Reserved,8201.97
Q78QS08RH9X3K01X1,Z4,Truck,2021,BMW,1,30771,17462,Available,19608
HJUTP1IO1XKR68X8E,Passat,Sedan,2021,Volkswagen,3,83868,11349,Available,15086.55
29HSD003S5RFUWEQV,Z4,Truck,2018,BMW,1,100657,8348,Sold,9468.34
8JHGWSK6D37UHOYDL,GT-R,Hatchback,2022,Nissan,2,58051,16788,Available,22454.95
HZRDV5F8DTE5IW4X2,Model S,Sedan,2017,Tesla,4,36910,14539,Reserved,17614.02
3DXC2TE30L3HCGK1L,RAV4,Sedan,2022,Toyota,3,65489,13293,Reserved,15237.54
JZM0L602FXVQH8WAS,GT-R,Minivan,2019,Nissan,3,111705,6539,Reserved,8078.77
S8SNMRPVJHG0WQP3M,Wrangler,SUV,2021,Jeep,3,51961,15673,Sold,20660.72
AO966Y05W749W70AQ,GT-R,Minivan,2019,Nissan,4,43335,14302,Available,18350.27
9Z1MPBEST2PK3P251,Golf,Hatchback,2018,Volkswagen,2,7790,24018,Sold,31262.8
OW5UAY1HQQULXUOCV,Stinger,Hatchback,2022,Kia,2,92515,8502,Reserved,10752.44
P96HZMIZSIXJPOIX7,Gladiator,Minivan,2018,Jeep,1,93918,8950,Available,11393.97
I9LS1ZAV56R8BKD1C,Cybertruck,Coupe,2022,Tesla,4,66532,13454,Sold,17655.67
3P7Z3HBKY1HE4EVXT,BRZ,Coupe,2022,Subaru,1,12263,27348,Reserved,31789.78
HEQK4AO8C8YSUWSZ3,Veloster,Minivan,2017,Hyundai,1,91457,6051,Available,7396.48
5AC1FBQAI8HT6G208,Cybertruck,Hatchback,2015,Tesla,2,82341,6447,Available,7448.23
EZRQGAW7D3G7WB12V,Passat,SUV,2019,Volkswagen,2,22605,24236,Available,32643.88
296GW7MDT0RV4V26N,CX-9,SUV,2021,Mazda,1,74615,14275,Sold,19071.61
PYGHC9BRSVC5EWWWN,MX-5 Miata,Hatchback,2024,Mazda,1,57181,18058,Sold,20041.79
O8B010I9AUZQ67OKT,Supra,Minivan,2022,Toyota,2,60385,15350,Available,19592.64
5VXGSDW7UO5LQ6PKY,MX-5 Miata,Hatchback,2024,Mazda,4,67307,13988,Reserved,18622.39
S3VBCKBM4OCPA1RTU,MX-5 Miata,Hatchback,2016,Mazda,2,99402,6014,Reserved,6886.9
SCTRZK74A8FH5FMF6,Supra,Minivan,2020,Toyota,4,90377,10958,Available,13609.69
K9FQZKXF75E2I9BRS,BRZ,Truck,2024,Subaru,4,112146,6108,Available,8116.75
3S7Z00UK0EBAW0BJP,BRZ,Minivan,2020,Subaru,1,110004,6390,Sold,7083.23
I9ODPT7PTLD0FYYRT,Z4,Hatchback,2016,BMW,2,37284,15231,Sold,19409.7
EX1FMD4I1E67R595O,MX-5 Miata,Coupe,2015,Mazda,3,103107,5000,Reserved,5871.69
MV7W4TC4V9KBWQLDK,Golf,Coupe,2020,Volkswagen,1,76367,10994,Sold,14634.1
8WT0NSNKW0KYZN2OS,GLE,Sedan,2019,Mercedes-Benz,2,91626,10712,Available,14383.69
O4UQ1T4J8E2LG2OKR,CR-V,Sedan,2019,Honda,3,26185,22216,Available,29682.06
RU6E24OUCB0PJO6RQ,5 Series,Sedan,2016,BMW,3,54467,11830,Available,14415.49
KBOLX598GQ1GDLRWV,AMG GT,Hatchback,2023,Mercedes-Benz,3,68198,14948,Reserved,19664.25
2Z4JZ3AZGMIMNW0T2,MX-5 Miata,Coupe,2019,Mazda,4,115920,6281,Sold,8235.25
48XEMA6JZNRFDMOCG,Veloster,Minivan,2021,Hyundai,1,114705,5038,Reserved,5943.71
ZLLTROCX75RVMN5CK,R8,Hatchback,2016,Audi,1,79864,8290,Available,10836.93
TYFPW7C84WJYORDZC,Civic,SUV,2015,Honda,1,40944,10517,Reserved,11666
GPUWH0DVFYMRPVI16,Tacoma,Truck,2020,Toyota,2,38501,17377,Reserved,21705.05
1STP5MAZ75ZE9C4I5,Cherokee,SUV,2024,Jeep,4,53004,17150,Available,19851.16
UI8A3YOKO1XHFZGGP,Silverado,SUV,2022,Chevrolet,3,74160,12332,Sold,13936.91
NN6CXZYLXJDM4U6DV,Golf,Truck,2021,Volkswagen,1,109615,6218,Sold,6959.42
9FIBV54YZLIN3NV8T,Gladiator,Truck,2023,Jeep,4,22493,26323,Reserved,33537.4
SQ6XB0KWD369ZMEDJ,Accord,Truck,2021,Honda,2,103010,7553,Available,8950.07
ERQ56G8RQ29R8U47N,Sonata,Sedan,2019,Hyundai,3,109007,5935,Available,7603.87
CQBY1O39LZQHFJ44N,MX-5 Miata,Hatchback,2022,Mazda,1,79930,11634,Reserved,12987.49
P3TMX0UTKR0YQ84TN,GLC,Coupe,2018,Mercedes-Benz,3,10719,25447,Sold,29997.5
YLTG3PGIQUYQ7WK6K,Corolla,SUV,2021,Toyota,2,5334,23057,Sold,28472.46
23GPPSKWWA5PD5GSO,BRZ,Hatchback,2015,Subaru,3,26197,14430,Reserved,18725.53
498N480Z9FGPWC4FK,Cybertruck,Coupe,2021,Tesla,3,115261,6336,Reserved,7474.5
3TKA7NCJR0ICTD44N,Supra,Coupe,2023,Toyota,4,40327,21953,Reserved,27583.35
6X8MUPBJNTUBZDX38,Highlander,Sedan,2023,Toyota,2,116933,5713,Available,7549.7
L7LI40POMUQ9DBWB4,Cherokee,SUV,2021,Jeep,4,72908,12591,Available,15788.68
T8WP8167IYGLQDKHQ,R8,Truck,2015,Audi,2,83985,7544,Available,8737.76
BEX486KP7GW095KZK,X3,Sedan,2016,BMW,1,8448,19556,Reserved,21630.9
8W92PUYP8BMS99HP5,Escape,Truck,2017,Ford,4,17820,12764,Available,16816.89
FP4HTCGGAU6JWF1ZE,BRZ,Minivan,2022,Subaru,2,18294,23556,Reserved,26036.86
BFLJ5GCE2N1X1C4Q7,Veloster,Coupe,2022,Hyundai,1,60274,12479,Available,16455.75
DPAWAX25KWZFUU526,K5,SUV,2024,Kia,2,40672,19713,Sold,24291.03
MEO5P6QNAT5UV2GR3,Veloster,Coupe,2024,Hyundai,4,31102,27545,Sold,36766.15
H0CZFQDFWELO500XP,Explorer,SUV,2018,Ford,1,28499,21085,Reserved,27404.09
XB9NF8Z2UE4VU04JQ,Bronco,Minivan,2021,Ford,2,47583,13982,Sold,18868.48
PJNNRW6XKWFH7ELE6,X5,SUV,2015,BMW,1,111899,5305,Sold,6300.63
3YKOAUD1YNRA6K321,GT-R,Hatchback,2017,Nissan,2,92078,6240,Available,8060.81
P72R99VREOHTQ5Z5J,Model 3,SUV,2018,Tesla,3,87083,11180,Available,13421.4
UTRIBWMIMTF9IQTKO,Gladiator,Coupe,2017,Jeep,1,17594,12430,Available,15164.21
RW0W5B4NCTADUFBAA,Golf,Minivan,2018,Volkswagen,2,84393,9196,Reserved,11558.24
TVAPRCAHTG4ZHP36C,Cherokee,SUV,2015,Jeep,1,109852,5000,Reserved,6592.1
6UTO7QOM99O1Q1B8A,Gladiator,Coupe,2018,Jeep,2,59748,13292,Sold,17891.31
WV06CK52B6202DDSF,3 Series,SUV,2021,BMW,2,81174,10556,Available,13639.07
Q5T474KJ0BU82XSV7,Tiguan,Sedan,2019,Volkswagen,3,69042,14729,Available,17740.22
9LOO5M33WQQ60FCVN,Gladiator,Truck,2016,Jeep,1,34303,13441,Reserved,16200.96
JREDAFA9NMJKZIBE6,Stinger,Hatchback,2023,Kia,4,82057,15146,Available,19453.46
E8A0ZWT84PJM0K4ET,GT-R,Minivan,2017,Nissan,3,50073,10187,Available,11813.81
8QQZYJMHIOCZQ8ZHA,Model 3,SUV,2020,Tesla,1,106101,7996,Sold,9016.44
61X2KW11QS2RW5JQ6,3 Series,SUV,2016,BMW,1,98213,5866,Available,6972.65
KNRLAG15LG7E4YHRJ,NSX,Coupe,2018,Honda,1,40255,18985,Reserved,22246.81
M2B0PXCU0A6N7V5LF,Golf,Coupe,2023,Volkswagen,1,19480,21613,Available,25375.33
375Z8XXTO33SGIESO,AMG GT,Truck,2016,Mercedes-Benz,1,84874,6842,Available,7925.79
3ICCGFROJXBIAFS5Y,BRZ,Coupe,2023,Subaru,3,18479,26218,Reserved,29115.7
DDU0NV8GJ0JD13FBO,R8,Hatchback,2018,Audi,1,23936,17491,Reserved,19318.26
XTG1PMCLF6E2IR3LJ,Stinger,Minivan,2015,Kia,2,103373,5746,Reserved,7739.46
CNPUTT63YJL2NCINK,Model X,Sedan,2016,Tesla,4,118435,5000,Sold,6034.72
ZGR380H28YONJ3YBD,Model S,SUV,2024,Tesla,2,34271,20990,Available,25105.75
ZWXOO3SE8KAREJRIP,GLC,SUV,2024,Mercedes-Benz,1,36155,20079,Available,25498.56
MIPRDXVNL2CFJVJQG,Golf,Minivan,2017,Volkswagen,1,65551,10436,Reserved,12049.02
DHMMQZN7RS50LDN06,Forester,Sedan,2017,Subaru,4,60499,8783,Available,11747.18
GGJWMPFHUPG18HXF8,Silverado,Coupe,2017,Chevrolet,1,90647,7468,Reserved,9682.91
I5THK48NWEW8EN2IV,X5,Sedan,2018,BMW,2,44812,15407,Available,17292.09
IUQHRIY3452V438HV,Cybertruck,Truck,2017,Tesla,1,67667,9825,Reserved,11833.18
3X0BZZ73W6DTTKUDG,Gladiator,Coupe,2023,Jeep,1,78300,16128,Sold,21285.41
O0KKGC4YNLXNIXCGE,Veloster,Minivan,2021,Hyundai,3,39089,18056,Reserved,24126.12
EC9VQSIX9RVD59Z3H,Camaro,Hatchback,2017,Chevrolet,4,115886,5000,Sold,6084.25
6GIXQQOJPRANCBUCW,Explorer,Truck,2024,Ford,1,89074,13079,Reserved,16392.6
XES2LFGBPKHIO2O98,Escape,Truck,2015,Ford,2,35766,13824,Reserved,15783.67
P42ZANOUPZ2B49NQ0,Bronco,Hatchback,2015,Ford,1,79438,6844,Reserved,9224.29
T7PY6RRWDNYDO1R2Z,Supra,Hatchback,2020,Toyota,4,87090,9144,Sold,10588
WAEGY60CG3F7LTHK8,AMG GT,Minivan,2023,Mercedes-Benz,4,105723,8866,Sold,11842.16
45XSKL3292CORKK51,Gladiator,Sedan,2020,Jeep,3,52605,19046,Sold,24043.89
MJL6277MMBQX5KENP,MX-5 Miata,Coupe,2017,Mazda,1,21845,15552,Reserved,19470.08
KURKJKLW88JAZM087,Malibu,Sedan,2017,Chevrolet,1,45589,10294,Available,12642.8
F3ZJO3HTWTJNVL1PC,Cybertruck,Truck,2024,Tesla,3,102593,10577,Sold,12244.65
7PE4JTEPLBLJQ1J9G,X5,SUV,2018,BMW,4,99100,9444,Available,10805.18
HIY62EMZ4ET91OII9,GLE,SUV,2019,Mercedes-Benz,3,109779,5926,Reserved,6845.25
J8P5O408IHNO46TBJ,BRZ,Minivan,2018,Subaru,4,111691,7323,Available,8396.62
9C3AWLEFXCJ9BOT42,Santa Fe,Sedan,2022,Hyundai,2,118308,5127,Reserved,6638.93
D3IAYNJCF3HQHNK93,Explorer,Sedan,2019,Ford,4,100750,8354,Sold,9920.64
4MNE8TNVD5RQWUYGX,Gladiator,Truck,2015,Jeep,4,97369,5893,Available,6567.52
RROS032E83G9GM0E7,Titan,Truck,2022,Nissan,3,37409,20497,Reserved,27512.62
YLT62DB4DINMC4M4I,C-Class,Coupe,2023,Mercedes-Benz,4,41948,18518,Sold,24461.29
2IO9EP991ETD3SREK,Mustang,SUV,2019,Ford,3,78071,11214,Available,14936.35
1UQEDL1OFMFPCCS92,R8,Minivan,2015,Audi,1,95692,6791,Available,9159.2
2HRCUKVVE9PED62A5,K5,Sedan,2018,Kia,3,51730,17784,Reserved,20335.54
T0TG90EEUBZXUP8SX,BRZ,Truck,2016,Subaru,2,90291,7447,Reserved,8929.4
4EZCHBTIQ172KTBUW,Supra,Minivan,2015,Toyota,2,116947,5000,Sold,6447.8
ENBF32SH1S8RY0443,BRZ,Hatchback,2015,Subaru,4,16184,14925,Available,19014.53
BYY4W6BA9RP6KJ3DF,Gladiator,Coupe,2023,Jeep,1,94259,12813,Available,14587.27
2BCLUWPZ75JBAYIVI,GT-R,Minivan,2018,Nissan,4,97149,9503,Sold,12391.52
FUAI98T1EGETXST60,Altima,Sedan,2020,Nissan,3,27740,21606,Reserved,24978.92
ZE9TS0TEZYE5OR3FQ,Explorer,SUV,2016,Ford,3,23057,17062,Sold,19722.89
VFLM2J8DPVW10UWBO,Gladiator,Minivan,2023,Jeep,4,49455,22296,Reserved,27518.7
DI0GMT39F8WXE26QZ,AMG GT,Minivan,2017,Mercedes-Benz,3,64775,9299,Reserved,11607.34
5GG5DA6THXZVQY9MM,MX-5 Miata,Minivan,2024,Mazda,2,66002,18921,Available,23557.05
ATIOO7V0GXYIEXHLI,Z4,Minivan,2024,BMW,4,53205,20840,Available,23400.65
LZ27INA3EEI1SR4AU,5 Series,Coupe,2018,BMW,2,80469,13210,Sold,17428.81
LC9EZ0WP7SB9W4AK1,Accord,SUV,2021,Honda,4,65741,11314,Available,13196.65
EC55S7J1SOLKOIJ7P,Stinger,Coupe,2015,Kia,1,113634,5000,Available,5661.89
JRNGWENNMU0QF2VTO,MX-5 Miata,Coupe,2021,Mazda,2,46380,14719,Available,19461.27
78JGEUZGW5TNYWD1N,Cybertruck,Minivan,2021,Tesla,1,110290,5821,Reserved,7793.81
V1F41T1SLD7S5VLAU,Supra,Minivan,2022,Toyota,4,56704,13043,Reserved,17158.48
XKVOPTFX9MCA7A3CD,Bronco,Minivan,2017,Ford,4,102423,6061,Available,7893.72
PAB4AG6MRS6ZJ534R,Gladiator,Hatchback,2019,Jeep,2,30451,17546,Reserved,22174.82
JP7J7JB29VM0DW8EP,Golf,Hatchback,2021,Volkswagen,1,99084,9377,Reserved,11606.05
J5TX81MP15R8K5SFW,Q5,Sedan,2017,Audi,1,85584,7567,Available,8488.26
5SGL9UK3P99RQ39LV,E-Class,Sedan,2020,Mercedes-Benz,4,73213,12146,Available,14600.87
RYVZ2TI7HLHSB09DV,Mazda3,SUV,2023,Mazda,3,76302,16962,Sold,20238.59
ECBI327XDU1N5AL32,AMG GT,Truck,2022,Mercedes-Benz,2,73557,14783,Sold,17221.29
YS735AF52WWWZTXTV,MX-5 Miata,Coupe,2015,Mazda,4,26227,13364,Available,17117.35
PICMEF97OFIS689UU,Gladiator,Minivan,2020,Jeep,1,30380,23212,Sold,28410.77
VE6LBJSZFJURT1KPP,Malibu,Truck,2018,Chevrolet,4,118020,5000,Available,5601.31
YUIENC5URW7TA9L26,Camaro,Minivan,2022,Chevrolet,4,23225,18425,Sold,21281.72
F20292CGBI3LNGAZK,Gladiator,Coupe,2020,Jeep,2,64357,12288,Reserved,15615.77
KPTA8H4NSGVQGU52Q,Tiguan,SUV,2015,Volkswagen,1,115572,5000,Available,5595.16
GY3LGDJZMVXACT53J,Tahoe,Sedan,2015,Chevrolet,2,109502,5000,Available,6564.01
XC8RLC3FRB3MTOBQH,Tahoe,SUV,2022,Chevrolet,3,23079,18347,Reserved,22452.81
DBJHWM1R3IOT3BGUB,Silverado,Sedan,2016,Chevrolet,2,111172,5000,Available,6100.73
9VIVILYYQTX0LIBUD,Veloster,Minivan,2015,Hyundai,4,95973,6960,Reserved,8686.79
DQ9NFFKYW0XTRWSBM,MX-5 Miata,Hatchback,2023,Mazda,1,90239,10857,Reserved,14181.09
QC9PCLE8VF65I3X65,Cherokee,SUV,2022,Jeep,4,87457,10640,Sold,12629.17
A27ZHW7LB2002YWHF,C-Class,Sedan,2018,Mercedes-Benz,3,5542,22910,Sold,29084.34
DC5OVL6BRZ4283I5T,Gladiator,Sedan,2016,Jeep,4,63074,9923,Reserved,12318.74
J86OJ7BGYTXOFSQXZ,Jetta,Sedan,2017,Volkswagen,3,8210,16045,Reserved,18720.62
OYLCUYI20F6H7FW98,Gladiator,Coupe,2019,Jeep,1,91008,8229,Sold,10859.46
NS68S7KFBGKTD5065,Titan,Truck,2016,Nissan,2,91353,6306,Reserved,8193.74
CYDHGKN7F429YGBR9,Gladiator,Coupe,2018,Jeep,1,39604,18854,Reserved,23843.01
2OCOOSA8MJC6WTEXW,BRZ,Truck,2024,Subaru,3,44709,18670,Sold,24507.09
9ZB2DY6K0ZIH3N3YY,Tucson,Sedan,2023,Hyundai,4,25659,26648,Reserved,35090.71
N1KC8TLHKU79NLEMR,Equinox,Coupe,2018,Chevrolet,1,60793,15289,Reserved,19525.44
K61V7996VU13472S2,Cybertruck,Coupe,2019,Tesla,4,89551,11864,Sold,15532.98
INF3UL5EFNYXYD77W,Camaro,Hatchback,2020,Chevrolet,4,93267,9396,Available,11973.96
U9VGHOIV8YUMYYP9F,Bronco,Coupe,2018,Ford,2,5691,20724,Reserved,26320.21
YCD5QETZWMY1TOZHW,5 Series,Sedan,2019,BMW,1,77104,9825,Sold,12326.96
P34GV4DX7BJF9RVPF,Stinger,Coupe,2019,Kia,3,67275,15858,Available,20427.95
IDBTHFSTGZU5EMYN6,Cybertruck,Minivan,2022,Tesla,2,79410,11592,Reserved,13210.84
CAEKOK1YXMN0040TC,Tahoe,Truck,2024,Chevrolet,4,80867,12353,Sold,16308.65
409FX22M5U30OLI44,Cybertruck,Truck,2024,Tesla,4,11256,25343,Available,33401.08
TW1T10IKWX9R93WMP,GLE,Sedan,2021,Mercedes-Benz,2,34488,16957,Available,18776.69
S8QLWR5T7R3ROIAQ0,Altima,Sedan,2017,Nissan,2,76211,9579,Available,12514.52
R4FTZ9ZYSQSHI7K8R,Z4,Truck,2024,BMW,1,28125,24007,Available,27181.14
BPGLVBN21Q49Y7QDC,GT-R,Minivan,2022,Nissan,3,16944,20050,Available,23734.78
U4C82GQBN2FSC7WS1,Stinger,Hatchback,2020,Kia,1,103659,6969,Reserved,8961.28
UWJ2BCRUX1GALDGG2,R8,Coupe,2018,Audi,4,68240,15838,Reserved,18058.33
JUPYUTRIK60XF63GS,Model 3,Sedan,2020,Tesla,3,66719,16585,Reserved,21635
XMBF70B8XJ8T2RHZE,Z4,Truck,2017,BMW,2,73214,9769,Sold,12778.18
JTEE9B3U1B90IPV9G,CR-V,Sedan,2020,Honda,1,25731,19159,Sold,23505.54
QAIBDLAOJV8KRJC7X,R8,Coupe,2019,Audi,3,109276,5432,Reserved,5983.87
SQ5VJLOH6ZUX7C89K,3 Series,Sedan,2018,BMW,3,47194,18788,Sold,22015.02
C0ZZV670W301OAWO7,Gladiator,Hatchback,2016,Jeep,4,113166,5000,Sold,6271.16
UP8ZOJUIYVM8S2PUS,Veloster,Truck,2020,Hyundai,1,90183,9462,Available,12729.2
4PZ69P4PUIIBYI9WY,Supra,Hatchback,2018,Toyota,4,59189,17293,Reserved,21753.79
70HTVVQNXJNTKRXYJ,Legacy,SUV,2023,Subaru,3,32707,21983,Available,25609.12
PKSPINB01R31QXCAB,Cybertruck,Hatchback,2020,Tesla,1,62233,17002,Sold,21397.04
QHFK4U400E3RLAW9R,Jetta,SUV,2023,Volkswagen,3,85161,13292,Reserved,16415.57
2961HG4QK85KYLMV2,Gladiator,Sedan,2024,Jeep,4,78202,16370,Reserved,21198.52
MV9YXROMDOX33WSF3,BRZ,Hatchback,2022,Subaru,3,11489,24589,Available,27705.54
LNKK6HL0SQQX3TV64,Tacoma,Sedan,2023,Toyota,1,103903,10287,Available,13272.87
8O1788U0UJH5EYXN8,Jetta,Sedan,2020,Volkswagen,1,17354,21280,Reserved,26287.54
5WKCAA38HBCOO1NUW,Gladiator,Truck,2019,Jeep,2,72747,14775,Available,19809.55
8YA0MKRZO9MVZP3YE,Q5,SUV,2017,Audi,4,101539,5073,Sold,6013.88
U3TNP00RS2JC741KZ,Gladiator,Hatchback,2021,Jeep,1,26135,17497,Available,22013.95
X0CJWK0DSAHDD17B7,Explorer,SUV,2015,Ford,3,90086,6285,Reserved,8377.95
DROGUXINCHKW96DUP,R8,Truck,2017,Audi,3,14073,16329,Available,18380.37
S1OKISZ0AG8L26K46,BRZ,Coupe,2021,Subaru,1,113143,6499,Available,8671.66
8NWPO0N8Y2YK0YJNB,MX-5 Miata,Coupe,2017,Mazda,1,86005,8681,Sold,11041.98
56578I5X875FM6GC5,Veloster,Coupe,2021,Hyundai,3,6115,23960,Sold,26762.34
Y0EHJOR9EMAUZ2UE5,Gladiator,Coupe,2021,Jeep,3,13270,24319,Available,28580.68
V3H52SLDDMIGXRRC4,Veloster,Minivan,2019,Hyundai,1,87201,8679,Reserved,11083.46
JS1EWV7HMLUFI7UVI,5 Series,SUV,2018,BMW,2,54269,18148,Available,20268.37
YIRPXKTW1P2UDU546,Malibu,Truck,2020,Chevrolet,3,6666,19553,Sold,24354.09
V7P8SKJWO23PDXPMJ,R8,Coupe,2024,Audi,2,111333,8221,Sold,9753.98
K2631CQKJ2G2BT8WW,Corolla,Truck,2019,Toyota,1,8592,21625,Available,27144.32
I7PAZLR3I8FN375EJ,Gladiator,Truck,2022,Jeep,4,63423,14707,Available,16345.88
BN93WRIJ7WZ10ZC7H,BRZ,Truck,2015,Subaru,3,78922,7824,Sold,10311.13
IH2YGVRFPLUCQWP9W,Cybertruck,Coupe,2021,Tesla,1,84142,11638,Available,15634.17
Y19IMG1QM4SWG0L7P,Highlander,Truck,2018,Toyota,1,45449,20588,Reserved,27633.61
U00TOJSOWAPQ9ZT2N,F-150,Sedan,2021,Ford,1,8393,27243,Available,35072.99
R8HACW841A3BLKQ29,Supra,Coupe,2018,Toyota,4,19977,22916,Reserved,25952.86
ZEXDQNFWT5KR1B336,AMG GT,Hatchback,2018,Mercedes-Benz,3,74694,11530,Available,14868.69
M4VWI3PW707HL4LNA,Golf,Truck,2019,Volkswagen,4,79359,11136,Reserved,12318.05
KG65KMOGI61TSUKC9,Supra,Coupe,2024,Toyota,4,47637,20460,Reserved,22619.16
930KRITH7PAQGLHV2,Veloster,Hatchback,2021,Hyundai,1,101028,7228,Reserved,8535.56
ID5TBF1TQIV7Z9P2U,E-Class,Coupe,2018,Mercedes-Benz,4,97241,9523,Available,11638.64
JPIF4A4QC2U39A2F2,GT-R,Hatchback,2023,Nissan,4,109357,7456,Available,9637.64
72G703LSMLNUYJ1ZG,Golf,Truck,2015,Volkswagen,1,5264,14967,Sold,19020.42
HDZB5V9M5RK1LZTCE,K5,SUV,2023,Kia,4,21438,25149,Available,30467.4
DSAWLQR41IQPFVX7J,X5,SUV,2017,BMW,2,12940,14596,Available,17054.06
591VELOBY2NS0UCI4,K5,Sedan,2023,Kia,3,119094,7237,Reserved,9764.75
T8ND5SZAM59JJ5W5J,Bronco,Hatchback,2024,Ford,2,105515,7755,Available,9356.76
36BSUGG0MX6L2KNGE,NSX,Hatchback,2021,Honda,3,59007,14333,Available,17383.73
I7JDQ1P3HS598DQPL,Mazda6,Sedan,2016,Mazda,2,72388,9446,Reserved,10777
67IFU0E5FBD2QTTTJ,Gladiator,Truck,2015,Jeep,1,60061,9456,Reserved,12280.53
FAS6MQCSUIH542B89,Stinger,Minivan,2015,Kia,3,42840,10289,Available,13102.22
DB9DH0CJR1CV147BH,Atlas,SUV,2019,Volkswagen,2,64006,16468,Reserved,19023.71
8WQG3OS2N65SFN064,Cybertruck,Hatchback,2018,Tesla,3,66741,15942,Reserved,17864.53
R3I5W3UIOD31UV7JX,NSX,Hatchback,2017,Honda,2,25262,16487,Reserved,20940.55
40KWWA0RQK7HLCMSX,AMG GT,Hatchback,2023,Mercedes-Benz,2,85750,11781,Sold,14886.8
6ZG2CSYGPKAEOM51I,Stinger,Truck,2016,Kia,4,12744,17061,Sold,19932.62
7ZOYIT4NO3MS5NX4U,Golf,Truck,2017,Volkswagen,4,76187,8401,Sold,11238.15
IFA2E94M2VWKZ92XX,Camaro,Hatchback,2021,Chevrolet,3,53998,19101,Sold,21732.44
2944X3GNMAVMLBRB2,Camaro,Minivan,2023,Chevrolet,2,60052,18296,Reserved,22103.1
BOGQ4F1DD394B5G90,Focus,Sedan,2017,Ford,1,104596,5843,Reserved,7805.69
URCXGEWDCLJTP5MLD,Accord,Truck,2016,Honda,3,94390,5313,Reserved,6401.8
NLXM0UC5IWAMMABUW,Jetta,SUV,2023,Volkswagen,4,13288,25568,Reserved,32206.26
3V3NU44VIRE7JYRWU,AMG GT,Minivan,2015,Mercedes-Benz,2,43064,11635,Sold,13955
6DX5SUTQFKOGB1QJ2,Altima,SUV,2016,Nissan,1,9162,16243,Available,18980.82
TOLOIMCW32Y9SM7KE,BRZ,Minivan,2017,Subaru,1,84918,8612,Available,11591.7
K8HLK5DQZ20BH76PV,Sportage,SUV,2018,Kia,4,44765,20398,Reserved,24525.2
WSP5EFIPLHMKVD7JL,Cybertruck,Minivan,2020,Tesla,4,89035,11121,Sold,14718.92
2AYBZOKQJOC5ZIK5O,BRZ,Hatchback,2021,Subaru,4,6137,24614,Sold,28490.43
QGN90PO2Z8NV7L38R,Stinger,Truck,2016,Kia,2,48893,13375,Reserved,15425.07
WNIE1Y4TZFI29ZK7P,BRZ,Truck,2024,Subaru,4,10974,26943,Reserved,29847.01
FS4KLMCF594VA2A0K,Bronco,Minivan,2017,Ford,4,111533,5000,Available,6314.58
RJ7RFYD8RLMWNNNH4,C-Class,SUV,2015,Mercedes-Benz,2,110459,5000,Reserved,5960.66
ZTNFDYPAKL6OWM8PN,MX-5 Miata,Minivan,2019,Mazda,3,100954,9413,Sold,12388.35
TPKDZ67WHV16KLWCP,Tahoe,Truck,2020,Chevrolet,3,78905,11286,Sold,13749.76
RLFHBHY9C2WKAOK2N,Grand Cherokee,SUV,2017,Jeep,4,7504,19209,Sold,25779.41
0U8DLLK18ZP9BRYAS,GT-R,Hatchback,2016,Nissan,4,58902,11097,Reserved,12721.39
04CTMX45VFE2N5TKI,BRZ,Hatchback,2023,Subaru,2,68926,16324,Reserved,21501.25
Z7A8C1SO3HZKE4Y23,Supra,Coupe,2019,Toyota,1,107368,8515,Available,11019.68
O8KRBOQDBENGSYNJK,C-Class,Sedan,2016,Mercedes-Benz,4,97309,5227,Reserved,6757.1
SQ40AJNMNA7DHVQSP,Stinger,Minivan,2018,Kia,1,119851,5463,Sold,7163.06
3W80GJJ5H01RSYPDI,R8,Minivan,2021,Audi,4,11672,26212,Sold,33820.19
RBL31GAL7BQ076F5Y,A6,SUV,2017,Audi,2,77916,7652,Sold,9615.16
SFDU8QOPXOI77AELB,Gladiator,Sedan,2020,Jeep,2,29157,17819,Sold,20185.56
4VQSP3P9VA188HAR6,Focus,SUV,2021,Ford,4,63168,15152,Reserved,16790.41
PR9LSEQCTKIXS7URZ,Cybertruck,Hatchback,2024,Tesla,2,50694,16597,Available,22077.53
KDFHYVI40WB1PWW7L,GT-R,Coupe,2024,Nissan,3,45104,24842,Reserved,31155.91
KEGR0BO7CV91SIWWV,Telluride,Sedan,2019,Kia,3,91979,10258,Sold,13326.52
B6FSUXHSG7T07VMXV,Gladiator,Truck,2024,Jeep,2,25342,24616,Sold,30040.89
0UGLP2VT4B24A5O34,Focus,Sedan,2017,Ford,2,115733,5000,Available,5646.64
5VBSYJXXS01YZBI54,GT-R,Hatchback,2023,Nissan,2,72007,15698,Sold,17759.09
RK98L39YEUO7WLW6M,Elantra,Sedan,2021,Hyundai,2,5891,21593,Available,27453.15
RDGXG2H9CY90ZBZ9E,Veloster,Truck,2017,Hyundai,2,79313,8961,Available,10821.09
IQW37UD20DRQLYCP1,Escape,SUV,2021,Ford,3,84986,9320,Reserved,10719.22
EDLGIL5EH2NVFLTOE,E-Class,Sedan,2021,Mercedes-Benz,2,59437,15593,Sold,19068.66
6RENT2A8NTGAA04QZ,Stinger,Coupe,2019,Kia,4,28861,17649,Sold,19697.21
1GSOBX553385WBZLA,Stinger,Coupe,2019,Kia,2,40005,16922,Sold,21076.23
IMTF4PX5SLOI8L7XR,Model 3,SUV,2015,Tesla,2,93415,6885,Available,8036.5
U8LT39KGZSVUPY04L,Gladiator,Sedan,2023,Jeep,2,62876,20622,Available,26796.02
RDD3E376VERO1JL7W,Cybertruck,Minivan,2024,Tesla,2,19771,28241,Available,33256.33
CNHIR22CQ5UPUYNEB,MX-5 Miata,Truck,2022,Mazda,2,70003,15907,Available,19308
2DVO7YXPSUNM4N99Q,Camaro,Hatchback,2015,Chevrolet,3,90642,7448,Available,8214.44
SMY4M73799LV1YQES,Cybertruck,Hatchback,2020,Tesla,3,81673,11670,Available,13048.36
W4ZRL5NFTLU0M23Z3,Tahoe,Coupe,2019,Chevrolet,3,64465,12804,Reserved,15340.77
8XQF65SSYTNOO4XDH,Equinox,SUV,2020,Chevrolet,1,72201,14751,Available,17995.99
TQTHLQLGG46OY3YTY,AMG GT,Hatchback,2018,Mercedes-Benz,1,118674,5692,Reserved,7115.03
8I4BDSJGA7LZ8SGH1,X3,SUV,2023,BMW,2,10614,32114,Available,37667.01
D1UR4WB4E1WL4OS7M,NSX,Hatchback,2019,Honda,3,6323,24642,Available,31387.64
5DPT1S83IT3O0RGMN,Tiguan,Sedan,2023,Volkswagen,3,42200,21809,Available,28679.5
XQZHSYR49HPEOMJYB,Veloster,Truck,2017,Hyundai,4,91616,8004,Available,10364.88
VVI0N5ZUNBLFPA11X,Z4,Minivan,2023,BMW,4,94979,12843,Sold,14254.51
VZY37J4PK7UO1CORK,Z4,Hatchback,2017,BMW,2,89916,5680,Reserved,6930.32
7L0EMTDB2D3XNEBN3,Tucson,Sedan,2016,Hyundai,3,50254,10599,Available,11936.94
9ADQXTN4AB9OV1IMW,Bronco,Hatchback,2022,Ford,1,57568,13332,Available,15471.94
DR50B72Q23EV6JFOX,Cybertruck,Hatchback,2022,Tesla,3,89929,9184,Available,12367.78
DMEGLPZ8PH8X912MM,A6,SUV,2024,Audi,4,55139,17730,Sold,20134.61
DQRGV8656LJRRBR46,Z4,Minivan,2020,BMW,2,107658,6321,Sold,7741.47
MKRU7LVJ5A9ZW35FP,R8,Coupe,2020,Audi,4,118408,5629,Available,7061.8
JSKHP6HBB218VNLF5,Highlander,Sedan,2022,Toyota,1,27924,19497,Available,24870.69
EIXK60EXGPD5O95H1,Gladiator,Truck,2024,Jeep,4,43135,24770,Sold,30712.62
4SMRMWWAMER55NOJX,Cybertruck,Truck,2023,Tesla,2,116304,6965,Sold,7678.51
OH3DAHB2LEK33O50J,GT-R,Hatchback,2018,Nissan,3,42548,14611,Sold,17264.58
N6J85A8Z7IO1EOBRM,NSX,Hatchback,2015,Honda,3,37436,12956,Sold,15928.47
4FJREBSOLNTOBKOHW,K5,SUV,2017,Kia,4,63766,10691,Sold,11994.95
0D5QYC09AMGPPCJ1O,Veloster,Truck,2020,Hyundai,3,23645,22787,Sold,27063.13
AZSJ3FE6H0YO2AWJR,Outback,SUV,2023,Subaru,4,56745,15224,Reserved,16872.77
QB0K495DI51UE38PN,Forte,Sedan,2018,Kia,1,68968,12541,Available,14041.46
G6DL80JFUSLC40VLL,5 Series,Sedan,2020,BMW,4,24729,23810,Sold,28553.69
ZZFC2NEDGLD0R1VYK,Supra,Minivan,2016,Toyota,4,40793,12405,Sold,14057.08
XZ600VEOTAB5I45LI,Z4,Minivan,2022,BMW,1,75569,12427,Sold,15432.91
X3ZU5BP3BD3JUFDUI,F-150,SUV,2019,Ford,4,64019,14053,Available,17880.56
JTLRXWW11M34Z9Y19,Stinger,Hatchback,2015,Kia,4,41084,11829,Available,15379.44
QB59AVW7XIWYGFCVV,Golf,Hatchback,2015,Volkswagen,4,87802,7113,Available,8180.22
DNQ9LNY24CDMBTB88,R8,Coupe,2021,Audi,4,30645,17315,Reserved,19771.49
442VIPSU42QGFBVO9,Cybertruck,Hatchback,2020,Tesla,1,5082,20642,Sold,23245.82
E1I6CCTGN69YF78YY,Mazda6,Sedan,2018,Mazda,2,24330,16944,Available,21334.32
9PF4ITATYHMXSIL5S,R8,Hatchback,2022,Audi,1,19102,23723,Available,30285.23
5J04IZ32RKRUSJM3N,BRZ,Hatchback,2021,Subaru,2,101709,8093,Available,8966.21
4PXF7Q5M4H1865P5T,NSX,Coupe,2016,Honda,4,68662,9460,Available,12620.14
XJ0T2I97ULXGTRQSK,Gladiator,Hatchback,2022,Jeep,4,39243,15628,Available,17393.85
RHCG71UD6A4SZIUZ8,Model 3,Sedan,2018,Tesla,1,111835,5874,Available,7256.29
5USBM4MPKWB4SK10H,R8,Hatchback,2016,Audi,1,59662,9185,Sold,11731.68
XFHTZ0NVPM5WA82IO,NSX,Coupe,2024,Honda,4,77957,13527,Available,17825.1
7CV0CMW8CA36NQOE9,AMG GT,Minivan,2023,Mercedes-Benz,1,116833,7028,Sold,8985.45
RBF1ILVWQY4RNFU4V,5 Series,SUV,2015,BMW,1,100953,5512,Reserved,7167.98
O8EWRTWXTPKLAARAQ,Bronco,Hatchback,2019,Ford,3,100058,9419,Available,11160.22
I2J33JY8GA0PBWPTW,NSX,Coupe,2021,Honda,3,62023,14641,Reserved,19087.56
RXF71L4N8LW1I1XZA,CX-9,Sedan,2021,Mazda,1,7938,26580,Reserved,29770.36
N8PHB4SAEBHQ7DK5Q,Golf,Hatchback,2015,Volkswagen,1,31026,14899,Reserved,19721.87
ZNKUJO13ZCIYDJX8Y,Mazda3,Sedan,2018,Mazda,2,114599,5000,Sold,6184.49
46R365G2WTOG8OEKP,Model 3,SUV,2020,Tesla,3,40682,20937,Available,27308.64
06E4RZFGL06CD7XJZ,Ridgeline,Truck,2023,Honda,2,102806,8066,Reserved,9784.7
T89UVNEHWMMS0RYGY,Mazda3,SUV,2019,Mazda,2,42369,16836,Available,21228.42
RNQA880662ATYSK7Z,Golf,Truck,2016,Volkswagen,1,112536,5000,Sold,6158
W0J9PSDODLSNYJ31L,Sonata,Sedan,2024,Hyundai,2,60208,16361,Sold,20989.48
H7MPZCO0UDVABL5Q3,Golf,Coupe,2018,Volkswagen,1,99934,9668,Reserved,10832.1
4CICA5OZWDL65SQ86,Outback,Sedan,2020,Subaru,2,71901,14940,Available,16659.42
EMT33YTYFBK6XKJ8H,MX-5 Miata,Minivan,2017,Mazda,1,72848,8406,Available,9765.89
Y4GJ0TSRVYHHJU8XP,Telluride,SUV,2020,Kia,1,10886,21925,Sold,24992
K8B3470TZ4WJ0W310,3 Series,Coupe,2016,BMW,4,100149,5000,Reserved,6589.73
V06KVH3AH0WZREF75,R8,Minivan,2017,Audi,3,67464,11248,Sold,12989.23
8B0122Y2FH248Y1GA,Supra,Coupe,2021,Toyota,2,62749,16007,Reserved,21512.87
KTYKZ2QZTX34FLTM6,GT-R,Hatchback,2021,Nissan,4,109625,7861,Reserved,9309.18
4BB8SZESDN0KSOS9T,NSX,Minivan,2024,Honda,3,50587,21304,Available,24404.36
U9SE1JZBVM6ILCUES,CX-9,Sedan,2016,Mazda,4,31614,15239,Sold,19771.45
CD4VANWMH2EZTGC2M,BRZ,Truck,2022,Subaru,4,118034,5011,Reserved,6337.3
LJ6U6KUHZJ11ZG65R,NSX,Coupe,2018,Honda,2,97843,8150,Sold,9980.07
5Z27IWE9TLLVTHVCZ,Tucson,SUV,2020,Hyundai,2,55731,18382,Available,22772.37
4H7IK5RTUSELTSC77,Tiguan,SUV,2020,Volkswagen,2,39786,16782,Available,21477.61
63R4RTQY587UP7W0J,BRZ,Minivan,2016,Subaru,1,79140,7519,Available,8700.34
BUJQCKHPWH18YK755,A6,SUV,2024,Audi,1,62748,20056,Sold,27057.22
2NO86ERREUPNDN4QD,Gladiator,Sedan,2023,Jeep,2,41781,21613,Sold,29041.35
ZEZLPM6MFCHNJEGWU,E-Class,SUV,2020,Mercedes-Benz,3,105532,6005,Available,7581.8
X11LPXYSXXHZXZT5S,A4,Sedan,2018,Audi,4,56663,13893,Available,15975.36
M56QI2X06NR7POW6F,Z4,Truck,2021,BMW,2,21137,20942,Sold,26597.53
NDNOOP1DDO0QZEWEB,Golf,Truck,2024,Volkswagen,2,24427,23286,Reserved,26034.9
HEKSES1YAK5M65F2M,BRZ,Hatchback,2024,Subaru,1,9978,32811,Available,36343.53
W6X4SFTIA98AY5DYK,Silverado,Truck,2015,Chevrolet,1,8244,19645,Sold,22875.05
ESTJBQO7LSK4LUDHL,Civic,Sedan,2018,Honda,3,87335,12155,Available,14776.3
SW6E0I99XB0MS9Y8T,NSX,Hatchback,2020,Honda,1,96144,7801,Sold,10274.45
P1HR0HX2MUQQVFNN5,Bronco,Minivan,2015,Ford,4,44443,10794,Sold,13835.67
NZIHOJXQB6X5VADYM,Supra,Coupe,2015,Toyota,4,35960,11690,Available,15029.56
OQBOD7T6U4AXI1OCY,5 Series,Coupe,2017,BMW,2,89194,8388,Reserved,10119.06
ZR1BXK4W5SIH1WUNL,Outback,Sedan,2023,Subaru,3,39364,24884,Sold,29524.46
BEHZ6YHT6LBVL9E9W,Camaro,Hatchback,2015,Chevrolet,3,71923,8975,Sold,10705.02
YSBJP1IN7L6E0HRIR,Golf,Hatchback,2024,Volkswagen,2,95313,10173,Sold,13702.14
WUP1JSMT0JXN3041B,NSX,Hatchback,2021,Honda,4,110103,7504,Sold,8329.64
ILEXA4UQ442QPPAPX,Civic,Sedan,2021,Honda,1,109712,6181,Available,8138.88
5P4Q9SZTSWOMQJU4N,Silverado,SUV,2020,Chevrolet,4,50470,13461,Available,16754.49
AUURDLS03BAOE5C1G,Bronco,Hatchback,2022,Ford,3,106416,8533,Sold,10321.98
0WSWE1IQKO4VB21KD,Golf,Coupe,2020,Volkswagen,1,10410,18676,Reserved,23929.83
BN8VLE86QKMD1RQYM,GLC,Coupe,2018,Mercedes-Benz,1,61807,13525,Available,16523.05
Y5PRA8Q3502JNS03H,Silverado,Coupe,2023,Chevrolet,2,75576,15169,Sold,19998.14
4MH9AV75QP2CWXHB7,Z4,Hatchback,2017,BMW,2,11897,18342,Sold,24306.37
K622J5MTAJ51Q3TRF,R8,Truck,2021,Audi,1,99948,8235,Sold,9926.72
T5LKZSMX02Z8IHXZX,Cybertruck,Hatchback,2022,Tesla,1,39709,17710,Sold,20706.66
D3OFHVHNVRWWBP0EO,R8,Coupe,2017,Audi,1,19774,15541,Reserved,19396.53
02OORKP5SU5WLBP7E,R8,Minivan,2023,Audi,2,62075,19239,Sold,25551.14
H43IPVXUDC63A1S0F,Gladiator,Sedan,2016,Jeep,1,43562,12134,Reserved,13986.44
XRRB26ABA9WM64ZY4,A6,Sedan,2024,Audi,2,38819,20658,Reserved,25941.11
3WQS9K7706O5N9Z60,BRZ,Minivan,2016,Subaru,3,45535,14207,Sold,17870.84
E0I0E3E7RI9A1AF77,Stinger,Truck,2021,Kia,3,23801,21031,Sold,26988.62
7OF8X3UDX45TWDBAG,Z4,Hatchback,2022,BMW,1,95471,8639,Available,9787.05
HAAHUFPF2BIO474F9,Supra,Hatchback,2022,Toyota,1,17910,26226,Reserved,33541.91
U38BYC9TU3LB9TNMN,GT-R,Hatchback,2022,Nissan,2,64352,14169,Available,18805.92
UQJ90KZQ5NYWA604U,Golf,Truck,2015,Volkswagen,3,58999,10040,Available,11495
TVRM9ARPXDNBT9CSE,K5,Sedan,2024,Kia,3,101535,9348,Sold,10837.94
EL2YMHC53C4SXFJSJ,Sentra,SUV,2018,Nissan,2,39937,18875,Available,25346.27
3JOX31SQEAX1CDEWR,AMG GT,Truck,2023,Mercedes-Benz,2,63306,17645,Reserved,20207.83
MIHC7WHYE5H9CJ71Q,3 Series,Sedan,2022,BMW,1,113555,5222,Available,6859.6
NLRTEH3SSYRMMV00Y,NSX,Coupe,2019,Honda,1,91542,9572,Reserved,11707.22
1WXJFHQOR4AP05A04,Gladiator,Hatchback,2020,Jeep,3,18546,18687,Sold,21710.7
DM95X7WSVITEGDX95,BRZ,Minivan,2017,Subaru,2,77245,7137,Reserved,9404.34
V4PH0ZWMH4D19CZBR,Golf,Minivan,2023,Volkswagen,3,11136,27406,Reserved,33197.61
OUK9K6HNFWDXE6KWH,Outback,Sedan,2020,Subaru,1,5136,27558,Available,33860.63
CCYMNKCRC52CKBTKM,Golf,Hatchback,2018,Volkswagen,3,109227,5485,Reserved,6526.1
01UHJTAMKEKP4QR0A,Altima,Sedan,2015,Nissan,3,68506,8743,Sold,10913.34
6RMOL8BBKTS1OUQ79,Camry,Truck,2020,Toyota,1,10925,20939,Available,23888.91
TIFF9HJDXWUZ88T6J,MX-5 Miata,Hatchback,2018,Mazda,2,29911,23244,Reserved,27840.97
XN2075QJLTZ8S7CRU,MX-5 Miata,Minivan,2018,Mazda,1,97333,7617,Available,10224.7
G0YFV1G9YR2RLZAX2,MX-5 Miata,Coupe,2021,Mazda,1,76018,12907,Sold,15030.63
N8SWP0PJD3FKVALW9,BRZ,Coupe,2021,Subaru,3,12911,20494,Available,25908.19
NEMOUKVRWDGTX3OAL,AMG GT,Hatchback,2023,Mercedes-Benz,3,68382,13841,Sold,16350.34
9XV2ZW9N9QY5M6KMK,RAV4,SUV,2023,Toyota,1,85474,11954,Available,15460.92
M7AF5V8GT2QD17XQH,Sonata,SUV,2023,Hyundai,2,40748,23525,Reserved,26647.2
BLET611DMTGM09L82,Corvette,Sedan,2018,Chevrolet,4,35353,17482,Sold,23468.8
HQUX761K7LID6EOX4,Altima,SUV,2019,Nissan,2,34297,21505,Sold,26095.19
Y78CH4JNCFUA5TTN7,Altima,Truck,2024,Nissan,1,15557,26982,Sold,31272.48
0BML27ITB7DMZCUAJ,Golf,Hatchback,2016,Volkswagen,4,23635,13603,Reserved,15213.24
MEVOKKC5FIO1D0ZRC,Mustang,SUV,2021,Ford,4,60629,14068,Reserved,16071.84
IES8OXA22HTQ13RDV,NSX,Minivan,2015,Honda,1,65283,8530,Available,10491.42
D3ZY0ROM63WTKPMKD,R8,Truck,2022,Audi,3,70516,11557,Reserved,13686.39
ESUY9UG13WEYPQDXD,Tucson,Sedan,2021,Hyundai,2,44551,15847,Reserved,20715.53
ZIFFSUXLKEMH3KIVB,MX-5 Miata,Coupe,2024,Mazda,1,18476,26041,Reserved,31450.29
W98O803NGSW8HLWQQ,R8,Truck,2022,Audi,3,39211,18217,Reserved,21171.41
ZWS81ESSU7INQST5L,GT-R,Coupe,2023,Nissan,3,86000,11088,Sold,13907.53
WMJ4RGC77EFO1VNSP,Stinger,Hatchback,2016,Kia,1,119934,5000,Sold,6383.47
XDUWOMFS0W9F45LRT,Telluride,Sedan,2015,Kia,4,54407,12221,Reserved,13953.45
37SSW2TJW4M9R7IQ3,Gladiator,Minivan,2019,Jeep,4,113369,5476,Reserved,6253.07
N0YB3OI8QNM538WU0,Supra,Minivan,2016,Toyota,1,59273,9973,Available,11061.73
QSQ0N4LKEUCST5QH1,F-150,Sedan,2019,Ford,1,50099,15623,Reserved,20061.5
M29GJ45Z9KMZ86J0X,Veloster,Hatchback,2023,Hyundai,4,13825,23415,Available,29642.25
OT8UDGZEHWHGXQ8WV,Z4,Minivan,2024,BMW,2,104720,10491,Sold,12784.94
G3SKEBJQ6EZGP4QOX,5 Series,Sedan,2015,BMW,3,78652,7182,Reserved,9415.91
SLCH835DF01QNE5AR,Sentra,Truck,2015,Nissan,1,53593,11754,Sold,15296.86
G52SFJBIMT7MIKD9M,Golf,Coupe,2019,Volkswagen,3,27178,22455,Reserved,27986.53
N3KH3E4YLUZDFPE4K,NSX,Coupe,2023,Honda,4,49576,18729,Reserved,24667.36
BVE9W4XD4QY9NTNLG,Tucson,SUV,2022,Hyundai,1,76836,10874,Reserved,12520.98
KQE3A7CLY0HGPA7E6,NSX,Minivan,2015,Honda,1,58488,10538,Available,11886.65
JCLZ6ONP0WNCO616H,X5,Sedan,2022,BMW,1,49637,17055,Reserved,19910.64
VVES6AWPGEKOR2F3R,K5,Sedan,2015,Kia,1,11883,13086,Reserved,14581.36
1SJR1J2L51QS7QNKY,Mustang,Truck,2024,Ford,3,87512,14656,Reserved,18067.81
MYQ0LNP4DMW8AF46R,E-Class,SUV,2017,Mercedes-Benz,2,89233,7748,Reserved,10337.01
1HBKOPASX4A8IQR05,MX-5 Miata,Minivan,2024,Mazda,3,100770,11206,Sold,12436.82
Y9YJVYAECCOB5RTYF,Stinger,Minivan,2023,Kia,1,76470,13082,Reserved,14789.56
DNNPMHHQ1ZZK4AYQ9,Veloster,Hatchback,2016,Hyundai,4,73307,7607,Reserved,9227.67
I1AUSW4TULMEH4HIT,BRZ,Coupe,2015,Subaru,2,28395,11957,Available,15944.29
FARWYZ9SVU8ZYN73O,Golf,Minivan,2017,Volkswagen,1,15426,17465,Reserved,20591.92
YYQC3M5EUORPHLH9P,Z4,Hatchback,2015,BMW,1,9393,17068,Available,20939.17
N3VK4OZ7KSB65PV03,Forester,Sedan,2024,Subaru,4,46141,18021,Sold,20010.4
4OURY36ZBHUFVZFZB,Supra,Coupe,2015,Toyota,3,103265,5499,Sold,6252.83
BY6UXRCH2XV0XJPL9,Sonata,SUV,2023,Hyundai,4,91408,12806,Available,17245.3
3GO82JSOZ94EJVKLJ,Sportage,SUV,2022,Kia,4,33319,21316,Sold,28590.72
LBULH2YS4THQ818J8,Z4,Hatchback,2019,BMW,3,104323,7199,Reserved,7927.79
ZUGU4SEF0DPZZ9AFM,Outback,Sedan,2019,Subaru,2,80485,13153,Reserved,17598.1
5LBUNJVQ71B5VVSTQ,Telluride,Sedan,2023,Kia,1,14449,28669,Reserved,36116.63
HYMZGZDY5ZYDJD4WT,Stinger,Truck,2020,Kia,4,97828,8497,Reserved,11190.38
ZQBJNENR7AP07CPY6,Golf,Coupe,2017,Volkswagen,1,68469,7819,Sold,9489.8
62TOT0DRC51XKQF25,Model S,Sedan,2015,Tesla,1,68811,10459,Reserved,12853.05
ZAJVVEPC2BSBQ6302,Sentra,Truck,2016,Nissan,1,65472,10958,Sold,13393
WZ26YB0WD7CS5UGT9,Stinger,Coupe,2019,Kia,3,35180,16792,Available,21270.7
I0TEX6C56LVF8OG1C,Camaro,Minivan,2017,Chevrolet,4,87016,7125,Available,8086.25
82JTQBU74T3LT73JZ,GT-R,Coupe,2020,Nissan,4,102304,7603,Sold,8420.27
D5RH3L5S88AX3V68E,R8,Truck,2016,Audi,4,38841,15043,Reserved,17705.35
44C527DRKC2MK52US,BRZ,Hatchback,2023,Subaru,1,118118,7507,Available,9580.21
PADOLFNT821M0498H,Q7,Sedan,2023,Audi,2,49361,19354,Sold,22266.07
V4R2O9YM1LEX37BRR,Prius,Sedan,2016,Toyota,4,68841,10687,Sold,13554.94
GZ260MICVUZ7OPQVI,NSX,Coupe,2017,Honda,1,6357,14280,Reserved,19170.59
NO1IXXV7BTHFMFWLU,Bronco,Hatchback,2016,Ford,2,5376,16673,Reserved,18731.7
BVXFBMKMM9KKC1ZD2,Veloster,Hatchback,2020,Hyundai,2,119411,6054,Available,7677.38
QKPN2ODRIQ6KVUI33,Corolla,Sedan,2015,Toyota,2,10732,18901,Sold,22887.93
1BXOUHA7D0FXFZSB4,Supra,Hatchback,2015,Toyota,2,34470,14559,Reserved,19174.72
8OHU2J488WQOK2QD5,Veloster,Hatchback,2015,Hyundai,3,117126,5000,Reserved,5721.44
WT742P9QS8HRC0BDK,Veloster,Coupe,2022,Hyundai,1,91541,11307,Available,14395.58
5H9ZMX95I9FUFYGR3,Supra,Hatchback,2020,Toyota,3,102580,8841,Reserved,11577.54
GMI06OUZIBRB9SBQR,Altima,Sedan,2022,Nissan,3,118272,5000,Available,6680.77
V8WQMOIC8AS3WW7IO,Model S,SUV,2018,Tesla,2,49989,18503,Reserved,23513.83
8EBOT4ADJACC0XG4I,Titan,Sedan,2024,Nissan,2,34369,20926,Reserved,25619.57
9VJS11HO42QQOHN1L,Model S,SUV,2020,Tesla,3,99562,9909,Available,12430.46
7MB9J629IJ17TLHLP,GT-R,Hatchback,2023,Nissan,3,103087,9411,Sold,12396.42
JSHUJUVXA1ZFTK1X9,MX-5 Miata,Truck,2022,Mazda,4,116166,6433,Sold,7993.98
CH1C2U389M3TGZRX9,Bronco,Hatchback,2023,Ford,2,53093,23151,Available,25641.97
DQN9U39FO4FUDNALT,Accord,Sedan,2021,Honda,2,25014,19569,Available,26080.33
JPES0FM9YHI8EIN2F,Veloster,Coupe,2021,Hyundai,4,11882,26626,Available,33878.43
6CDRAQEMJM3CU5GCZ,Supra,Minivan,2024,Toyota,2,82195,11672,Sold,14813.27
S35H633U7LAXLM3XX,Q7,SUV,2022,Audi,2,37645,19474,Reserved,22471.41
9KWZJT0JY62N558Z0,Supra,Minivan,2018,Toyota,1,52623,17342,Reserved,21932.8
YGNXSJACGJKQN0GFK,Ridgeline,Truck,2016,Honda,4,99604,5115,Reserved,6130.15
UHEKQO3364Q6KNVQC,Cybertruck,Hatchback,2023,Tesla,1,90020,11266,Sold,14226.8
3ZFSJLOZ6GGCGMYRO,AMG GT,Hatchback,2023,Mercedes-Benz,1,101221,11017,Available,12412.28
G2NB1BFGAL1TK50B8,Model 3,Sedan,2024,Tesla,1,83254,11140,Sold,14086.1
C908GVIJISAMVEM3Q,5 Series,Coupe,2020,BMW,2,41947,14707,Reserved,19852.29
B8LWJOWIHBBTKXRJR,Stinger,Truck,2017,Kia,1,74835,8175,Reserved,9091.03
RKRKYSQLVZDS84OP7,Gladiator,Truck,2022,Jeep,1,109220,5437,Sold,7308.92
2RD92DH4A57DRSURH,5 Series,Sedan,2018,BMW,1,31847,16909,Sold,20320
BR5117WU5R4EUMU70,NSX,Hatchback,2015,Honda,3,113798,5000,Reserved,6588.44
J7IRQ32PFQM4WV1W6,Cybertruck,Coupe,2018,Tesla,1,55963,17669,Sold,22891.89
S2FA5AZQVHGCFGVGO,Model 3,SUV,2017,Tesla,2,27229,13297,Available,16511.6
I9STBOFS4N1HDGURR,Z4,Truck,2019,BMW,4,10608,20426,Available,26239.49
QYTW1290YYQYR24MD,Malibu,Truck,2016,Chevrolet,3,62605,9242,Sold,12196.01
0IMKNYG3YGC6W8R0G,Corvette,Coupe,2016,Chevrolet,2,71506,9688,Available,11635.63
OWY3V1GDMV8WLQNJ5,Tucson,Sedan,2019,Hyundai,2,22208,17833,Sold,21074.3
UPVUANA5QWQKP7CC4,GT-R,Coupe,2024,Nissan,4,64025,15022,Sold,19031.35
ZWBTHUQDFIC7LV9L2,Z4,Minivan,2015,BMW,1,80067,9649,Reserved,12562.63
Z63DOZZNIJZKXBZMP,MX-5 Miata,Truck,2016,Mazda,2,81861,7395,Reserved,9543.77
1SDFQU1LIC3T10A5F,R8,Truck,2018,Audi,1,119131,5000,Sold,6497.27
U9L9CDP6VUW8X9YUQ,Mazda6,Sedan,2016,Mazda,4,80195,7593,Sold,9179.15
Z4LVYIAF3YOHSH1Z7,Accord,Truck,2020,Honda,1,60809,15731,Reserved,20520.44
HLRD6HA0UYMLC904D,GT-R,Hatchback,2021,Nissan,2,50782,16481,Sold,18624.39
FS1U0K01FP12JOG70,Ridgeline,Sedan,2018,Honda,4,83087,11445,Sold,14147.42
TROB9WEV82K17HKSF,Gladiator,Minivan,2020,Jeep,2,34531,16961,Available,18681.52
AWTTE15L66BLR1KPC,Supra,Hatchback,2016,Toyota,4,36009,15174,Sold,17922.72
7GYK6VEIR72EIEA59,Silverado,Sedan,2024,Chevrolet,2,116401,6062,Reserved,7223.57
DT2SMPPNG7ACQA9V6,NSX,Minivan,2016,Honda,2,85281,6764,Reserved,8110.33
24S22ZV9OGK224L32,R8,Hatchback,2024,Audi,3,84935,14267,Sold,18174.26
ELV3LM6MUP6NJKQ45,NSX,Hatchback,2019,Honda,4,65588,11416,Available,13666.54
LRMHSTH08T6EFL02P,MX-5 Miata,Hatchback,2024,Mazda,4,9049,28392,Reserved,34416.03
8SMFYYJD6LUK95QD3,Cybertruck,Truck,2017,Tesla,1,63341,11475,Available,13303.95
Z8TEASWLC6IG77NN7,Cybertruck,Coupe,2015,Tesla,1,71702,7809,Sold,9318.58
YESM0LHAUQ52BDXKV,Prius,Truck,2015,Toyota,2,84414,8045,Available,9306.6
Y3WNLY8SP5ILA4ZWP,Mazda6,Sedan,2023,Mazda,1,73750,15764,Reserved,17628.87
D6X1JEU60XE2SKW43,BRZ,Truck,2015,Subaru,2,43875,13273,Reserved,16602.69
P8T0Y94P7T8CXNIN8,GT-R,Coupe,2015,Nissan,4,91829,5869,Sold,7436.34
MUILTV0BHT5LJPRWX,Sentra,Truck,2022,Nissan,4,72664,14420,Available,18095.26
9TJPJEVE629JFX6I8,CX-5,SUV,2019,Mazda,1,38963,16666,Sold,20263.75
7J85PDDXOQYPKMBS5,MX-5 Miata,Truck,2017,Mazda,2,5688,13526,Available,16162.85
GM4TFLL2WWE85ZWZO,Gladiator,Truck,2021,Jeep,1,14404,22528,Available,29643.1
B4SNPX7HO7FB9CO7G,MX-5 Miata,Truck,2021,Mazda,4,73845,10411,Available,12803.14
ZUZ8O13PWEHA5JWY6,R8,Hatchback,2016,Audi,4,49258,12458,Sold,15196.21
3QI7X190A8B8L9ZN3,Gladiator,Truck,2022,Jeep,2,42462,15901,Available,17593.03
WP5P9KBMXBF4M424Y,Cybertruck,Minivan,2022,Tesla,3,29883,17242,Reserved,20437.15
5AY6C6W2CD1LMWVZM,Veloster,Minivan,2023,Hyundai,2,42953,21344,Available,25507.12
3ZIC6FUU3PSQY4101,GLC,Coupe,2021,Mercedes-Benz,2,97286,7372,Reserved,8844.23
KCO5YASA86G6G3Y1B,GT-R,Coupe,2016,Nissan,3,17494,16695,Available,20785.99
FQ2LLO9VO8QQF50TD,Camaro,Hatchback,2019,Chevrolet,1,87027,12187,Sold,15031.45
YORBQB0J8YWS6BXOR,GT-R,Coupe,2023,Nissan,2,28587,24267,Available,30381.71
EZTRVBO9IYWH6WDGD,Camaro,Hatchback,2023,Chevrolet,2,68353,13686,Available,17671.65
T2AOWDWWFK4PYLPIQ,Camaro,Hatchback,2022,Chevrolet,1,62018,15290,Available,19926.64
8763W93GXXZZGRPK1,5 Series,Sedan,2024,BMW,1,43838,17183,Available,21986.18
G4QRIYH6BPBFJVN0R,Gladiator,Coupe,2017,Jeep,4,114056,5000,Available,6694.4
BW0QX9JH69SEH2PKI,NSX,Minivan,2021,Honda,2,44918,20116,Sold,22219.29
8GFYWTG0BNR8E7T1F,Stinger,Minivan,2023,Kia,3,9397,30755,Sold,35335.79
1C745TBB1SNGOSXES,Camaro,Hatchback,2021,Chevrolet,2,44337,17277,Available,19037.37
MLRIHZQKILLG00R9V,Cybertruck,Coupe,2020,Tesla,4,48044,14004,Reserved,17671.21
3E1RQFQAR0M7ZWB9G,R8,Hatchback,2020,Audi,2,63287,15794,Available,20919.27
FO5N5XX4KYP7558RT,Gladiator,Coupe,2016,Jeep,3,33317,15296,Sold,17756.68
9XZ9X71TD6C31I2S9,Tucson,Sedan,2020,Hyundai,3,11429,20815,Sold,27720.56
55JJGXUJWDQSS5VVS,Z4,Hatchback,2018,BMW,1,93539,9842,Sold,10974.49
JN5H1GWEFBUP6B6H4,Malibu,Coupe,2023,Chevrolet,4,24949,21174,Available,28237.84
ZKHHAQSEMPTYKI8CK,Camaro,Hatchback,2017,Chevrolet,3,71000,8276,Reserved,9831.11
KM27E1ZJQ4VYK462P,Stinger,Minivan,2017,Kia,1,110918,5047,Sold,5679.67
YB2A0HNT30RBCQL9S,Cybertruck,Truck,2022,Tesla,1,41373,20102,Sold,24553.95
9KTLWH9SJK0UJJ1A0,GT-R,Minivan,2019,Nissan,4,33288,20905,Sold,24337.48
Y5ZSV6XFT4XP2OJEG,GT-R,Minivan,2016,Nissan,1,119940,5000,Sold,5856.09
146PFVRLZVJYNM5IY,Gladiator,Minivan,2016,Jeep,3,112548,5000,Reserved,5884.11
PCFZBLGFYISA68WKM,BRZ,Minivan,2016,Subaru,2,110565,5000,Sold,6503.78
FII4L69FDP9UTUVHE,Golf,Minivan,2023,Volkswagen,4,87720,14085,Sold,17392.02
RNMZ84KX036OHHS7F,AMG GT,Truck,2015,Mercedes-Benz,4,51323,13172,Reserved,15514.34
R8S6CPC0FMY69LK8B,Supra,Hatchback,2023,Toyota,4,101695,9360,Available,11724.18
R8HIK84RBVCTJVW8P,C-Class,Coupe,2021,Mercedes-Benz,3,25425,21511,Sold,27513.38
P2OM3I5G2A3W743S1,Model Y,Sedan,2024,Tesla,1,117370,7729,Sold,9028.68
YA0BBM37H051VVP4E,BRZ,Truck,2022,Subaru,2,55815,13042,Reserved,15694.58
K6PK3INI25EV9IL2I,Camaro,Hatchback,2023,Chevrolet,2,60353,15688,Sold,17734.84
RGHH8ZQPL2CCMAUNS,Cybertruck,Truck,2023,Tesla,2,91981,10283,Sold,11776.99
HSWNUAOYO5D3HG90T,Cybertruck,Coupe,2016,Tesla,2,84832,6420,Sold,8155.19
EVWHNR7EVO9K09G8T,Stinger,Hatchback,2016,Kia,2,79464,8587,Available,9835.2
A2MZI034QR9JK16P4,Equinox,SUV,2022,Chevrolet,4,104169,7319,Available,9011.82
U1A33N32INKF8S0HW,Sonata,SUV,2015,Hyundai,1,66232,8055,Reserved,10288.34
F3SL6HNH260R1FP0G,Telluride,Sedan,2019,Kia,3,48317,19603,Reserved,22087.08
MUNAKQLLKN336ER8F,Bronco,Hatchback,2020,Ford,1,79378,10632,Available,13203.12
MUACFWI0BTVWQIMK2,GLC,Sedan,2023,Mercedes-Benz,1,12543,27718,Available,32267.65
3XRJQW07M6HV2EE2G,NSX,Hatchback,2020,Honda,2,91150,8890,Reserved,11919.1
NC6EIU8554GCE8MZF,Model Y,SUV,2023,Tesla,3,119852,5759,Reserved,7031.08
5T7Z40M2WHMTBERQY,Z4,Hatchback,2016,BMW,1,110666,5015,Available,6527.01
EURGOC7U7C08RKAWH,Equinox,SUV,2015,Chevrolet,2,112628,5000,Sold,6187.78
9L3LFAHZLC5M7HDEA,Outback,SUV,2018,Subaru,2,37724,20724,Available,23021.32
95DFKNXZ6JX0WX975,E-Class,Sedan,2019,Mercedes-Benz,3,45331,19464,Sold,24491.31
W9RHAG2H4G5KTEHWL,Escape,Sedan,2019,Ford,4,35031,21906,Available,29306.96
XAULXAQBC20A734DS,Explorer,SUV,2016,Ford,2,14255,13408,Reserved,16765.4
2O1RFFCIDVWLWNLZY,Veloster,Coupe,2022,Hyundai,2,60669,15015,Available,19591.53
CTUUD6JEP4IDMT16M,Golf,Hatchback,2024,Volkswagen,2,32320,27951,Available,36924.71
CGPVOEVAWCQDHDY0E,3 Series,Coupe,2017,BMW,2,52976,13071,Available,15123.41
GK7GQIJANB56I880B,Z4,Hatchback,2019,BMW,3,100514,7877,Reserved,9082.27
KDK8SQFGZHWKNJNG3,BRZ,Truck,2015,Subaru,3,99490,5000,Reserved,6263.73
SAYJ7G8ULCJJM8X1V,BRZ,Minivan,2016,Subaru,2,9128,16368,Sold,19686.73
CTWCCX0ZNZ8YX08WU,Rogue,Truck,2020,Nissan,1,78497,12851,Reserved,16834.36
KIP00QFFZ68EF7H4R,Z4,Minivan,2015,BMW,3,53850,10091,Sold,13370.63
A52QCZCLRZC7NXOQA,Gladiator,Minivan,2020,Jeep,3,11905,22861,Available,27166.99
8BGFCT1AZ7PDKBAIE,Gladiator,Minivan,2021,Jeep,3,102504,7781,Sold,9019.87
BCIGP3Y4ZAHF9GO5U,3 Series,Coupe,2018,BMW,1,52157,13731,Available,17783.45
N2EXMNXPPWXIH3S34,Camry,SUV,2020,Toyota,2,112531,7474,Reserved,8734.88
P6V0W0FYARDOH9FLG,R8,Truck,2018,Audi,2,14150,22266,Available,29071.68
GTL3RW2TGB8K3IWKZ,BRZ,Hatchback,2019,Subaru,4,118994,5000,Reserved,6029.67
075WSVEZSEBAM5PP9,Malibu,Truck,2021,Chevrolet,1,51590,15686,Available,19872.4
6UAEEL1PWE38SEIXS,CR-V,Sedan,2017,Honda,4,48062,14054,Reserved,15795.06
R23DO4EWNJ8YNA6CB,Cybertruck,Hatchback,2019,Tesla,3,106013,6654,Reserved,8357.19
M2NZV3YCELV5ZUYUG,A6,Sedan,2023,Audi,1,49367,17982,Available,21811.12
L700R5DJU9XNDQ5MV,GT-R,Minivan,2017,Nissan,3,94076,7374,Sold,9192.81
R78VB9KAJN4RSL1II,Z4,Hatchback,2016,BMW,3,23600,17050,Sold,19471.16
MGT3TQDKJSWO0H4NA,Bronco,Coupe,2021,Ford,2,94851,7621,Sold,9787.03
5MS6XQFRYR88EAI0R,Explorer,Sedan,2023,Ford,3,37157,25571,Available,33643.75
JHD27FBPDVZT9AGO2,Gladiator,Hatchback,2018,Jeep,3,80929,10422,Reserved,12028.92
BXBHRAEF51CZXQ5YN,RAV4,Sedan,2023,Toyota,2,27917,24732,Available,27797
YTAMOLQWPPAKLM7AN,Gladiator,Sedan,2023,Jeep,4,59708,14774,Available,16338.71
4WDPNP0XKL82NRT6Q,Model X,Sedan,2016,Tesla,4,115531,5000,Sold,6302.46
N58EAIU0WOUDCDCQ1,Camaro,Minivan,2015,Chevrolet,2,67083,10328,Sold,12928.32
VEAS0ITL12PD2Z1EK,Mazda3,Sedan,2019,Mazda,1,107900,7787,Reserved,9629.98
M4BBT9GQX0509KPLA,GT-R,Hatchback,2020,Nissan,1,45699,20065,Available,23235
K3CZAXI5NGMA5T78Q,E-Class,Coupe,2021,Mercedes-Benz,1,47806,17801,Sold,21320.73
H2DCSZVD4DCD6AL8D,A4,Sedan,2024,Audi,4,77937,11581,Reserved,14460.26
NATQTWRR2I8W7TF1K,Escape,Sedan,2023,Ford,3,115591,5529,Reserved,6768.56
8RB65UTL2AJHJSM4R,R8,Hatchback,2016,Audi,4,69938,10109,Sold,13616.28
ZHCFEBVNBASV2WCDC,Corvette,Truck,2023,Chevrolet,3,32918,20384,Sold,23117.7
HQNSLLDSWBXTNLBPR,F-150,Sedan,2023,Ford,1,18388,26209,Reserved,33384.66
ND0OSB5ULFDOIODIA,BRZ,Coupe,2017,Subaru,1,8806,17115,Sold,20556.48
QHTO5P6U4ZVEE04R5,Impreza,Sedan,2019,Subaru,1,119311,5304,Reserved,6402.19
4ALOJFT8EC7I15S2H,BRZ,Minivan,2015,Subaru,1,42259,13412,Available,17159.31
GYIOES71VXBTRD1XT,AMG GT,Hatchback,2021,Mercedes-Benz,2,62809,13415,Available,17078.76
GG25TY1YS51SUACJ7,Cybertruck,Truck,2015,Tesla,1,84272,6840,Reserved,9219.05
JYX5RPSN5N1ZKQPWZ,Bronco,Minivan,2021,Ford,2,81546,11039,Reserved,12497.24
OEX0JWSHCFNK6OJQ4,Golf,Minivan,2016,Volkswagen,2,10988,13745,Available,15477.25
HNWFMH2E93KUVUU79,NSX,Hatchback,2023,Honda,3,53553,15716,Available,20133.53
OAN1426GHJHQ0N3OM,AMG GT,Hatchback,2016,Mercedes-Benz,4,8687,17585,Available,21886.23
07IBI8DVG6CM5L0W2,BRZ,Truck,2024,Subaru,4,22857,25658,Available,29982.4
51H4XSJU3LYQG8B5D,Supra,Minivan,2017,Toyota,1,99017,5515,Sold,6176
YISE7GU81HCQQUJOM,R8,Hatchback,2017,Audi,4,78405,8259,Available,9261.76
OA9O2Y9FXH3B9HYFC,GLC,SUV,2017,Mercedes-Benz,2,73982,10314,Sold,13651.07
IN01K0EPRKHCEZW7Y,GT-R,Minivan,2022,Nissan,2,78644,11870,Sold,13626.37
4KNM5SMLQ1YL77JGJ,Mazda6,Sedan,2015,Mazda,2,31915,15150,Sold,17889.77
5AGO4GXN9CD5HV0UM,NSX,Hatchback,2020,Honda,3,42283,18255,Available,21114.9
59ZYCG0IF11X8WVMC,BRZ,Hatchback,2022,Subaru,4,29955,17778,Sold,21133.58
VQ1YAOJFJ34XVJJL5,Gladiator,Minivan,2023,Jeep,1,58909,16845,Available,18821.86
L2RCZPTJBCXXURU8Y,Corvette,Truck,2021,Chevrolet,4,70386,15369,Available,18900.26
Q40DDYDQ6NC9XB9GU,Model S,SUV,2018,Tesla,2,51391,14535,Sold,16234.19
9R61JMFDPTMB3BW08,AMG GT,Truck,2018,Mercedes-Benz,4,8850,23933,Reserved,31115.03
HUC7JHZMMVFFJTMEA,Stinger,Minivan,2016,Kia,4,21411,12268,Available,14211.59
K1W3TOBA2N61T8KJA,5 Series,SUV,2017,BMW,4,111828,5097,Sold,6294.81
PSZNJ7KBGQ1DFP4WN,Model S,SUV,2016,Tesla,1,55549,10443,Available,13784.97
W844X8LNXNX9YAS78,GT-R,Coupe,2017,Nissan,4,94263,6553,Reserved,8274.6
XVC858DTV601Y55V1,Veloster,Coupe,2022,Hyundai,4,25144,21558,Sold,26586.18
FZ2983MT8IXST1PSO,Golf,Coupe,2023,Volkswagen,4,103565,8556,Available,10105.35
67ZL59040TBVJE23Y,Stinger,Truck,2020,Kia,4,53602,13770,Reserved,16293.36
DB4P9CVP1SXSLU5XJ,Cybertruck,Minivan,2019,Tesla,3,97158,9135,Available,11577.44
M7B2T9FH16HB4Q1JR,MX-5 Miata,Truck,2015,Mazda,2,101067,5006,Sold,6750.77
MZ01CKY95Z3MZZ3SD,Stinger,Truck,2021,Kia,3,32316,22468,Available,28432.35
J182Y2AM2M1D3CMGS,Bronco,Minivan,2020,Ford,3,50511,16848,Available,20882.18
IZ12JQDE2K4FNVCC2,Elantra,Sedan,2022,Hyundai,3,63066,11999,Sold,15390.67
5TGZ5DU9TEYF8KHEA,BRZ,Coupe,2019,Subaru,4,49810,15025,Sold,18274.93
CG7WDQUCM4LTO1RHP,Jetta,Sedan,2022,Volkswagen,2,20534,25013,Reserved,27890.39
WH2GEFD1JR6RD3NT9,Cybertruck,Coupe,2015,Tesla,4,66266,9038,Reserved,11212.31
61D845K2A9RM4HAU0,Forester,Sedan,2020,Subaru,2,81258,10406,Sold,13937.86
UE8G0TJ0WA2DENOF2,Model Y,SUV,2021,Tesla,4,29270,21723,Sold,24847.33
L0U2BAMKX0O7T48FI,NSX,Hatchback,2016,Honda,2,13347,17524,Available,22299.31
DHRKGI684I5XBYIWR,Veloster,Coupe,2017,Hyundai,1,115551,5000,Available,5751.17
41DSAY59UZHIORT30,Tahoe,Truck,2023,Chevrolet,3,20754,23410,Available,28886.93
JRSCWBEYCM18RI8F8,Cybertruck,Hatchback,2018,Tesla,1,49857,19328,Available,21727.94
MYB0QIADN83H3QL4J,Gladiator,Sedan,2023,Jeep,3,20976,21040,Sold,25512.95
LZHCH413R8NAVRNHS,Gladiator,Truck,2015,Jeep,3,75679,8462,Reserved,10907.86
D12Q65SF89O7VSYVP,Telluride,SUV,2024,Kia,1,116241,6149,Reserved,7298.2
YTXTQPFN96CVVEVVS,5 Series,SUV,2017,BMW,4,75396,8790,Available,11130.14
7JCROBR9IMZOUSI7R,Veloster,Minivan,2021,Hyundai,3,35112,21927,Reserved,28480.16
PAY79FJYPG8TIGKOQ,BRZ,Minivan,2024,Subaru,4,20112,31047,Available,41348.22
8SZAJSZ1I9FRN0OHD,Pilot,Sedan,2024,Honda,1,72448,14337,Sold,16611.72
559CI9SESQUP64AAM,Gladiator,Coupe,2020,Jeep,1,50985,19089,Sold,22903.54
RF1HYAJOH0H0J5TSI,A6,Sedan,2020,Audi,3,104167,7828,Reserved,8909.08
HFKNGT6M7I2LM9XJ0,X3,SUV,2024,BMW,1,93734,13439,Available,18117.4
EYO5NPD2DP7WFV9L3,Camaro,Minivan,2018,Chevrolet,3,48725,15161,Reserved,20190.67
XKYEMC11LHS98XUZ8,Supra,Coupe,2017,Toyota,3,41019,13749,Available,16979.87
V9LI8UX0WEJC9O98O,F-150,Truck,2018,Ford,2,81739,9288,Reserved,12172
VPX0B12R9Z9QGJLL2,Gladiator,Truck,2017,Jeep,4,56284,12818,Reserved,15769.21
VXD54ZT53OZWF7AB7,Veloster,Minivan,2019,Hyundai,4,62090,16326,Reserved,20503.76
XZYJCN72B97DAANIZ,Gladiator,Minivan,2015,Jeep,2,19102,14759,Available,16563.75
EYM5ORDKC0J4QLQ5C,Camaro,Minivan,2023,Chevrolet,3,112345,8275,Sold,10664.97
2YNWEIOQJMGSLAPK4,MX-5 Miata,Hatchback,2021,Mazda,2,102641,8418,Reserved,9528.57
CH2WBSCYLC7I6HSX5,MX-5 Miata,Minivan,2021,Mazda,3,68408,11709,Available,15298.01
LUH22LTZNZZUSZBU8,Tucson,Sedan,2018,Hyundai,1,77764,13216,Reserved,17121.42
WWD16694M4J4IZASW,Veloster,Hatchback,2015,Hyundai,3,85654,7625,Available,9738.54
EEFSAJMOQL5EN2BI3,Cybertruck,Hatchback,2022,Tesla,1,57548,16139,Available,17898.8
8QVL53YXDN148AORL,Equinox,SUV,2020,Chevrolet,3,78075,11229,Available,13202.86
QRU0W4AGV0NX8V3RS,R8,Truck,2015,Audi,3,47272,10506,Available,12247.67
5TL1EXMI6OH4NUNE2,Model S,Sedan,2015,Tesla,2,117683,5000,Available,5950.17
XR8PI5X1ND9VXQ9OV,R8,Coupe,2020,Audi,2,22348,18554,Sold,20815.93
PZXY0S7CI0X6MI8TF,Veloster,Truck,2024,Hyundai,4,58051,16077,Available,21450.57
QWBFRB6FRUDLLUDCK,Gladiator,Hatchback,2017,Jeep,2,119856,5000,Reserved,6192.25
FU1TA7WJYVMA2B7QK,3 Series,SUV,2018,BMW,1,15903,25511,Reserved,30010.66
CGJ2M0UED3ENPD7MP,X3,Coupe,2023,BMW,2,109715,6815,Reserved,8172.86
HLWH89KY1JNIBUQE7,RAV4,SUV,2022,Toyota,4,72718,11429,Reserved,13849.67
JRU3K744CVP0A07JF,R8,Minivan,2021,Audi,2,69035,16009,Sold,20013.63
7HE4ISTEA946Z9IV9,Camaro,Hatchback,2020,Chevrolet,2,86044,11551,Sold,14195.25
SCENGX1GTBB2MEBN0,BRZ,Coupe,2016,Subaru,4,99056,5568,Available,7404.59
F4JHSDT9EJMNIFP7D,Stinger,Coupe,2015,Kia,1,73231,10710,Sold,13111.62
GKBM0P20CM4H7RM7G,Veloster,Minivan,2018,Hyundai,3,112132,5184,Reserved,6988.24
M7AJ7XI8L80ZH76JB,BRZ,Truck,2019,Subaru,2,6303,28703,Available,37682.91
XFLU878DK0QYGBTQN,Mazda3,Sedan,2024,Mazda,4,46072,21139,Sold,24354.83
44S0MQGKVRDFUPSVL,Grand Cherokee,SUV,2020,Jeep,3,11984,25291,Available,33704.02
DH70LCFONY4MAO196,Mazda3,Sedan,2017,Mazda,3,49274,10486,Reserved,11839.65
G4SBRHN9EJVGK74WA,Grand Cherokee,SUV,2015,Jeep,2,67498,10343,Reserved,13491.02
SGDM8QCQ9DYQ3XV9J,Model 3,Sedan,2024,Tesla,2,97591,8829,Reserved,10552.03
OJZEQCW295TVBVDQQ,Altima,Sedan,2019,Nissan,2,54583,18674,Available,24640.22
FXWZ1I6SJV5NNPM9K,Silverado,SUV,2018,Chevrolet,1,70081,10732,Reserved,14134.2
43V1ARVU0QZV3UHPB,NSX,Minivan,2024,Honda,3,30768,22952,Sold,29871.6
8SO7U7VH3XXP4DO48,BRZ,Minivan,2019,Subaru,2,79257,14014,Reserved,18183.27
MN1FBZATTX3VQS88Z,Supra,Minivan,2022,Toyota,3,73731,11385,Available,13390.69
7FLWN61EKBKGFXUOC,AMG GT,Truck,2016,Mercedes-Benz,3,86846,6985,Reserved,7824.81
85CRXV7BPI4XPFI4X,C-Class,Coupe,2023,Mercedes-Benz,3,37973,20059,Reserved,24085.74
P20XQR3QUB7YRLC2M,Camaro,Minivan,2020,Chevrolet,4,59584,17320,Sold,19803.36
1G1S6GPXZ27CSB45B,Jetta,Sedan,2020,Volkswagen,4,22451,21975,Available,27990.39
RSBCWWEVVH3XWV50T,AMG GT,Truck,2018,Mercedes-Benz,3,49753,16352,Available,19402.06
2JOV6PXGX4OWCYOX1,Escape,Truck,2016,Ford,2,66629,10145,Sold,13633.89
8C6A4Q4K7RYZ6FO7K,E-Class,Coupe,2022,Mercedes-Benz,1,117253,5000,Reserved,6301.22
70GGO21CVO0LH90L5,Sonata,Sedan,2020,Hyundai,4,43951,16459,Available,21489.2
UX8M1WI6X1P8PXZ6J,Cybertruck,Hatchback,2018,Tesla,3,67423,16138,Reserved,18286.47
SN0IKVOEBQFEKE5GI,Z4,Minivan,2016,BMW,1,83692,7822,Sold,10289.87
0UJLVKUFHUPKWUBXP,NSX,Coupe,2024,Honda,3,98149,10665,Sold,14191.8
IPA0N1Y8FZ45OOPOR,Tiguan,SUV,2018,Volkswagen,3,82035,10036,Sold,12261.64
9WEBXR8SVJEENDQKQ,CX-5,Sedan,2018,Mazda,4,106328,8429,Available,10549.43
PWVS5D4NARSAD3DHP,Forte,Sedan,2018,Kia,1,16449,24090,Reserved,31105.07
I45G3UXCNOV0L8HPN,MX-5 Miata,Truck,2020,Mazda,1,94462,9681,Sold,11072.25
O7NBH101X95GV3I9T,Golf,Hatchback,2017,Volkswagen,4,97899,7023,Available,8607.68
W8T9SWFHB8RLCAZYN,Stinger,Coupe,2023,Kia,1,12892,29903,Available,35873.61
R2SN7XRX4AH1PIPMV,Stinger,Hatchback,2019,Kia,1,81271,11742,Sold,13345.88
CZDOREEZNX5YCOS98,Altima,SUV,2017,Nissan,1,69508,8619,Reserved,10272.84
8B3Y9SURR429JB3IR,Santa Fe,Sedan,2018,Hyundai,1,110891,6092,Sold,6805.03
9JX2VJQSO4VA01AGT,Tahoe,Coupe,2021,Chevrolet,4,73832,13390,Sold,14815.41
O39UA2JK6XHAWSNF5,Bronco,Hatchback,2015,Ford,3,98997,6938,Reserved,7866.25
JYUY8Z4M1FMDVDB21,Atlas,Sedan,2017,Volkswagen,2,93169,5920,Reserved,7937.41
AE0JE3TXZ2FXU8GOV,Golf,Hatchback,2015,Volkswagen,4,35735,15910,Reserved,19686.75
LN90FI8RVVIJIMAAN,C-Class,Sedan,2015,Mercedes-Benz,3,5502,18332,Sold,24591.56
M1V9WGF8CZN5UA4FS,Cybertruck,Truck,2021,Tesla,2,22190,22290,Reserved,26929.09
WT49T7N02VKJCCDCI,Stinger,Truck,2017,Kia,1,103688,5000,Reserved,5889.77
B4K4OY3MKKTNPPK3O,Cybertruck,Truck,2015,Tesla,1,89996,5788,Sold,7099.19
J0Q4NRN8DY0GZ59AF,5 Series,Sedan,2023,BMW,4,106882,9416,Sold,11392.21
KJWIIIJF8V27PO89C,BRZ,Truck,2020,Subaru,2,115826,5831,Available,6568.13
6A02004WE8M1HK17F,Wrangler,SUV,2021,Jeep,3,68071,15946,Available,20095.25
KPRGYY2R4IR15GY5C,Highlander,SUV,2022,Toyota,2,6846,28264,Reserved,32616.93
UK47SS0IVM34771T1,Golf,Truck,2021,Volkswagen,1,49232,17860,Reserved,22412.46
Q4A0EXKKN1DAGN58O,Equinox,SUV,2017,Chevrolet,4,5464,17969,Available,22686.77
ZWNZCJS7ST5RPPGUK,Explorer,SUV,2016,Ford,1,105703,5000,Available,5690.03
Y32LA5A5SDZU7XZZW,Stinger,Coupe,2016,Kia,3,101609,5000,Sold,5576.69
4F39XF68EWBF2RIIC,Stinger,Coupe,2019,Kia,3,66412,11338,Sold,14684.87
U2QNUCKCE94C7XNTW,Stinger,Minivan,2023,Kia,4,19365,29658,Reserved,36032.99
XVXZ6ILF9PSKJOUGK,NSX,Minivan,2015,Honda,4,79549,7675,Available,8554.1
JK2N6Z8RC12WLC8OE,Tucson,Sedan,2019,Hyundai,3,6091,23927,Reserved,32270.74
6GKIDUQCLIYL5GLX2,Titan,Truck,2024,Nissan,3,88857,12855,Available,14326.19
THYZV86ZIPTT6BFSW,BRZ,Minivan,2024,Subaru,4,100009,8914,Reserved,11354.29
HYCBG53HACCVS0EBK,Veloster,Truck,2018,Hyundai,2,16466,20830,Available,28035.51
U37SB2JUJJDQ125HH,Supra,Coupe,2024,Toyota,4,94837,8920,Available,10345.37
95SF3B4XRN4XMA1IG,Golf,Coupe,2016,Volkswagen,4,91769,6990,Available,7937.58
EAY3PJB4R53E74FI9,Camaro,Hatchback,2015,Chevrolet,2,90495,5871,Sold,6636.26
JOFMEUBT5HZS1V5IO,Bronco,Coupe,2018,Ford,3,96276,10220,Available,12016.87
T386T7CYSGI1BMU7T,Veloster,Minivan,2024,Hyundai,3,10633,23101,Available,25994.66
P5FGDXT95S628UE6K,R8,Coupe,2015,Audi,2,50155,11744,Reserved,14950.59
6YNXRKQ34XL95J8WC,Z4,Minivan,2018,BMW,3,118993,5033,Available,5614.68
UPH1HFT308342JAXT,Golf,Coupe,2015,Volkswagen,1,83914,8432,Sold,10349.06
TE361G7AK9TZJWR66,Forte,Sedan,2022,Kia,2,92619,10251,Reserved,13830.38
FX9OED9V8UQXO6WG8,X5,Sedan,2021,BMW,4,7994,23331,Reserved,30411.79
O7HS4XXANAF8J0OMS,Golf,Minivan,2024,Volkswagen,4,64786,15127,Sold,18966.31
WKS2QJTEEWQGB2YLZ,Stinger,Minivan,2016,Kia,1,66164,11112,Available,13073.97
M4LQ82LX5X9L5RHTM,BRZ,Hatchback,2020,Subaru,1,73349,14357,Available,18032.02
W37PGUSKR7QECAMVQ,F-150,SUV,2019,Ford,4,65446,13599,Available,16750.71
6A6HFX3Y515DRO24P,Santa Fe,SUV,2023,Hyundai,3,71621,16858,Reserved,20339.53
FG185JNRYSM1FXDY8,Veloster,Truck,2020,Hyundai,2,100939,7606,Available,8615.15
2TKP7YHERU10QL06W,Corolla,SUV,2021,Toyota,1,73830,15153,Sold,20026.98
KXTSEA7ZDOO4TK1OD,MX-5 Miata,Hatchback,2021,Mazda,3,85646,10745,Sold,13027.73
U68V80K7FEZBGOS8F,Tiguan,SUV,2019,Volkswagen,4,91842,7820,Sold,8982.49
5290QAUFDI8TSHA77,Q5,Sedan,2024,Audi,2,52710,15765,Reserved,18790.93
KKJ1OTJKKM955RMTE,Veloster,Truck,2015,Hyundai,4,113419,5000,Available,6017.66
XOLOZFUF6SIF8XRRN,3 Series,Sedan,2021,BMW,1,6307,23796,Sold,31098.62
22JM8UUZN26D3TFSS,AMG GT,Truck,2016,Mercedes-Benz,4,79518,7638,Available,9802.64
763NOWMFWGB9S2047,Accord,Sedan,2015,Honda,4,83367,6478,Available,8371.69
LGLT6ENNNWEZC3HSK,Explorer,Sedan,2021,Ford,3,93016,7603,Sold,8384.27
WOCJ7M49STWI3V4TW,Equinox,Sedan,2018,Chevrolet,3,24958,18542,Reserved,22325.28
ISCDDK56W7C42VTHD,K5,Sedan,2024,Kia,2,9677,24491,Available,29887.25
MKOI2X2DZHAEVA9EJ,Grand Cherokee,SUV,2017,Jeep,2,25705,13605,Reserved,15030.78
P679PWBLXJLBGAJH0,GT-R,Coupe,2016,Nissan,2,74016,7595,Available,8847.82
LNU9NVJL63GDASHAR,Z4,Minivan,2019,BMW,1,22078,22175,Sold,28607.36
RK8I34LBL92WIKC8J,Corolla,Sedan,2021,Toyota,2,65436,11696,Available,13266.51
F9D0CYD5ZYYWGOQ6N,Gladiator,Sedan,2016,Jeep,3,108965,5556,Sold,6855.15
B0Z3BM21433OH8ONK,Cybertruck,Hatchback,2017,Tesla,1,56017,12689,Sold,14640.57
JS3B6WUTFFHIQHL87,Tacoma,Truck,2016,Toyota,2,47220,13507,Available,14898.63
3TAI2SCU8YNPZ1SQZ,Stinger,Hatchback,2019,Kia,1,116638,5375,Available,6236.61
4MATL63TQWN7LM0AM,E-Class,Coupe,2018,Mercedes-Benz,1,111759,6895,Sold,9266.66
C0X3A7VLB5FHBC8S0,Legacy,SUV,2016,Subaru,1,18388,15032,Sold,19547.38
CFFV4D01TX9MOP0U1,Golf,Truck,2019,Volkswagen,2,84860,11387,Available,15257.37
GGGY9WMMX7MSJOHUX,NSX,Coupe,2021,Honda,3,72032,13062,Sold,15961.29
FN6NKC81OS3PEKRST,Z4,Truck,2020,BMW,1,77191,11399,Available,12851.62
MTY6UK3YACVL73ADR,GT-R,Hatchback,2022,Nissan,4,99722,9580,Reserved,11850.36
SJXKLA1PFU9F4Y1FG,Forester,Sedan,2021,Subaru,1,51290,18862,Sold,22890.82
DMGJ2SDRAIGBXLSK1,Z4,Hatchback,2022,BMW,1,112136,6563,Sold,8604.68
FJ6UV9AGB8WZWO7M3,GLC,Coupe,2024,Mercedes-Benz,1,107975,7595,Available,8540.73
G7RWCD7X3QVG6RNR8,Cybertruck,Coupe,2019,Tesla,2,56361,13263,Sold,16208.19
UFVC3K8WQKFMPFK0N,Corolla,Truck,2016,Toyota,2,118172,5000,Available,5687.56
1446BJ94XSBUT1IX8,Supra,Coupe,2024,Toyota,1,61421,19218,Sold,22699.71
HMAVGFJFUV103HSHY,3 Series,SUV,2022,BMW,3,70690,13697,Sold,17591.59
CUBCX2KVR3MPPIAKT,R8,Hatchback,2018,Audi,1,78903,11406,Sold,13903.97
60FV83WB6D9ALE7MA,NSX,Coupe,2018,Honda,2,16096,21850,Reserved,26088.29
EW6IKAD7FDPOLKBRI,MX-5 Miata,Truck,2021,Mazda,3,108504,7730,Available,9265.33
4ICL2D7EYP5FYNNW5,BRZ,Coupe,2018,Subaru,3,50204,18058,Sold,21937.97
GSAD9M77W4ZXSEBZW,Cybertruck,Coupe,2017,Tesla,2,11931,15364,Sold,19915.65
YQAV72PZ35RCSS5QA,GT-R,Minivan,2024,Nissan,2,103560,11127,Sold,14721.26
AZ5CHG3FS95W67Y6T,BRZ,Coupe,2015,Subaru,3,87294,6661,Available,8917.97
NARM5XPFWYSVCVHLG,Veloster,Hatchback,2021,Hyundai,4,18484,18574,Reserved,24085.39
WNOO4J4SGJDFYCU4D,Z4,Truck,2015,BMW,3,5726,19025,Sold,22427.65
4517W5QVMXYMT7WXF,5 Series,Sedan,2018,BMW,1,93517,7734,Available,9837.91
DV5077E8HDCMPAFIE,Gladiator,Hatchback,2022,Jeep,1,106509,6326,Reserved,7650.67
NZ4ZBAULQOLEKZQGL,AMG GT,Truck,2020,Mercedes-Benz,2,28365,20590,Reserved,23959.92
C0BGP8G3OVY0BBLB5,AMG GT,Hatchback,2019,Mercedes-Benz,1,79030,12933,Reserved,16945.05
AR8XJXDE2Z65PYPNL,Cybertruck,Minivan,2021,Tesla,1,66167,11490,Reserved,12749.38
K7ATK6MQKR9BUPHNN,Sentra,SUV,2015,Nissan,4,24990,13286,Available,17609.8
Q9HEDWZ6DEDVPK5VM,Tucson,Sedan,2021,Hyundai,3,104788,6468,Available,7861.01
6UJCJJGC5450WFQ0E,AMG GT,Minivan,2024,Mercedes-Benz,3,115530,7029,Available,8851.62
XU509N3KONCJI5YZ6,Tiguan,Sedan,2015,Volkswagen,2,21001,15248,Available,19286.26
CPLHGW5KUMLFL6GU0,Veloster,Coupe,2018,Hyundai,3,7331,22118,Available,29279.35
H0LC2C8NJ1I1S90W6,R8,Hatchback,2019,Audi,2,87284,11739,Reserved,14781.37
UHGVE63EIN6HIY5KI,Equinox,Coupe,2017,Chevrolet,1,16973,17003,Available,21312.98
LXELJYCB0BYBUG9FK,X3,SUV,2018,BMW,4,36946,18250,Reserved,20379.1
6T3FT5VGIA1ZW6LWP,Escape,SUV,2016,Ford,1,74357,10073,Available,12385.78
C0XE8BT5R7Q5TZRDS,Explorer,Truck,2019,Ford,2,43273,17148,Reserved,19506.57
V5U687EU4UEO1LVL5,Gladiator,Coupe,2018,Jeep,2,72441,10382,Sold,13334.21
UQWTJA93V06PE8VS1,Escape,Truck,2019,Ford,1,59402,15987,Available,19632.92
DF38GK9XW0PO9XEO4,BRZ,Truck,2015,Subaru,4,46017,9705,Available,12325.9
4GM6BE1HITEWSYVRM,Cybertruck,Minivan,2021,Tesla,3,95492,8825,Reserved,9799.44
09WHUJTIMNQG8CYG9,Stinger,Truck,2017,Kia,1,19955,17722,Reserved,19869.87
XD8OTHVD4ZE5SQTVV,MX-5 Miata,Minivan,2020,Mazda,4,52209,18398,Available,23532.53
OZKB90GTKITQFJ24A,Model 3,SUV,2024,Tesla,3,88368,14669,Available,16400.25
306WPUF8TQN8CHTBP,Stinger,Minivan,2017,Kia,4,40089,12838,Reserved,14350.5
VKW1PSTFYJI15T6IE,GT-R,Hatchback,2017,Nissan,3,33764,11021,Reserved,12156.46
U2EPHI8EPW1GOQ0PF,Titan,SUV,2018,Nissan,4,93591,9682,Available,12965.41
GVOB1Q399PD3XODC4,GT-R,Hatchback,2016,Nissan,4,36170,12131,Sold,15580.78
URDQ53OT5PP9Y75WG,Escape,Sedan,2016,Ford,2,7385,19636,Reserved,23333.71
5P8BO5LWTHNTKZ4ZB,Mazda3,Sedan,2016,Mazda,4,49352,13561,Sold,15922.43
IHU6646S4UHU4TYBB,Gladiator,Coupe,2018,Jeep,4,6549,23630,Reserved,28058.87
XSMNLYECK3KZZZ0X8,Veloster,Coupe,2017,Hyundai,2,45788,10109,Available,13077.64
1QUGBSF63W35AC8DA,NSX,Minivan,2018,Honda,3,113799,5529,Available,6996.08
T714D0A4WM7QVTSKO,MX-5 Miata,Coupe,2022,Mazda,3,41777,18655,Available,21384.21
MI8HWAEX97Q4G81QN,Mazda3,Sedan,2021,Mazda,1,78117,10476,Sold,11979.59
4IC7ADUZE1N396M3X,Stinger,Minivan,2023,Kia,1,116007,6939,Sold,7803.59
KBMYVFRGDV0NU7LVF,Cybertruck,Minivan,2022,Tesla,4,9950,20978,Reserved,26538.76
YFFK0PTO5CPLSS3X5,Veloster,Coupe,2017,Hyundai,3,28550,11712,Sold,15121.28
Z3AEYOVSUY1BCY3IX,Camry,Sedan,2023,Toyota,1,41804,22663,Available,26430.99
5SPPJ0XSB97U8CAV8,R8,Truck,2020,Audi,3,117375,6227,Available,6882.31
TIJ7DRB6QJZDB07DE,X3,Sedan,2021,BMW,1,46414,15222,Available,17056.9
4LOVX8CSVGVEU768T,R8,Minivan,2015,Audi,4,91613,5602,Available,7517.69
X5C5DEODGO7NSI29C,Elantra,SUV,2021,Hyundai,1,97881,9726,Sold,11416.97
R7QQ5UTPIE7U17A6I,GT-R,Coupe,2018,Nissan,1,42162,16930,Reserved,21878.74
R18B6P0DZ4AEF9K04,Accord,Truck,2017,Honda,2,44051,10541,Available,13241.24
QZKRPU29U2IOIN08J,X5,Sedan,2020,BMW,3,31003,19229,Sold,22987.98
OI7FXZWPLJ27TPBL1,Altima,Truck,2021,Nissan,4,8854,20459,Reserved,23556.94
J83HETZCHX49G90YU,5 Series,SUV,2015,BMW,3,36216,11505,Reserved,13004.64
CN8EHZBA5C7KUXFDG,Bronco,Hatchback,2022,Ford,3,73663,13878,Reserved,17399.59
0E9J2XHDXDCAUWL9Z,AMG GT,Truck,2020,Mercedes-Benz,1,96535,8180,Sold,10582.13
HB5CSJIRAVHAO70AV,Veloster,Coupe,2016,Hyundai,2,15309,15428,Sold,19454.34
Q7GW315J8RLE417MR,Golf,Coupe,2024,Volkswagen,3,78807,11600,Available,14297.88
H2CSZXOT30VJ1FGCB,Stinger,Truck,2018,Kia,3,17490,20940,Reserved,23253.61
8RL3LQROM49JMSVB5,Veloster,Hatchback,2021,Hyundai,1,83612,11659,Available,15647.8
N480WRU0V9VT3FH4O,Atlas,SUV,2023,Volkswagen,2,37523,19800,Available,25733.64
T8S3AXTZDNP2EBRM0,Cybertruck,Coupe,2018,Tesla,2,71453,12551,Sold,14724.9
URQCQLK470UN0MXYO,CR-V,SUV,2019,Honda,4,57844,18234,Available,24524.59
99IP98NX0N9EZ4IFU,Escape,SUV,2016,Ford,1,26346,12646,Sold,15813.45
DQ3PMJ42S1XZSQ5OL,R8,Coupe,2018,Audi,4,56540,18507,Reserved,23052.42
AHPF7KOG240EWELYD,Z4,Hatchback,2018,BMW,3,89821,8036,Available,10342.48
53MB98Y2X15XVH6OV,Q5,Sedan,2022,Audi,2,38249,16576,Reserved,21597.57
A81XCO2ZDEL7P98AG,Atlas,SUV,2021,Volkswagen,4,87406,10493,Sold,13264.41
2FNO0GHQJVYJOVZWZ,Sentra,Truck,2018,Nissan,1,62628,14981,Reserved,16958.85
E343D5ZOI3YJHGF6E,Model X,Sedan,2020,Tesla,4,80091,10444,Reserved,12371.62
C14U2L76CRAWXV6QR,Rogue,Sedan,2021,Nissan,4,68824,12936,Sold,17231.02
YAHAONOMGC0HVMKLM,Sentra,Truck,2016,Nissan,3,105011,5021,Sold,5805.05
YIK3Y7WCN0GAOJI21,Cybertruck,Coupe,2019,Tesla,3,78279,9927,Sold,11843.33
CXV4YF4IM5GJEEX9H,Silverado,Sedan,2018,Chevrolet,1,119360,5000,Available,6040.1
QLEMFZPM53A7ONY7N,Bronco,Minivan,2024,Ford,2,83833,14810,Reserved,17917.9
Y390OQ0SPIR64DJNW,Cybertruck,Coupe,2021,Tesla,2,107951,7440,Reserved,9324.07
JATT9UUUD2FTEVRTY,Veloster,Hatchback,2015,Hyundai,3,15727,16491,Sold,22028.17
66X7NZCSZ2ZNROUAK,MX-5 Miata,Hatchback,2020,Mazda,3,9823,21220,Reserved,24618.87
1B1W9E615AT1VMND7,Bronco,Minivan,2023,Ford,4,96741,10919,Sold,12342.57
QHJD32RBIHJDIG75X,5 Series,Sedan,2019,BMW,2,44383,18311,Sold,21046.07
X6D03B164GH1WLKTH,F-150,Sedan,2019,Ford,1,89631,11713,Available,15481.44
4DORH2X6XIM0VV97W,AMG GT,Minivan,2015,Mercedes-Benz,3,56481,10553,Sold,13312.11
24PM6TKDMIYHR5HE0,Cybertruck,Truck,2020,Tesla,1,65572,15892,Available,18617.11
6113NA95FJJ3U3Z61,GLC,Coupe,2017,Mercedes-Benz,3,7706,17954,Reserved,23411.78
OLILY333EYPKVSUQA,Gladiator,Sedan,2023,Jeep,2,18283,28388,Available,37339.94
KJXOR26R47Y8M6MDH,Gladiator,Sedan,2019,Jeep,1,30360,17830,Available,23386.34
S18ZA2TZQ7M07O0TE,Stinger,Minivan,2024,Kia,1,60867,17294,Reserved,22996.38
0SZU4JRUWK7SVA0V1,Tiguan,SUV,2022,Volkswagen,4,14336,22567,Available,26246.78
RSIPQ4DEEBZX7YTN3,Civic,SUV,2021,Honda,4,106218,8682,Sold,11189.02
4OOSOESYLA9IXIWPR,Golf,Minivan,2022,Volkswagen,3,96155,9563,Available,11620.33
YMQ57AMU8J729LKSA,Stinger,Hatchback,2015,Kia,4,110828,5000,Reserved,6552.5
MP68M8MBSSB9NOOV1,NSX,Hatchback,2017,Honda,3,82323,9273,Reserved,11889.12
N8VT5AKTFBH2Y9KB5,CX-5,SUV,2023,Mazda,2,28847,26587,Available,34406.55
WXD02E8P10I660LRX,Golf,Minivan,2016,Volkswagen,4,115575,5000,Sold,6320.2
ZD5LJ8YCLYIJA8GAL,CX-9,SUV,2015,Mazda,3,95472,6232,Reserved,7131.63
5NPIYUC6EWS1I0PMJ,Supra,Coupe,2024,Toyota,3,22476,22644,Reserved,27993.8
VQLI9PQ3T0ZQZE59X,Highlander,Sedan,2023,Toyota,3,22199,27984,Reserved,37671.15
7MYB5ARDGY7IS2TZP,Golf,Minivan,2015,Volkswagen,2,7493,18733,Reserved,24996.32
4VZIH8WRXBLRTYEH8,Golf,Minivan,2018,Volkswagen,2,67647,11379,Sold,12639.72
7ICME7MYL4OVVH3GL,Forester,SUV,2023,Subaru,3,105249,10429,Reserved,11901.61
ILDW29CES6G0WNJ4F,Golf,Coupe,2021,Volkswagen,1,46972,17785,Available,20149.2
XXRL80WH60F4L88BB,Gladiator,Truck,2020,Jeep,2,48569,18044,Reserved,23123.3
SNZ70T82VRDXKKZ3S,AMG GT,Truck,2023,Mercedes-Benz,3,32511,23219,Reserved,30287.94
47FVJ5H1KHR7UIETB,X3,SUV,2019,BMW,4,112999,5304,Sold,6117.52
QAG42UU5VQ6PQRP3L,Stinger,Coupe,2015,Kia,3,35663,15377,Available,18859.32
9DGKSWF1IHFLRZ1HJ,Grand Cherokee,SUV,2016,Jeep,1,27963,15284,Available,20024.73
XBORL4GJY1V8UZFF5,CX-5,SUV,2017,Mazda,1,55682,9836,Reserved,12621.56
9P99VQ4BTK7KIUH9R,GT-R,Hatchback,2019,Nissan,1,70543,13977,Available,17269.41
JR8DBBA5PHQE7R8WN,MX-5 Miata,Coupe,2016,Mazda,1,68041,9748,Available,12161.48
M76BXCKCNTU63LH9N,Gladiator,Truck,2021,Jeep,4,105983,8349,Sold,10244.98
1TPH9X4WBW56ANHCA,Z4,Hatchback,2021,BMW,2,8139,27829,Reserved,32682.02
TUG09UVU26GPSR593,Veloster,Hatchback,2020,Hyundai,4,26096,17505,Sold,21728.18
9J3M2GDG5SQIX4EJU,Z4,Minivan,2021,BMW,2,35712,19778,Reserved,25161.99
2ALIQ1HDKHXBQ7I1U,AMG GT,Minivan,2015,Mercedes-Benz,2,89235,7827,Reserved,10318.57
9KEOQCL94AVZB0EB1,Stinger,Truck,2016,Kia,1,44404,10634,Available,13388.98
9BFO58JR9M74N36WC,Supra,Hatchback,2024,Toyota,2,106215,9337,Reserved,12047.35
DCHUZLT2HHKFULDN9,Corvette,Truck,2017,Chevrolet,3,78383,8128,Reserved,9266.07
CPS66GXT9M0EM31LA,NSX,Hatchback,2019,Honda,4,107651,7342,Available,8923.39
5MEDQJN1VO7EVB3EZ,Veloster,Minivan,2022,Hyundai,4,71227,11686,Available,12881.86
V7G8BO59E978ENGO0,Tucson,Sedan,2015,Hyundai,1,31372,12517,Sold,14540.62
5LBMK02U05S6HI4EK,Supra,Hatchback,2021,Toyota,3,19294,23794,Reserved,30494.76
0VGMHSASHD1M1PQK4,Z4,Minivan,2016,BMW,2,42365,11807,Available,15915.28
3N67L4N8AAE734BVH,Veloster,Truck,2015,Hyundai,2,116155,5000,Available,5623.97
DSGPTOIJ3KPYH8VDT,Gladiator,Truck,2015,Jeep,3,39791,11405,Sold,13690.26
JBVICW4U2QAVWL1QH,Gladiator,Hatchback,2024,Jeep,1,88488,13652,Sold,17747.84
DMYKLJP2RXZ1UGWBU,Golf,Truck,2023,Volkswagen,4,92205,11973,Available,13781.03
5RFQIUDYMJJKIJCAE,Mustang,Sedan,2023,Ford,4,118643,6102,Reserved,7558.98
LQAHZDA9Q1UOITA2H,BRZ,Hatchback,2018,Subaru,2,45739,20690,Available,26550.81
RA9841E6C9RUIAYTX,Supra,Minivan,2023,Toyota,3,112487,6143,Available,7703.3
4WFDUSKDDR8PZ6ZPR,Equinox,Sedan,2018,Chevrolet,1,68707,13410,Sold,15381.35
IF770RP88T3OQXHGG,F-150,SUV,2023,Ford,4,16147,31408,Sold,37339.28
BFFCVFCMLH4FW5LRJ,Bronco,Minivan,2016,Ford,1,61446,12275,Sold,15907.76
KDWIWW0C32G9NFLMC,Bronco,Minivan,2024,Ford,4,102556,8327,Sold,10313.46
RW1GZPJOZ8HU0P64H,MX-5 Miata,Minivan,2022,Mazda,4,23634,23053,Sold,25388.44
J9U79QE5UXXWNRJ31,Stinger,Hatchback,2019,Kia,3,66303,14426,Available,18613.11
FU4SIAG34VJ6PIOZ5,R8,Hatchback,2016,Audi,2,98294,5702,Available,6322.54
RLRFNDG4XNUPIT3B0,Z4,Truck,2020,BMW,2,59234,16579,Available,21327.78
9ATT08989OA0INF2D,Forte,SUV,2016,Kia,2,7895,18602,Available,21403.84
FS7NCSH6F53NSLWXE,Grand Cherokee,SUV,2018,Jeep,3,22048,19776,Reserved,26490.32
6C85CACXV10HD4E5X,BRZ,Minivan,2024,Subaru,4,19605,27847,Available,33193.21
PPG5BI535N12L8WQ3,NSX,Minivan,2016,Honda,1,50135,9836,Sold,11623.52
SJXXDV8HZD25NADQ1,CR-V,Sedan,2016,Honda,1,29201,12552,Reserved,14274.41
4VG04ELPL5SW0F35U,NSX,Coupe,2019,Honda,3,32016,19099,Available,22468.08
QNKTLEAJUJJX9RSRW,Supra,Hatchback,2021,Toyota,2,67944,15012,Sold,19803.27
7SKY8HRS59G7IU482,Veloster,Truck,2016,Hyundai,4,57372,10203,Reserved,13764.7
97UY1GZ7JMW3B3ZHH,Stinger,Hatchback,2020,Kia,1,35529,21788,Sold,25972.98
F2KGY6YG7JZDMGSUH,GT-R,Minivan,2021,Nissan,4,82840,11812,Reserved,14317.95
Q3IPNQRDLT9L1ZWV6,GT-R,Hatchback,2019,Nissan,1,109044,7415,Sold,9495.04
GHLFQEPKMJDH6CV0T,GLE,SUV,2020,Mercedes-Benz,2,79978,10893,Reserved,14395.63
LKHVYQ9B4JMW4B6RX,Veloster,Truck,2015,Hyundai,2,22209,17889,Available,22330.14
P34CO44VY1EHGBPZN,MX-5 Miata,Minivan,2023,Mazda,3,54541,17013,Sold,20379.56
C1AV7LT1CV4O5LQ71,Z4,Minivan,2017,BMW,3,78949,9021,Reserved,10853.67
MSE6MEL2Q9UHFQLHI,Gladiator,Coupe,2018,Jeep,4,109331,6210,Available,7910.95
5I04UOTCK3HDHU8YK,Forte,SUV,2018,Kia,1,83485,10609,Reserved,11678.44
4X4QOPPAIUKZV5MB6,Camaro,Minivan,2016,Chevrolet,4,48434,12765,Sold,16018.76
P256WEV8DUPO54JZS,Bronco,Minivan,2024,Ford,2,76604,12360,Reserved,14694.47
044TQS6TAIUHZKQWA,Legacy,Sedan,2017,Subaru,2,87729,8159,Sold,10594.86
KLQBVNUP5V1YOSR9R,Model X,SUV,2018,Tesla,1,99459,7699,Reserved,8647.88
2VXPRWZMEMJ4KYLHW,Model Y,Sedan,2017,Tesla,3,94128,6406,Reserved,7988.61
XF2M2TAT9N336JEBT,Gladiator,Truck,2022,Jeep,4,100841,6965,Available,8498.99
NJILQQ32HLXKJ9RMW,Z4,Minivan,2024,BMW,2,25080,29427,Reserved,37095.13
M32H6TJUMEH69AM77,Supra,Coupe,2018,Toyota,1,51280,18743,Available,20921.19
MQPR67JU0N08MHAH1,Stinger,Hatchback,2015,Kia,3,102354,5622,Reserved,6999.37
M0WG0CI7FEYKLHBDG,NSX,Coupe,2016,Honda,2,65268,11392,Available,14130.31
J0SEJX7OOTCSCCIFT,A4,SUV,2017,Audi,3,101258,6690,Available,8296.7
I0SLUTDF8U33H44P7,GT-R,Hatchback,2020,Nissan,1,59768,13582,Reserved,16989.34
VXKOG73GW0MHU3G9C,Q5,Sedan,2022,Audi,2,44736,15136,Available,19209.35
MISKT4JI3180WRZIS,BRZ,Minivan,2015,Subaru,4,99277,5457,Sold,7100.91
8NYASUWZZKJLCJK23,C-Class,Sedan,2015,Mercedes-Benz,1,50651,12896,Available,15055.5
4I8S9XE1RA02W3SVI,AMG GT,Hatchback,2017,Mercedes-Benz,1,117214,5000,Reserved,6531.31
6ZDOK9SECP16RHZHX,BRZ,Truck,2018,Subaru,2,65676,12400,Sold,15184.59
51SR0ES3RLUGTLWMI,Bronco,Hatchback,2016,Ford,2,109351,5608,Reserved,6276.84
M3NL2WMDZT3YG9C9P,Z4,Truck,2017,BMW,3,14732,18708,Available,20852.64
L1CANG56AQULYGYEH,Camaro,Hatchback,2023,Chevrolet,1,32857,22634,Sold,26788.69
2M6853FQK9HGNH7D9,RAV4,Truck,2023,Toyota,1,68345,13092,Available,16970.17
NUKU9H2HE2D8QJ03P,Focus,Truck,2022,Ford,1,99505,8887,Available,11347.99
1O5B99WWJK6002OX8,Explorer,SUV,2021,Ford,2,25670,24341,Available,31574.02
CGB8S6576C4WQP3J9,5 Series,SUV,2021,BMW,3,76365,13836,Reserved,17008.83
ZLE8SX86B066SXCA7,X3,Sedan,2024,BMW,2,75502,15528,Sold,18789.65
OG2QEEYI2LAU1TCWR,MX-5 Miata,Coupe,2015,Mazda,3,5061,19202,Available,21830.05
ANGZQMORELPJD2XL6,Tiguan,SUV,2015,Volkswagen,3,49866,12320,Sold,14562.83
57UYPIEFAN2LCWEAO,Pilot,Truck,2020,Honda,1,73917,14608,Available,17653.84
OL70LVE9KDDR1OJ3W,Gladiator,Minivan,2021,Jeep,2,89726,9498,Available,10658.18
4VCK69ET5OA5ZH353,Malibu,Sedan,2015,Chevrolet,2,110086,5000,Available,5775.76
6YYASAWTI3EBIGZSD,Prius,SUV,2021,Toyota,1,19533,24940,Reserved,31163.93
0L9XTT7T8J6LHHN1I,E-Class,Coupe,2016,Mercedes-Benz,1,29426,14431,Available,18528.19
PAIK2FTJXNBUU5JH4,Stinger,Hatchback,2023,Kia,1,113729,7994,Sold,10788.6
SRLTFLAM9VCE03515,Stinger,Hatchback,2024,Kia,4,117473,5791,Reserved,7721.01
TBJW6RUNLSIL8TR4M,Mazda6,Sedan,2015,Mazda,3,86352,8853,Sold,11160.46
AAKEILJOL6Z0SXJ9Z,CX-9,Sedan,2022,Mazda,3,12395,26657,Sold,32130
VYR5RGFQCX3SCPF3E,BRZ,Hatchback,2018,Subaru,2,56841,14445,Available,18186.9
M16OF0NNJ2R5NKNA3,GT-R,Coupe,2017,Nissan,1,13035,14277,Reserved,18508.89
1HC7CYYWG3V068B7T,BRZ,Truck,2020,Subaru,2,109776,6789,Sold,7668.75
TNFZMYJN1G7X0FBAV,Bronco,Coupe,2024,Ford,2,23724,28625,Available,34420.88
1NUAG6Y9HNVW5JJQ1,Gladiator,Minivan,2017,Jeep,3,20296,13205,Reserved,17297.9
331MGVA4E2Y0KA5MB,5 Series,SUV,2018,BMW,2,14092,24195,Reserved,28936.21
TN4IXLDI8987O0GPN,BRZ,Hatchback,2023,Subaru,3,24444,21846,Sold,27153.88
4DLOM0G3GO6611JJP,Santa Fe,SUV,2017,Hyundai,4,70681,8660,Sold,10798.52
RI36PTYHALT5B3W79,Rogue,Sedan,2018,Nissan,2,35494,15687,Available,17979.17
OCYHQQ1L3XW4SOQ4K,Cybertruck,Hatchback,2021,Tesla,2,112737,6528,Sold,7771.97
L0ZPGMYWHJNXS5HVJ,Supra,Hatchback,2020,Toyota,1,83646,12783,Sold,15130.31
ARHHPQKI4795MB909,Rogue,SUV,2018,Nissan,1,119032,5371,Reserved,5943.28
ZJYRPMDZR65OPVZYB,Explorer,Sedan,2020,Ford,1,89241,8258,Reserved,9133.74
RO43QQXJY5O5GU1ZF,R8,Minivan,2015,Audi,1,104418,5000,Sold,6539.62
A2EQL92LKXDDH3OA4,Stinger,Minivan,2018,Kia,1,61657,16042,Sold,18741.35
MT4CPRA5LUAPRA204,GLC,SUV,2016,Mercedes-Benz,1,117539,5000,Sold,6147.6
PCPK2B5CFK58IYAU5,R8,Hatchback,2023,Audi,2,102294,9735,Sold,11435.52
K9QPTC8WGUWLQG9G7,C-Class,Sedan,2021,Mercedes-Benz,3,17497,24953,Available,33316.49
6KPH0D126WTEBD11A,Bronco,Hatchback,2020,Ford,2,5261,23811,Sold,27735.63
AABOE7H4VITI3FX93,Golf,Truck,2015,Volkswagen,3,8770,13862,Sold,16737.18
HY5NAVXSB2TRKVHP7,3 Series,Sedan,2019,BMW,2,77693,10582,Available,13949.01
YVFSCUKIDZ5Z7DLFN,Veloster,Truck,2024,Hyundai,3,6799,23112,Sold,30287.89
V0GZ53YJK5B0YWZYX,C-Class,Coupe,2017,Mercedes-Benz,4,105374,5000,Reserved,5732.63
RKWF3K9T1QULWKULK,Prius,Truck,2020,Toyota,3,115929,5381,Reserved,6998.86
TTAE6KENJFSD55CG5,Bronco,Hatchback,2023,Ford,1,27483,20867,Sold,25343.95
MEETN3Z12KNQUDT96,Bronco,Minivan,2021,Ford,2,99427,8957,Reserved,10934.19
F6SRE5LYNI3NHNSHR,Z4,Hatchback,2020,BMW,2,36394,16288,Sold,18460.33
UTNU4B5CS935O342G,Q7,Sedan,2016,Audi,1,56983,12363,Sold,13848.42
5DC31W9L82Z3YZ44B,Focus,SUV,2019,Ford,1,47463,20435,Available,26197.36
KKJSZOT9QD2E0LXOX,3 Series,Sedan,2017,BMW,4,91860,7861,Available,9622.77
AV0Q896V8R5MA6Q5C,Sentra,Truck,2022,Nissan,1,5794,19885,Reserved,24045.19
1MEKW52D3ZV8EIBGD,Golf,Minivan,2024,Volkswagen,4,87937,12175,Available,15612.94
MBAWAWKUMZ5DJOHV4,GT-R,Hatchback,2018,Nissan,3,66319,15576,Available,20114.51
43WDM3E8F2HFTR2EG,E-Class,Coupe,2024,Mercedes-Benz,3,12711,29770,Available,33929.67
9IG3ODRKTYF9JPFFS,BRZ,Truck,2016,Subaru,4,77215,9094,Available,11390.75
21BIFDOQ8TBLRH73R,Gladiator,Hatchback,2020,Jeep,4,46478,19387,Reserved,21981.73
FXHC2DEQUV9RPJTEU,Supra,Hatchback,2016,Toyota,1,67028,10493,Sold,13513.34
UXNT48KQWYZ0ZSMB5,BRZ,Coupe,2016,Subaru,3,64380,8622,Reserved,10900.27
Y7UXC32WB1SPVY1PO,GT-R,Minivan,2022,Nissan,3,35021,18485,Reserved,24754.26
3Z6LK3RC6WP0510IY,Golf,Coupe,2016,Volkswagen,3,6828,19245,Available,21501.27
SU1HQLEGOA1I4DLAS,Altima,Sedan,2019,Nissan,2,82040,13090,Reserved,14585.71
TRGEBBM8DKVM4ZBVI,Z4,Minivan,2015,BMW,2,93670,7625,Sold,8925.42
