Customer ID,Name,Credit Score,Phone Number,Email,Loan
1,Anthony Rivera,720,469-555-4001,arivera@email.com,15000.0
2,Samantha Lee,680,469-555-4002,slee@email.com,
3,Brian Mitchell,750,512-555-4003,bmitchell@email.com,22000.0
4,Laura Hernandez,610,713-555-4004,lhernandez@email.com,18500.0
5,Chris Thompson,800,214-555-4005,cthompson@email.com,
6,Nicole Adams,590,469-555-4006,nadams@email.com,12000.0
7,Jason Clark,710,512-555-4007,jclark@email.com,25000.0
8,Megan White,650,713-555-4008,mwhite@email.com,9500.0
9,Tyler Scott,770,214-555-4009,tscott@email.com,
10,Amanda Young,630,469-555-4010,ayoung@email.com,20000.0
11,Mark Miller,690,713-555-4657,mmiller@email.com,
12,Anthony Freeman,594,346-555-7912,afreeman@email.com,10953.48
13,Betty Edwards,669,281-555-1434,bedwards@email.com,23752.43
14,Teresa Graham,662,832-555-5557,tgraham@email.com,8142.97
15,Kenneth Kim,724,210-555-3547,kkim@email.com,
16,Benjamin Clark,597,972-555-2584,bclark@email.com,20769.38
17,Samuel Gomez,572,832-555-9785,sgomez@email.com,13744.78
18,Dennis Lee,832,210-555-6925,dlee@email.com,15568.58
19,Susan Murphy,698,469-555-4814,smurphy@email.com,16362.78
20,Zachary Ortiz,633,817-555-6820,zortiz@email.com,16285.21
21,Jonathan Jackson,637,281-555-5010,jjackson@email.com,14902.07
22,Heather Howard,835,713-555-6313,hhoward@email.com,16640.0
23,Ryan Rodriguez,711,972-555-5386,rrodriguez@email.com,
24,Janice Reyes,658,832-555-7482,jreyes@email.com,22142.74
25,Andrew Gomez,621,713-555-9830,agomez@email.com,17882.25
26,Alice Gonzales,848,972-555-6930,agonzales@email.com,
27,Emily Wells,802,469-555-1771,ewells@email.com,7292.62
28,Thomas Barnes,745,346-555-8668,tbarnes@email.com,29363.72
29,John Robinson,824,210-555-6573,jrobinson@email.com,
30,Ruth Green,782,214-555-5315,rgreen@email.com,16429.43
31,Jacqueline Ramirez,702,281-555-4258,jramirez@email.com,
32,Carol Tucker,821,214-555-6310,ctucker@email.com,
33,Mark Russell,707,713-555-1949,mrussell@email.com,
34,Janice Lee,593,832-555-2133,jlee@email.com,39339.53
35,Terry Allen,615,832-555-3705,tallen@email.com,17951.7
36,Jose Collins,826,713-555-6107,jcollins@email.com,
37,Maria Wallace,814,832-555-2982,mwallace@email.com,
38,Thomas Foster,560,346-555-4770,tfoster@email.com,27653.2
39,Mary Jackson,580,713-555-2104,mjackson@email.com,37162.6
40,Gregory Jackson,813,713-555-5562,gjackson@email.com,8213.55
41,Kimberly Stevens,674,832-555-7669,kstevens@email.com,
42,Matthew Alexander,731,972-555-7735,malexander@email.com,24039.67
43,Margaret Thomas,756,817-555-2790,mthomas@email.com,
44,Timothy Washington,779,512-555-7912,twashington@email.com,
45,Walter Cooper,588,832-555-2604,wcooper@email.com,11517.65
46,Lawrence Brown,597,713-555-3724,lbrown@email.com,22192.42
47,Andrea Collins,755,214-555-3697,acollins@email.com,
48,Diane Gomez,782,210-555-7930,dgomez@email.com,15957.58
49,Christian Marshall,629,713-555-5861,cmarshall@email.com,16531.03
50,Joseph Tucker,581,817-555-1936,jtucker@email.com,11504.27
51,Harold Ruiz,821,512-555-1931,hruiz@email.com,6201.67
52,Deborah Moore,584,713-555-7615,dmoore@email.com,13596.6
53,Janice Cooper,846,346-555-1651,jcooper@email.com,11288.37
54,Alice Mendoza,711,210-555-4346,amendoza@email.com,14912.04
55,Anna Coleman,617,210-555-8491,acoleman@email.com,19485.32
56,Charles Williams,784,346-555-2638,cwilliams@email.com,
57,Jason Kennedy,685,512-555-6718,jkennedy@email.com,27343.95
58,Jack Diaz,630,832-555-9900,jdiaz@email.com,31106.2
59,Gloria Williams,833,210-555-2697,gwilliams@email.com,7014.37
60,Ashley Ramirez,833,512-555-5462,aramirez@email.com,
61,Sharon Sanders,654,210-555-9280,ssanders@email.com,27917.4
62,Jessica White,766,210-555-1722,jwhite@email.com,
63,Kimberly Gomez,632,832-555-8007,kgomez@email.com,26827.21
64,Mark Martin,626,281-555-1590,mmartin@email.com,35037.85
65,Alice Nguyen,770,512-555-1685,anguyen@email.com,
66,David Sullivan,657,713-555-2684,dsullivan@email.com,20317.44
67,Henry Flores,671,512-555-3900,hflores@email.com,8545.3
68,Debra Reynolds,677,210-555-3608,dreynolds@email.com,10378.1
69,Barbara Ellis,663,713-555-8541,bellis@email.com,26051.8
70,Ryan Morris,562,713-555-7528,rmorris@email.com,19847.86
71,Karen Cox,729,281-555-7548,kcox@email.com,26560.55
72,Gregory Davis,609,210-555-3925,gdavis@email.com,27417.69
73,Anna Martinez,605,346-555-8119,amartinez@email.com,20370.61
74,Raymond Ramos,811,469-555-7311,rramos@email.com,7851.18
75,Susan Ramos,550,281-555-9821,sramos@email.com,30605.71
76,Ronald Ortiz,770,469-555-6409,rortiz@email.com,14950.81
77,Dorothy Brooks,809,210-555-7691,dbrooks@email.com,
78,Nicole Allen,648,972-555-7211,nallen@email.com,30319.54
79,Brian Bennett,757,281-555-1006,bbennett@email.com,
80,Sharon Alexander,846,346-555-6279,salexander@email.com,
81,Joan Collins,811,832-555-3780,jcollins86@email.com,
82,Martha Long,597,713-555-6085,mlong@email.com,16739.22
83,Ronald Nguyen,562,214-555-5011,rnguyen@email.com,39518.08
84,Charles Hayes,762,346-555-4185,chayes@email.com,10759.68
85,Aaron Peterson,625,214-555-2746,apeterson@email.com,33352.61
86,Jeffrey Rivera,815,832-555-1822,jrivera@email.com,18762.05
87,Dorothy Hayes,618,832-555-9702,dhayes@email.com,39636.77
88,Katherine Griffin,808,972-555-9976,kgriffin@email.com,
89,Kenneth Stevens,780,210-555-5050,kstevens83@email.com,
90,Frances Marshall,672,210-555-8206,fmarshall@email.com,
91,Emma Rogers,689,817-555-6238,erogers@email.com,9772.71
92,Joshua Cook,746,512-555-4505,jcook@email.com,
93,Henry Myers,827,832-555-7812,hmyers@email.com,
94,Kelly Fisher,849,214-555-7232,kfisher@email.com,
95,Patrick Brooks,749,972-555-9818,pbrooks@email.com,20014.91
96,Jeffrey Marshall,662,210-555-8140,jmarshall@email.com,16554.86
97,Joyce Nelson,789,512-555-9751,jnelson@email.com,
98,Tyler Miller,592,972-555-3223,tmiller@email.com,36005.54
99,George Gonzalez,683,972-555-6363,ggonzalez@email.com,
100,Christine Foster,744,210-555-7906,cfoster@email.com,
101,Christopher Ellis,559,281-555-1853,cellis@email.com,39997.23
102,Carolyn Morris,585,214-555-1508,cmorris@email.com,38488.35
103,Rebecca Garcia,628,713-555-3068,rgarcia@email.com,24206.83
104,Ashley Edwards,788,210-555-7043,aedwards@email.com,
105,Ashley Adams,709,469-555-1420,aadams@email.com,20667.53
106,Dennis Coleman,651,469-555-4978,dcoleman@email.com,
107,Helen Walker,839,214-555-6688,hwalker@email.com,
108,Jack Moore,809,817-555-1207,jmoore@email.com,17334.96
109,Sandra Alexander,735,832-555-3506,salexander57@email.com,
110,Frances Howard,825,832-555-8616,fhoward@email.com,
111,Jonathan Hughes,675,469-555-5569,jhughes@email.com,13365.0
112,Walter Butler,722,214-555-9098,wbutler@email.com,12000.48
113,Jason Powell,682,817-555-5581,jpowell@email.com,23426.04
114,Stephen Williams,814,713-555-2402,swilliams@email.com,
115,Henry Owens,834,713-555-8800,howens@email.com,12362.32
116,Robert White,700,713-555-7625,rwhite@email.com,14736.53
117,Ethan Jenkins,792,281-555-9698,ejenkins@email.com,
118,Sean Myers,730,832-555-5438,smyers@email.com,13071.84
119,Stephanie Reyes,611,281-555-4033,sreyes@email.com,15746.23
120,Andrea Ward,818,346-555-5636,award@email.com,17489.43
121,Nicole Murphy,734,512-555-5952,nmurphy@email.com,
122,Stephen Lopez,577,281-555-5786,slopez@email.com,30922.52
123,Steven Owens,602,214-555-5658,sowens@email.com,24081.91
124,Peter Sanders,644,214-555-5136,psanders@email.com,38231.91
125,Harold Robinson,583,972-555-9056,hrobinson@email.com,12222.47
126,Jessica Hill,626,346-555-5978,jhill@email.com,12555.43
127,Angela Walker,835,972-555-4697,awalker@email.com,10705.67
128,Joan Brooks,769,210-555-1986,jbrooks@email.com,16101.34
129,Sharon Collins,685,469-555-3573,scollins@email.com,
130,Kathryn Martin,630,214-555-7693,kmartin@email.com,23515.11
131,Kyle Wood,566,713-555-5720,kwood@email.com,31208.67
132,Zachary Jackson,669,210-555-4241,zjackson@email.com,19980.37
133,Joshua Kelly,622,469-555-1977,jkelly@email.com,14977.68
134,Brandon Richardson,774,469-555-8679,brichardson@email.com,15496.01
135,Brenda Ruiz,826,832-555-8172,bruiz@email.com,
136,David Alexander,715,346-555-5102,dalexander@email.com,
137,Ryan Garcia,687,346-555-1659,rgarcia99@email.com,18351.02
138,Joan Cox,642,346-555-8141,jcox@email.com,29043.54
139,Kyle Morales,759,817-555-6260,kmorales@email.com,17866.0
140,Gregory Reynolds,803,210-555-7561,greynolds@email.com,13251.45
141,Zachary Thompson,711,210-555-6296,zthompson@email.com,
142,Joyce Alvarez,550,281-555-8569,jalvarez@email.com,22397.43
143,Timothy Woods,735,346-555-9167,twoods@email.com,24719.79
144,Edward Kelly,831,512-555-5719,ekelly@email.com,
145,Carl Young,564,346-555-4920,cyoung@email.com,31293.48
146,Samantha Brown,832,972-555-2527,sbrown@email.com,
147,Ashley Gibson,610,512-555-9165,agibson@email.com,37979.59
148,Justin Wells,689,972-555-8905,jwells@email.com,13362.08
149,Kathryn Nguyen,746,713-555-9327,knguyen@email.com,11003.18
150,Karen Ward,762,817-555-9318,kward@email.com,
151,James Diaz,702,346-555-9022,jdiaz21@email.com,18655.51
152,Debra Freeman,743,832-555-6272,dfreeman@email.com,29577.04
153,Amy Barnes,669,972-555-1715,abarnes@email.com,18405.48
154,Heather Barnes,627,832-555-1606,hbarnes@email.com,13787.39
155,Gregory Sanchez,775,469-555-9617,gsanchez@email.com,5230.21
156,Andrew Jordan,629,469-555-8692,ajordan@email.com,33445.76
157,Anna Foster,753,469-555-6383,afoster@email.com,17890.13
158,Heather Cruz,799,281-555-1588,hcruz@email.com,8521.55
159,Emma Murphy,596,972-555-2612,emurphy@email.com,32811.09
160,Margaret Griffin,635,210-555-1474,mgriffin@email.com,11379.73
161,Joseph Watson,733,817-555-8056,jwatson@email.com,
162,Gloria Reynolds,839,512-555-3785,greynolds24@email.com,
163,Heather Morgan,804,346-555-3344,hmorgan@email.com,
164,Shirley Chavez,680,214-555-8622,schavez@email.com,22907.44
165,Kenneth Jackson,776,817-555-5901,kjackson@email.com,11364.63
166,Nicholas Hayes,704,713-555-7302,nhayes@email.com,10346.37
167,Heather Sullivan,844,210-555-5837,hsullivan@email.com,
168,Julie Ward,554,346-555-1803,jward@email.com,37318.51
169,Cheryl Richardson,667,346-555-6772,crichardson@email.com,
170,Timothy Reed,620,469-555-1645,treed@email.com,19267.99
171,Peter Rodriguez,846,817-555-3153,prodriguez@email.com,
172,Nicole Price,762,512-555-4289,nprice@email.com,
173,Lawrence Ortiz,821,281-555-5465,lortiz@email.com,8854.55
174,Andrea Watson,723,469-555-8673,awatson@email.com,11096.65
175,Cynthia Coleman,835,817-555-2479,ccoleman@email.com,5208.78
176,Ann Young,782,817-555-5295,ayoung76@email.com,
177,Maria Ramirez,669,832-555-1410,mramirez@email.com,28749.72
178,Christine Stewart,582,832-555-5951,cstewart@email.com,29477.18
179,Ashley Scott,573,214-555-5986,ascott@email.com,39877.82
180,Ashley Harris,670,281-555-3222,aharris@email.com,16162.25
181,Lawrence Graham,850,512-555-7797,lgraham@email.com,17505.4
182,Henry Cox,566,817-555-4559,hcox@email.com,23301.49
183,Jacob Russell,600,817-555-9920,jrussell@email.com,37050.89
184,Janet Thomas,753,210-555-4109,jthomas@email.com,19235.16
185,Zachary White,658,346-555-1349,zwhite@email.com,
186,Debra Peterson,614,346-555-4362,dpeterson@email.com,12058.3
187,Kathryn Parker,850,713-555-4817,kparker@email.com,
188,Donna Smith,691,512-555-3129,dsmith@email.com,25567.3
189,Kimberly Brown,733,713-555-6304,kbrown@email.com,
190,Anna Wilson,614,972-555-9619,awilson@email.com,13409.48
191,Thomas Stevens,779,817-555-9408,tstevens@email.com,11780.08
192,Jeffrey Lopez,816,210-555-8504,jlopez@email.com,5467.26
193,Harold Simmons,768,469-555-9032,hsimmons@email.com,11653.43
194,Christopher Hughes,625,469-555-3067,chughes@email.com,18250.48
195,Alice Price,745,346-555-9692,aprice@email.com,
196,Jacqueline Alexander,600,469-555-4522,jalexander@email.com,22902.1
197,Ryan Reynolds,723,832-555-7532,rreynolds@email.com,10091.89
198,Christina Reyes,680,817-555-3500,creyes@email.com,18433.89
199,Betty Perez,597,972-555-2582,bperez@email.com,32337.67
200,Maria King,834,214-555-6400,mking@email.com,11162.13
201,Jose Wilson,697,346-555-6119,jwilson@email.com,20714.21
202,Jason Flores,796,713-555-2773,jflores@email.com,
203,Christian Jenkins,608,210-555-4705,cjenkins@email.com,34216.64
204,Sara Miller,686,214-555-3955,smiller@email.com,
205,Samantha Foster,729,214-555-3972,sfoster@email.com,20459.06
206,Aaron Moore,622,214-555-2503,amoore@email.com,32383.35
207,Laura Perry,764,832-555-6585,lperry@email.com,
208,Samantha Price,840,346-555-2391,sprice@email.com,7333.7
209,Richard Lee,689,832-555-7947,rlee@email.com,17724.97
210,Brenda Edwards,812,469-555-6655,bedwards57@email.com,
211,Carl Castillo,707,214-555-4612,ccastillo@email.com,21185.15
212,Mary Turner,704,713-555-3248,mturner@email.com,14367.84
213,Donald Johnson,804,972-555-3878,djohnson@email.com,
214,Terry Murphy,806,281-555-6802,tmurphy@email.com,
215,David Ramos,559,832-555-2275,dramos@email.com,35863.3
216,Jean Gonzales,843,972-555-7843,jgonzales@email.com,
217,Joyce Garcia,716,512-555-8538,jgarcia@email.com,28234.93
218,Daniel Ramos,604,713-555-8138,dramos77@email.com,22013.49
219,Christopher Coleman,708,817-555-4630,ccoleman44@email.com,9680.35
220,Ashley Olson,811,713-555-6724,aolson@email.com,
221,Donna Rogers,602,512-555-5193,drogers@email.com,15918.15
222,Michelle Martin,640,832-555-8601,mmartin98@email.com,26912.06
223,Ethan West,839,346-555-6295,ewest@email.com,14408.26
224,Joshua Wallace,584,832-555-8245,jwallace@email.com,28941.55
225,Stephen Anderson,730,281-555-2215,sanderson@email.com,17942.11
226,Joseph Jenkins,696,469-555-2479,jjenkins@email.com,19155.49
227,Walter Hernandez,780,346-555-4084,whernandez@email.com,
228,Hannah Ruiz,627,214-555-8381,hruiz15@email.com,34329.0
229,Rachel Perez,808,512-555-1641,rperez@email.com,
230,Peter Wallace,818,281-555-3600,pwallace@email.com,
231,Larry Fisher,759,817-555-1857,lfisher@email.com,14709.58
232,Thomas Myers,598,281-555-7333,tmyers@email.com,18524.41
233,Joshua Long,591,346-555-3317,jlong@email.com,37502.39
234,Samantha Henderson,616,346-555-2388,shenderson@email.com,19287.46
235,Dennis Myers,615,281-555-2531,dmyers@email.com,29380.74
236,Jose Wells,735,214-555-6940,jwells41@email.com,
237,Jason Sanders,798,713-555-4711,jsanders@email.com,7324.18
238,Nicole Sanchez,809,281-555-9626,nsanchez@email.com,
239,Benjamin King,742,512-555-3658,bking@email.com,
240,Kevin Wallace,572,972-555-6968,kwallace@email.com,30290.89
241,Jacob Griffin,695,832-555-4833,jgriffin@email.com,14808.29
242,Kyle Roberts,738,346-555-8218,kroberts@email.com,14198.98
243,Heather Ruiz,820,972-555-3655,hruiz27@email.com,7075.98
244,Nicholas Wilson,796,817-555-2680,nwilson@email.com,12738.64
245,Dorothy Diaz,592,512-555-5469,ddiaz@email.com,23479.58
246,Martha Nguyen,773,469-555-4637,mnguyen@email.com,18269.45
247,Michael Hamilton,577,972-555-9224,mhamilton@email.com,21218.84
248,Jerry Lee,741,713-555-1461,jlee42@email.com,26461.88
249,Debra Nguyen,620,214-555-5700,dnguyen@email.com,37521.89
250,Kyle Scott,790,832-555-1086,kscott@email.com,5285.06
251,Laura Hill,830,346-555-9647,lhill@email.com,
252,Helen Young,574,713-555-7878,hyoung@email.com,29168.55
253,Judith Taylor,606,832-555-9782,jtaylor@email.com,10493.06
254,Martha Morgan,623,210-555-8032,mmorgan@email.com,10046.93
255,Patrick Morgan,842,972-555-4068,pmorgan@email.com,6284.21
256,Alexander Moore,819,281-555-9312,amoore66@email.com,10856.81
257,Kyle Lopez,748,817-555-5155,klopez@email.com,15856.07
258,Karen Ross,673,469-555-6447,kross@email.com,
259,Patrick Freeman,723,512-555-8612,pfreeman@email.com,18527.69
260,George Wright,582,832-555-1605,gwright@email.com,18803.28
261,Susan Evans,571,817-555-6080,sevans@email.com,25461.51
262,Teresa Stevens,679,214-555-4131,tstevens38@email.com,25178.51
263,Gregory Howard,613,817-555-8159,ghoward@email.com,36684.6
264,Peter Barnes,723,512-555-9129,pbarnes@email.com,16081.63
265,Keith Kelly,592,972-555-2293,kkelly@email.com,22918.21
266,George Freeman,700,469-555-6372,gfreeman@email.com,14742.91
267,Christina Nelson,777,817-555-8325,cnelson@email.com,
268,Patrick Ramos,690,214-555-2229,pramos@email.com,16936.63
269,Martha Green,565,512-555-8179,mgreen@email.com,11043.97
270,Karen Rogers,737,817-555-7272,krogers@email.com,8712.48
271,Michelle Cole,739,817-555-8273,mcole@email.com,20626.28
272,Gloria Ortiz,753,817-555-5566,gortiz@email.com,
273,Ashley Miller,645,832-555-9482,amiller@email.com,21609.62
274,Sara Walker,684,210-555-8311,swalker@email.com,
275,Emma Owens,652,469-555-3223,eowens@email.com,17944.94
276,Joan Thompson,713,817-555-2063,jthompson@email.com,14387.97
277,Scott Green,639,817-555-9335,sgreen@email.com,16727.25
278,Rebecca Scott,671,832-555-1430,rscott@email.com,20590.1
279,Evelyn King,594,469-555-6067,eking@email.com,21944.8
280,Harold Castillo,760,972-555-2208,hcastillo@email.com,
281,Katherine Jackson,780,832-555-9476,kjackson46@email.com,
282,Kathryn Campbell,616,972-555-9238,kcampbell@email.com,37321.37
283,Joseph Young,815,512-555-5982,jyoung@email.com,
284,Frank Morris,727,281-555-5653,fmorris@email.com,13513.32
285,Kathryn Ward,614,210-555-9740,kward13@email.com,25077.19
286,Amanda Flores,637,346-555-6531,aflores@email.com,35275.9
287,Albert Hernandez,564,469-555-1744,ahernandez@email.com,38456.41
288,Jean Gomez,657,346-555-7825,jgomez@email.com,8666.29
289,Teresa Wood,704,832-555-5012,twood@email.com,23069.8
290,Scott Hayes,587,214-555-3589,shayes@email.com,23188.16
291,Andrea Gibson,654,817-555-3353,agibson42@email.com,15024.96
292,Samuel Simmons,616,817-555-9437,ssimmons@email.com,26849.54
293,Katherine Morgan,788,469-555-5382,kmorgan@email.com,
294,Andrew Harris,575,210-555-7293,aharris80@email.com,22544.04
295,Kenneth Price,845,817-555-4110,kprice@email.com,12473.98
296,Martha Bryant,805,210-555-9148,mbryant@email.com,
297,Tyler Kennedy,784,713-555-4524,tkennedy@email.com,5729.87
298,Larry Mcdonald,790,210-555-9793,lmcdonald@email.com,
299,Paul Gomez,737,972-555-6995,pgomez@email.com,
300,Jessica Roberts,735,281-555-5728,jroberts@email.com,
301,Jacqueline Cole,831,210-555-2946,jcole@email.com,
302,Matthew Henderson,741,817-555-6990,mhenderson@email.com,12379.27
303,Roger Simmons,806,214-555-1742,rsimmons@email.com,
304,Debra Stevens,815,832-555-3440,dstevens@email.com,12732.59
305,Christine Cruz,633,972-555-5902,ccruz@email.com,27811.74
306,Jacqueline Wells,822,832-555-5911,jwells62@email.com,10525.37
307,Mark Hamilton,848,210-555-1436,mhamilton78@email.com,
308,Ethan Murphy,576,346-555-8871,emurphy23@email.com,25726.97
309,Heather Nguyen,674,214-555-2800,hnguyen@email.com,
310,Peter Reyes,764,512-555-7765,preyes@email.com,11155.66
311,Kyle Thomas,620,281-555-4397,kthomas@email.com,26826.6
312,Dennis Reyes,638,832-555-9734,dreyes@email.com,20269.81
313,Patrick Gomez,797,713-555-5038,pgomez37@email.com,8373.01
314,Scott Richardson,656,832-555-6194,srichardson@email.com,20330.73
315,Stephen Richardson,612,346-555-9899,srichardson50@email.com,36872.81
316,Julie Ross,624,210-555-1689,jross@email.com,18628.91
317,Christopher Ross,776,210-555-8849,cross@email.com,
318,Ann Howard,837,210-555-3249,ahoward@email.com,
319,Amy Peterson,575,281-555-4697,apeterson83@email.com,16985.1
320,Margaret Reynolds,719,832-555-2647,mreynolds@email.com,11024.27
321,Sean Green,758,832-555-8822,sgreen85@email.com,
322,Emma Hughes,696,214-555-2465,ehughes@email.com,13108.84
323,Barbara Hall,763,512-555-1595,bhall@email.com,10954.92
324,Arthur Mitchell,698,214-555-1151,amitchell@email.com,
325,Sandra Long,695,832-555-9901,slong@email.com,27563.72
326,Paul Kennedy,789,210-555-4159,pkennedy@email.com,9960.26
327,Judith Bailey,645,214-555-6523,jbailey@email.com,33723.03
328,Janice Roberts,639,346-555-7643,jroberts56@email.com,25458.42
329,Daniel Simmons,598,512-555-3303,dsimmons@email.com,24323.62
330,Angela Johnson,683,972-555-4858,ajohnson@email.com,13873.88
331,Gregory Bennett,848,346-555-1187,gbennett@email.com,
332,Alexander Rogers,581,469-555-8625,arogers@email.com,19204.19
333,Joyce Ruiz,709,469-555-5833,jruiz@email.com,12858.68
334,Paul Murray,628,832-555-7121,pmurray@email.com,22475.37
335,Sean Ellis,825,713-555-5054,sellis@email.com,13937.22
336,Christopher Castillo,778,281-555-6927,ccastillo11@email.com,6683.13
337,Sean Kennedy,653,346-555-9792,skennedy@email.com,
338,Christine Mendoza,776,469-555-4365,cmendoza@email.com,12332.42
339,Roger West,578,832-555-3161,rwest@email.com,25397.44
340,Zachary Anderson,836,832-555-6049,zanderson@email.com,10939.23
341,James Edwards,846,469-555-1742,jedwards@email.com,
342,Thomas Tucker,580,469-555-8734,ttucker@email.com,10952.05
343,Henry Campbell,619,972-555-7135,hcampbell@email.com,39785.7
344,Heather West,743,972-555-2314,hwest@email.com,22559.44
345,Lawrence Wright,728,469-555-3924,lwright@email.com,16647.29
346,Steven Morris,551,214-555-5888,smorris@email.com,23890.12
347,Teresa Kim,822,972-555-4762,tkim@email.com,
348,Samuel Flores,691,713-555-2848,sflores@email.com,
349,Kelly Jones,673,713-555-2102,kjones@email.com,
350,William West,574,713-555-1724,wwest@email.com,22067.96
351,Kathleen Tucker,661,214-555-3295,ktucker@email.com,14363.8
352,Jean Cruz,845,346-555-6253,jcruz@email.com,
353,Andrew Mendoza,663,972-555-5923,amendoza37@email.com,
354,Brian Gonzales,834,832-555-1768,bgonzales@email.com,19123.8
355,Heather Castillo,713,972-555-7688,hcastillo21@email.com,
356,Deborah Washington,792,713-555-4692,dwashington@email.com,
357,Andrew Gibson,579,281-555-7761,agibson55@email.com,26718.6
358,Paul Fisher,674,210-555-4331,pfisher@email.com,9739.55
359,Virginia Jenkins,597,281-555-4120,vjenkins@email.com,11546.1
360,Dennis Hernandez,587,713-555-4555,dhernandez@email.com,24381.83
361,Debra Bennett,557,713-555-4113,dbennett@email.com,38862.33
362,Donald Murray,674,346-555-4350,dmurray@email.com,13265.28
363,Frank Diaz,744,832-555-9743,fdiaz@email.com,14785.29
364,Alexander Alvarez,804,832-555-2615,aalvarez@email.com,15836.2
365,Katherine Turner,739,817-555-7781,kturner@email.com,
366,Jeffrey Nguyen,558,210-555-7841,jnguyen@email.com,18855.77
367,Ronald Myers,667,972-555-5026,rmyers@email.com,22401.38
368,Benjamin Bailey,800,832-555-8550,bbailey@email.com,
369,Patrick Baker,621,281-555-9000,pbaker@email.com,15521.43
370,Lawrence Thomas,818,214-555-2217,lthomas@email.com,15023.23
371,Mary Reynolds,620,713-555-2113,mreynolds92@email.com,14530.89
372,Laura Kennedy,783,817-555-1990,lkennedy@email.com,15001.32
373,Andrea Marshall,558,214-555-9719,amarshall@email.com,26549.31
374,Patricia Jones,821,210-555-9777,pjones@email.com,5257.14
375,Adam Rivera,604,469-555-9591,arivera21@email.com,17229.06
376,Jeremy Reed,731,210-555-7502,jreed@email.com,
377,Joyce Chavez,839,713-555-4700,jchavez@email.com,
378,Christopher Rodriguez,597,972-555-7213,crodriguez@email.com,21315.09
379,Hannah Anderson,554,512-555-2354,handerson@email.com,24995.75
380,Ruth Myers,839,469-555-9653,rmyers7@email.com,
381,Janice Stevens,688,214-555-2218,jstevens@email.com,14168.21
382,Teresa Rodriguez,641,817-555-1256,trodriguez@email.com,38844.08
383,Andrew Coleman,589,210-555-3661,acoleman74@email.com,17214.17
384,Diane Tucker,719,972-555-3292,dtucker@email.com,23164.83
385,Christopher Ruiz,727,214-555-2600,cruiz@email.com,26450.84
386,Rachel Coleman,717,214-555-5478,rcoleman@email.com,17912.1
387,Ryan Sullivan,833,972-555-8075,rsullivan@email.com,
388,Alice Butler,593,346-555-5839,abutler@email.com,33941.66
389,Charles Perez,687,512-555-7225,cperez@email.com,21945.82
390,Diane Cruz,734,469-555-2499,dcruz@email.com,
391,Brandon Griffin,734,210-555-2674,bgriffin@email.com,
392,Deborah Alexander,779,281-555-9395,dalexander54@email.com,
393,Daniel Powell,833,469-555-6315,dpowell@email.com,5185.11
394,Victoria Fisher,593,281-555-4977,vfisher@email.com,27158.81
395,Amanda Butler,636,512-555-5405,abutler40@email.com,18052.2
396,Donna Taylor,635,972-555-5521,dtaylor@email.com,22633.07
397,Andrea Martin,734,210-555-5040,amartin@email.com,18907.65
398,Ronald Chavez,604,512-555-5991,rchavez@email.com,10203.02
399,Julie Long,744,817-555-8212,jlong44@email.com,26117.78
400,Paul Brooks,714,346-555-4290,pbrooks63@email.com,29220.64
401,Katherine Wood,801,346-555-4971,kwood43@email.com,
402,Tyler Ortiz,608,346-555-4273,tortiz@email.com,27766.81
403,Teresa Campbell,831,214-555-8563,tcampbell@email.com,8144.73
404,Justin Moore,759,832-555-3280,jmoore83@email.com,
405,Nicholas Flores,766,972-555-2211,nflores@email.com,
406,Terry Kennedy,764,281-555-1602,tkennedy48@email.com,17184.45
407,Nancy Ramirez,677,817-555-3725,nramirez@email.com,8974.53
408,Aaron Myers,770,469-555-1172,amyers@email.com,
409,Jeffrey Wells,815,281-555-4621,jwells59@email.com,
410,Walter Ruiz,627,817-555-1402,wruiz@email.com,24483.13
411,Nicole Hamilton,593,469-555-3321,nhamilton@email.com,20449.86
412,Rachel Hayes,655,281-555-8912,rhayes@email.com,10147.71
413,Virginia Cruz,584,210-555-1732,vcruz@email.com,34305.58
414,Ashley Garcia,725,469-555-3692,agarcia@email.com,24290.77
415,Keith Hall,832,512-555-6422,khall@email.com,19376.94
416,Kathleen Patterson,644,512-555-8080,kpatterson@email.com,21867.47
417,Ronald Cole,769,972-555-1072,rcole@email.com,8086.77
418,Thomas Clark,824,512-555-6993,tclark@email.com,
419,Judith Robinson,684,832-555-9646,jrobinson83@email.com,16550.06
420,Tyler Robinson,728,817-555-8501,trobinson@email.com,25902.24
421,Scott Perez,618,817-555-2931,sperez@email.com,17157.18
422,Ashley Campbell,741,512-555-9369,acampbell@email.com,21121.37
423,Jean Barnes,766,512-555-8973,jbarnes@email.com,15401.49
424,Brian Nelson,800,210-555-3298,bnelson@email.com,
425,Virginia Wilson,733,214-555-8939,vwilson@email.com,
426,Jerry Kennedy,803,972-555-8272,jkennedy64@email.com,
427,Albert Davis,662,210-555-1535,adavis@email.com,
428,Ann Richardson,636,832-555-9115,arichardson@email.com,26491.79
429,Mark Robinson,687,281-555-7010,mrobinson@email.com,24649.3
430,Peter Freeman,661,972-555-2677,pfreeman96@email.com,24529.6
431,Scott Rodriguez,780,210-555-6711,srodriguez@email.com,6304.75
432,Donald Rogers,657,346-555-6744,drogers92@email.com,17419.68
433,Emily Turner,655,214-555-6747,eturner@email.com,21130.87
434,Amanda Hughes,699,210-555-5380,ahughes@email.com,19317.13
435,Matthew Wright,760,214-555-5543,mwright@email.com,6903.32
436,Kimberly Cooper,624,817-555-5055,kcooper@email.com,32844.21
437,Tyler Owens,622,346-555-5402,towens@email.com,28834.38
438,Dennis Cole,588,469-555-7600,dcole@email.com,25468.4
439,Pamela Jenkins,782,832-555-6362,pjenkins@email.com,18033.62
440,Betty Chavez,733,469-555-9756,bchavez@email.com,29298.83
441,Jason Mcdonald,687,817-555-5646,jmcdonald@email.com,20714.54
442,Albert Marshall,725,214-555-1752,amarshall14@email.com,26407.45
443,Robert Young,630,832-555-8479,ryoung@email.com,10020.28
444,Christina Evans,617,210-555-3604,cevans@email.com,36232.7
445,Stephen White,734,210-555-2350,swhite@email.com,27883.61
446,Kevin Wilson,752,210-555-4836,kwilson@email.com,
447,Betty Harris,550,713-555-8812,bharris@email.com,12338.16
448,Cynthia Woods,777,214-555-1132,cwoods@email.com,17256.64
449,Jose King,794,469-555-4751,jking@email.com,
450,Anthony Clark,710,817-555-5902,aclark@email.com,
451,Paul Torres,585,281-555-1138,ptorres@email.com,28309.58
452,Carolyn Collins,627,972-555-8248,ccollins@email.com,35798.88
453,Daniel Sanchez,621,469-555-7291,dsanchez@email.com,20546.07
454,Emily Cooper,691,469-555-5065,ecooper@email.com,21200.17
455,Larry Miller,704,713-555-9482,lmiller@email.com,12150.22
456,Tyler Watson,577,713-555-9108,twatson@email.com,21576.57
457,Amy Harrison,586,281-555-1197,aharrison@email.com,39606.48
458,Katherine King,748,346-555-7895,kking@email.com,23024.73
459,Kyle Jackson,558,346-555-2106,kjackson3@email.com,17865.56
460,David Thomas,753,281-555-5693,dthomas@email.com,12515.73
461,Douglas Kim,755,469-555-9791,dkim@email.com,
462,Michelle Cox,592,210-555-2294,mcox@email.com,25339.14
463,Edward Flores,824,817-555-7401,eflores@email.com,16448.36
464,Thomas James,773,713-555-1948,tjames@email.com,
465,Ruth Robinson,782,346-555-1901,rrobinson@email.com,
466,Brian Walker,556,512-555-1185,bwalker@email.com,14914.98
467,Samuel Mendoza,814,210-555-3735,smendoza@email.com,
468,Jonathan Walker,565,817-555-8034,jwalker@email.com,18159.42
469,Thomas Gomez,845,469-555-9128,tgomez@email.com,
470,Alexander Anderson,805,346-555-3734,aanderson@email.com,
471,Shirley Clark,843,469-555-4742,sclark@email.com,5038.53
472,Patricia Peterson,573,832-555-6963,ppeterson@email.com,21489.38
473,Joshua Rivera,568,281-555-7870,jrivera30@email.com,19654.06
474,Douglas Cruz,688,469-555-7108,dcruz17@email.com,27842.7
475,Melissa Morris,814,214-555-7568,mmorris@email.com,
476,Evelyn Diaz,709,817-555-2415,ediaz@email.com,8175.32
477,Rebecca Wood,838,210-555-4974,rwood@email.com,
478,Arthur Phillips,829,713-555-3466,aphillips@email.com,
479,Henry Miller,669,281-555-6675,hmiller@email.com,23256.14
480,John Long,550,972-555-6038,jlong15@email.com,16155.83
481,Jacob Graham,801,214-555-3332,jgraham@email.com,6395.4
482,Kathleen Mendoza,761,817-555-8511,kmendoza@email.com,6273.54
483,Matthew Kennedy,618,972-555-2226,mkennedy@email.com,27756.87
484,Sarah Ramos,616,713-555-5778,sramos35@email.com,35527.41
485,Tyler Price,712,832-555-5455,tprice@email.com,
486,Rebecca Wright,849,469-555-3546,rwright@email.com,
487,Virginia Bryant,710,972-555-2978,vbryant@email.com,29221.96
488,Sharon Cole,707,832-555-5341,scole@email.com,9989.26
489,Helen Hernandez,660,817-555-3430,hhernandez@email.com,
490,Angela Sullivan,752,281-555-1802,asullivan@email.com,8902.5
491,Brian Davis,757,832-555-5093,bdavis@email.com,
492,Anthony Scott,612,214-555-2010,ascott30@email.com,13921.46
493,Aaron Gutierrez,593,346-555-5240,agutierrez@email.com,37522.86
494,Lisa Garcia,583,713-555-8265,lgarcia@email.com,34278.96
495,Betty Myers,612,214-555-8552,bmyers@email.com,11519.13
496,Joe Alexander,752,832-555-1483,jalexander50@email.com,7592.11
497,Jason Mitchell,690,210-555-8307,jmitchell@email.com,8762.29
498,Gary Watson,805,972-555-8848,gwatson@email.com,
499,Pamela Barnes,620,972-555-4267,pbarnes84@email.com,36539.58
500,Jeremy Cooper,828,214-555-7266,jcooper93@email.com,
501,Teresa Marshall,726,346-555-9231,tmarshall@email.com,13949.59
502,Michael Cruz,662,214-555-5602,mcruz@email.com,
503,Kyle Olson,733,346-555-4813,kolson@email.com,10202.96
504,Amy Kelly,823,214-555-4594,akelly@email.com,19739.97
505,Diane Powell,638,512-555-4875,dpowell77@email.com,19540.13
506,Janet Davis,730,346-555-3328,jdavis@email.com,12141.14
507,Arthur Tucker,708,512-555-9035,atucker@email.com,
508,Joseph Cook,662,214-555-9625,jcook63@email.com,
509,Rebecca King,724,512-555-6301,rking@email.com,
510,Donna Torres,606,281-555-6978,dtorres@email.com,38816.76
511,Maria Coleman,850,469-555-6514,mcoleman@email.com,
512,Paul Green,773,832-555-6198,pgreen@email.com,
513,Sara Sullivan,664,346-555-3872,ssullivan@email.com,24147.89
514,Melissa Smith,843,972-555-1530,msmith@email.com,
515,Katherine Stewart,839,469-555-9129,kstewart@email.com,
516,Lisa Rogers,727,817-555-3750,lrogers@email.com,29187.75
517,Debra West,555,210-555-4435,dwest@email.com,17486.23
518,Karen Morales,681,469-555-1020,kmorales8@email.com,24116.86
519,Kevin Reynolds,802,972-555-6754,kreynolds@email.com,
520,Margaret Murray,845,713-555-3664,mmurray@email.com,
521,William Watson,560,817-555-5278,wwatson@email.com,38549.86
522,Charles Sanders,637,972-555-3636,csanders@email.com,31959.55
523,Sean White,723,346-555-8909,swhite92@email.com,
524,Kevin Ramos,630,214-555-2659,kramos@email.com,19932.84
525,Timothy Jordan,833,281-555-5346,tjordan@email.com,9461.01
526,Matthew Gonzalez,751,346-555-9043,mgonzalez@email.com,
527,Alexander Smith,768,469-555-5825,asmith@email.com,14376.36
528,Harold Evans,599,214-555-4390,hevans@email.com,15124.97
529,Justin Lee,792,469-555-6052,jlee52@email.com,
530,Anna White,828,972-555-4029,awhite@email.com,
531,Heather Jenkins,645,832-555-1731,hjenkins@email.com,17898.88
532,Evelyn Gomez,665,210-555-2009,egomez@email.com,
533,Matthew Perez,726,281-555-7782,mperez@email.com,20973.98
534,Kathryn Thomas,748,281-555-7858,kthomas70@email.com,28599.95
535,Joe Rogers,793,210-555-2293,jrogers@email.com,
536,William Ruiz,842,281-555-3415,wruiz17@email.com,11735.6
537,Kevin Collins,648,512-555-1699,kcollins@email.com,22701.25
538,Ruth Evans,625,346-555-5225,revans@email.com,19592.48
539,Karen Thompson,748,281-555-7510,kthompson@email.com,26845.73
540,Frances Chavez,556,346-555-9561,fchavez@email.com,33450.57
541,Joshua Nguyen,840,346-555-2641,jnguyen15@email.com,6514.86
542,Emma Washington,726,972-555-5327,ewashington@email.com,18682.87
543,Hannah Martinez,638,210-555-7602,hmartinez@email.com,14315.58
544,Aaron Martinez,752,817-555-4892,amartinez8@email.com,18812.52
545,Maria Garcia,722,210-555-6094,mgarcia@email.com,
546,Megan Sanchez,666,512-555-5923,msanchez@email.com,17748.43
547,Frank Kelly,763,346-555-2462,fkelly@email.com,
548,Jason Jordan,798,281-555-7126,jjordan@email.com,12729.05
549,Kenneth Taylor,709,281-555-7609,ktaylor@email.com,
550,Jeremy Davis,638,713-555-4288,jdavis9@email.com,17484.71
551,Zachary Gonzalez,734,713-555-5488,zgonzalez@email.com,18212.81
552,Julie Young,565,713-555-7102,jyoung64@email.com,27821.31
553,Melissa Stevens,850,281-555-6730,mstevens@email.com,
554,Eric White,695,214-555-7333,ewhite@email.com,
555,Joe Collins,663,713-555-4387,jcollins36@email.com,19292.19
556,John Stevens,617,512-555-1138,jstevens30@email.com,17571.71
557,Brandon Ward,766,972-555-6713,bward@email.com,
558,Laura Bryant,704,281-555-7506,lbryant@email.com,8161.65
559,Maria Diaz,702,469-555-8892,mdiaz@email.com,
560,Stephen Price,691,210-555-5895,sprice26@email.com,
561,Amy Anderson,756,817-555-3292,aanderson94@email.com,
562,Cheryl Watson,682,972-555-7628,cwatson@email.com,8777.02
563,Joe Carter,725,713-555-9759,jcarter@email.com,18466.17
564,Janet Kennedy,703,512-555-3967,jkennedy39@email.com,
565,Steven Bell,836,512-555-6499,sbell@email.com,8333.8
566,Cynthia Gray,765,817-555-7089,cgray@email.com,
567,Nicole Gibson,610,832-555-1879,ngibson@email.com,35991.8
568,Alice Jackson,791,713-555-9199,ajackson@email.com,
569,Heather Olson,702,972-555-1885,holson@email.com,11317.13
570,Rebecca Sanders,759,346-555-8496,rsanders@email.com,
571,George Lee,799,817-555-3897,glee@email.com,
572,Joseph Johnson,781,210-555-4430,jjohnson@email.com,7529.09
573,Kenneth Owens,595,512-555-8105,kowens@email.com,29004.63
574,Joyce Gonzales,794,972-555-1076,jgonzales6@email.com,
575,Maria Brown,714,281-555-4122,mbrown@email.com,
576,Mary Cooper,665,817-555-6113,mcooper@email.com,
577,Jerry Ruiz,706,512-555-2069,jruiz7@email.com,
578,Justin Hayes,816,346-555-9587,jhayes@email.com,
579,Paul Sanders,800,817-555-4087,psanders23@email.com,18773.08
580,Joyce Jones,666,713-555-3149,jjones@email.com,
581,Jennifer Kennedy,636,469-555-7006,jkennedy93@email.com,29516.21
582,Barbara Perry,680,281-555-1796,bperry@email.com,9055.13
583,Sandra Garcia,574,469-555-7828,sgarcia@email.com,23329.43
584,Dorothy Reed,792,512-555-4366,dreed@email.com,14454.67
585,Helen Graham,601,281-555-5423,hgraham@email.com,28683.93
586,Emily Graham,603,281-555-2928,egraham@email.com,18481.2
587,Sandra Harrison,651,346-555-4272,sharrison@email.com,26292.97
588,Rebecca Sullivan,759,210-555-3627,rsullivan7@email.com,
589,Sharon Ford,719,713-555-1044,sford@email.com,
590,Daniel Lewis,843,832-555-3443,dlewis@email.com,16692.89
591,Lisa Sanchez,681,713-555-8483,lsanchez@email.com,14512.49
592,Walter Gonzalez,601,512-555-1646,wgonzalez@email.com,35567.46
593,Alexander Reyes,768,469-555-2556,areyes@email.com,18354.38
594,John Scott,637,817-555-6857,jscott@email.com,36835.83
595,Jonathan White,740,817-555-3996,jwhite16@email.com,29170.82
596,Brenda Barnes,794,972-555-3732,bbarnes@email.com,
597,Sarah Green,603,972-555-8908,sgreen74@email.com,30351.79
598,George Butler,733,346-555-1472,gbutler@email.com,27358.91
599,Kimberly Ford,799,469-555-7738,kford@email.com,
600,Thomas Bell,710,214-555-9598,tbell@email.com,20686.28
601,Albert Morris,723,281-555-9570,amorris@email.com,21601.26
602,Adam Cooper,796,817-555-7305,acooper@email.com,
603,Christian Wilson,555,512-555-9283,cwilson@email.com,35465.37
604,Arthur Nelson,588,832-555-6253,anelson@email.com,17226.75
605,Pamela Gonzalez,809,713-555-7203,pgonzalez@email.com,
606,Jacob Lee,785,832-555-8341,jlee13@email.com,11706.02
607,Donald Harrison,559,469-555-7609,dharrison@email.com,22370.16
608,Christian Smith,596,346-555-5990,csmith@email.com,36703.33
609,Sara Turner,783,817-555-6953,sturner@email.com,17248.83
610,Zachary Myers,836,346-555-8751,zmyers@email.com,10449.42
611,Virginia Robinson,599,713-555-1035,vrobinson@email.com,20240.71
612,Justin Mendoza,741,469-555-1750,jmendoza@email.com,18833.29
613,Henry Ramirez,680,346-555-4209,hramirez@email.com,
614,Tyler Edwards,784,713-555-6536,tedwards@email.com,
615,Douglas Lopez,613,832-555-8493,dlopez@email.com,29753.7
616,Jacqueline Wright,805,214-555-9689,jwright@email.com,13298.39
617,Adam Ford,810,512-555-3845,aford@email.com,6925.73
618,Diane Hughes,808,972-555-7859,dhughes@email.com,18738.65
619,Angela Ward,753,817-555-5819,award59@email.com,7072.7
620,Martha Brooks,830,817-555-4560,mbrooks@email.com,
621,Justin Ross,617,512-555-9255,jross71@email.com,30829.36
622,Frank Robinson,730,281-555-8870,frobinson@email.com,28738.82
623,Douglas Webb,696,972-555-1209,dwebb@email.com,8555.99
624,Donna Wilson,578,713-555-5374,dwilson@email.com,32505.55
625,Carol Richardson,678,512-555-2016,crichardson90@email.com,12488.02
626,Lawrence Rodriguez,733,832-555-2679,lrodriguez@email.com,22861.57
627,Sara Morris,837,972-555-4892,smorris67@email.com,16982.33
628,Emma Gonzalez,745,972-555-7825,egonzalez@email.com,29468.1
629,Raymond Wilson,556,210-555-4327,rwilson@email.com,28616.85
630,Joan Morris,738,346-555-9955,jmorris@email.com,12322.32
631,Stephanie Watson,779,512-555-2220,swatson@email.com,
632,Brian Alvarez,611,972-555-1665,balvarez@email.com,22855.23
633,Christian Gomez,616,512-555-5178,cgomez@email.com,10169.35
634,Evelyn Flores,570,512-555-6285,eflores78@email.com,11525.66
635,Helen Owens,843,281-555-6866,howens11@email.com,9767.89
636,Jeffrey Mitchell,816,469-555-9276,jmitchell22@email.com,
637,Ann Patterson,597,817-555-4624,apatterson@email.com,36501.9
638,Gregory Myers,734,210-555-4579,gmyers@email.com,21602.17
639,Hannah Williams,608,817-555-8301,hwilliams@email.com,17210.44
640,Gary Hernandez,714,972-555-2857,ghernandez@email.com,19885.22
641,Keith Gutierrez,813,281-555-8300,kgutierrez@email.com,
642,Nicole Roberts,714,281-555-2349,nroberts@email.com,11682.69
643,Ann Webb,553,469-555-4453,awebb@email.com,30110.05
644,Jason Kim,603,713-555-9810,jkim@email.com,34862.46
645,Ruth Jackson,628,214-555-8523,rjackson@email.com,31506.05
646,Barbara Thompson,587,214-555-3916,bthompson@email.com,33826.44
647,Christian Jackson,844,713-555-5237,cjackson@email.com,
648,Virginia Patterson,771,817-555-1276,vpatterson@email.com,
649,Donald Webb,553,346-555-2036,dwebb98@email.com,32378.53
650,Susan Jackson,733,281-555-2738,sjackson@email.com,
651,Helen Thompson,694,832-555-7249,hthompson@email.com,22535.91
652,Hannah Green,823,713-555-3234,hgreen@email.com,16951.56
653,Teresa Watson,623,210-555-7113,twatson3@email.com,26605.73
654,Christian Torres,613,214-555-1082,ctorres@email.com,27181.56
655,Tyler Washington,830,469-555-5992,twashington28@email.com,18553.2
656,Samuel Collins,761,281-555-3333,scollins22@email.com,
657,Nicholas Roberts,608,512-555-1891,nroberts98@email.com,37971.1
658,Sean Gibson,831,469-555-5762,sgibson@email.com,8760.31
659,Ronald Marshall,719,817-555-3100,rmarshall@email.com,13159.72
660,Larry Moore,649,817-555-8960,lmoore@email.com,23519.38
661,Brandon Flores,839,346-555-6971,bflores@email.com,19379.88
662,Amanda Johnson,710,713-555-4629,ajohnson93@email.com,17594.73
663,Alexander Wright,719,832-555-8583,awright@email.com,25044.87
664,Carl Ramirez,639,346-555-2343,cramirez@email.com,35253.79
665,Emily Washington,650,210-555-2252,ewashington95@email.com,
666,Robert Kennedy,565,346-555-7637,rkennedy@email.com,33076.01
667,Jason Martinez,832,210-555-9904,jmartinez@email.com,13095.16
668,Joshua Ortiz,750,713-555-5767,jortiz@email.com,
669,Gerald Wells,596,972-555-6961,gwells@email.com,25065.02
670,Amy Nelson,813,512-555-8310,anelson22@email.com,
671,Albert Nguyen,797,817-555-1662,anguyen30@email.com,8476.25
672,Anna Jenkins,669,214-555-4387,ajenkins@email.com,25412.13
673,Diane Ellis,782,214-555-1653,dellis@email.com,9861.07
674,Frances Ward,684,346-555-9918,fward@email.com,16286.51
675,Dennis Ortiz,850,469-555-9465,dortiz@email.com,
676,Joyce Powell,726,832-555-8898,jpowell79@email.com,
677,Emily Wallace,634,713-555-2263,ewallace@email.com,25436.24
678,Pamela Collins,626,512-555-3578,pcollins@email.com,20866.69
679,Donald Murphy,762,817-555-2856,dmurphy@email.com,
680,Harold Murray,657,346-555-3641,hmurray@email.com,17039.78
681,Gary Lopez,615,346-555-3639,glopez@email.com,14041.72
682,Martha Hernandez,843,512-555-1916,mhernandez@email.com,
683,George Woods,757,346-555-1305,gwoods@email.com,15919.61
684,Larry Perez,660,832-555-8723,lperez@email.com,11752.47
685,Victoria Torres,848,210-555-3747,vtorres@email.com,10140.07
686,Zachary Moore,667,972-555-7315,zmoore@email.com,
687,Robert Evans,817,281-555-7877,revans21@email.com,7661.33
688,Barbara Webb,807,469-555-2526,bwebb@email.com,
689,Kimberly Tucker,550,972-555-9553,ktucker55@email.com,21111.32
690,Susan Olson,769,713-555-8899,solson@email.com,10718.55
691,Jean Sanchez,767,512-555-5170,jsanchez@email.com,
692,Kathleen Perez,695,346-555-9908,kperez@email.com,12158.46
693,Mary Mendoza,610,281-555-1117,mmendoza@email.com,21250.9
694,Edward Reyes,759,817-555-2746,ereyes@email.com,
695,Alice Reed,683,281-555-7939,areed@email.com,21461.37
696,Julie Turner,761,281-555-8904,jturner@email.com,
697,Sara Ford,679,210-555-6641,sford92@email.com,11037.51
698,Nathan Adams,601,713-555-9328,nadams53@email.com,33582.43
699,Sean Wilson,632,972-555-1086,swilson@email.com,34131.08
700,Donna Ellis,772,469-555-2049,dellis35@email.com,
701,Christopher Martinez,746,972-555-9536,cmartinez@email.com,
702,Joseph Hall,803,832-555-1175,jhall@email.com,
703,Keith Richardson,649,214-555-9364,krichardson@email.com,25474.41
704,Kathleen Baker,568,817-555-4919,kbaker@email.com,29650.57
705,Kenneth Thompson,691,972-555-6785,kthompson87@email.com,20893.76
706,Keith Brown,585,469-555-5661,kbrown94@email.com,34892.94
707,Alice Morales,727,210-555-4707,amorales@email.com,12279.55
708,Joyce Johnson,683,512-555-7670,jjohnson66@email.com,
709,Charles Ruiz,700,817-555-2917,cruiz67@email.com,27274.49
710,Jean Reed,776,972-555-8923,jreed33@email.com,19418.58
711,Judith Chavez,850,214-555-8896,jchavez16@email.com,
712,Heather Stewart,667,817-555-7757,hstewart@email.com,19363.09
713,John Gomez,677,210-555-2523,jgomez53@email.com,26063.64
714,Lisa Rivera,793,817-555-6792,lrivera@email.com,
715,Joe Kelly,643,713-555-9175,jkelly96@email.com,15990.0
716,Amy Gomez,655,713-555-4322,agomez33@email.com,15832.6
717,Sandra Walker,590,832-555-1108,swalker99@email.com,35712.68
718,David Ford,740,346-555-6167,dford@email.com,29677.95
719,Jean Ward,801,512-555-9374,jward37@email.com,
720,Jean Allen,577,281-555-7933,jallen@email.com,24349.6
721,Gerald Ross,751,512-555-8490,gross@email.com,15473.67
722,Judith Reyes,554,214-555-4452,jreyes50@email.com,27430.25
723,Christine Russell,682,512-555-9987,crussell@email.com,
724,Jonathan Ellis,725,817-555-4013,jellis@email.com,12631.71
725,Maria Ortiz,755,210-555-8384,mortiz@email.com,
726,Kimberly Murphy,601,210-555-4863,kmurphy@email.com,26660.2
727,Heather Phillips,624,512-555-8749,hphillips@email.com,34170.05
728,Melissa Graham,805,512-555-9470,mgraham@email.com,
729,Raymond Marshall,703,210-555-1781,rmarshall52@email.com,
730,Carol Thomas,660,210-555-8807,cthomas@email.com,10118.64
731,Debra Bell,734,817-555-5222,dbell@email.com,17058.74
732,Carolyn Phillips,845,346-555-9821,cphillips@email.com,
733,Larry Powell,716,281-555-8987,lpowell@email.com,17832.46
734,Christopher Butler,696,832-555-3373,cbutler@email.com,22092.77
735,Benjamin Graham,842,972-555-2168,bgraham@email.com,
736,Rachel Murphy,710,817-555-5773,rmurphy@email.com,21318.47
737,Julie Howard,777,817-555-9535,jhoward@email.com,11209.84
738,Deborah Garcia,614,713-555-5122,dgarcia@email.com,38213.12
739,Christopher Parker,635,972-555-2687,cparker@email.com,12866.61
740,Hannah Wilson,563,972-555-9584,hwilson@email.com,32949.89
741,Nancy Clark,684,346-555-3544,nclark@email.com,
742,Diane James,667,713-555-5655,djames@email.com,10781.06
743,Jeremy Baker,564,214-555-6846,jbaker@email.com,35811.06
744,Christine Stevens,789,281-555-5463,cstevens@email.com,
745,Paul Tucker,640,346-555-8480,ptucker@email.com,28931.43
746,Albert Ramos,818,281-555-6073,aramos@email.com,12224.78
747,Ryan Thompson,776,210-555-6992,rthompson@email.com,
748,Michelle Bennett,555,214-555-9574,mbennett@email.com,34461.39
749,Paul Ross,696,832-555-9767,pross@email.com,
750,Megan Murray,703,214-555-8052,mmurray39@email.com,25528.88
751,Sean Gutierrez,646,972-555-8161,sgutierrez@email.com,21842.56
752,Carol Fisher,743,713-555-5308,cfisher@email.com,
753,Amy Woods,689,210-555-9715,awoods@email.com,17083.89
754,Karen Campbell,619,210-555-2808,kcampbell83@email.com,23660.29
755,Virginia Howard,801,713-555-6253,vhoward@email.com,
756,Richard Webb,561,512-555-2675,rwebb@email.com,18463.44
757,Steven Wallace,554,713-555-2477,swallace@email.com,14520.51
758,Arthur Edwards,725,972-555-6104,aedwards65@email.com,18201.06
759,William Myers,591,512-555-1918,wmyers@email.com,17995.11
760,Tyler Jackson,828,832-555-3975,tjackson@email.com,
761,Nicholas Butler,556,469-555-5078,nbutler@email.com,21543.94
762,Joan Cooper,567,713-555-8550,jcooper96@email.com,33129.88
763,Frances Parker,792,972-555-6113,fparker@email.com,7379.17
764,David Mendoza,612,210-555-8884,dmendoza@email.com,29155.6
765,Ronald Russell,576,713-555-2850,rrussell@email.com,17078.98
766,Ruth Price,557,512-555-5523,rprice@email.com,27540.91
767,Julie Peterson,554,214-555-8786,jpeterson@email.com,30652.2
768,Michelle Gutierrez,595,713-555-3583,mgutierrez@email.com,24997.58
769,Benjamin Thomas,580,817-555-3521,bthomas@email.com,31039.84
770,Sandra Allen,799,713-555-6189,sallen@email.com,16828.43
771,Samuel Wallace,648,214-555-7189,swallace47@email.com,31731.97
772,Nicholas Hernandez,798,832-555-5828,nhernandez@email.com,
773,Megan Carter,840,512-555-9906,mcarter@email.com,
774,Evelyn Ward,833,512-555-2128,eward@email.com,
775,Virginia Watson,684,281-555-7014,vwatson@email.com,25070.19
776,Jacqueline Butler,644,214-555-6965,jbutler@email.com,33280.5
777,Amy Hughes,582,281-555-7348,ahughes26@email.com,25722.09
778,Cheryl Flores,694,817-555-7714,cflores@email.com,10430.21
779,Frances Moore,572,512-555-3926,fmoore@email.com,36204.78
780,Rebecca Ramirez,798,713-555-2617,rramirez@email.com,
781,Diane Owens,819,346-555-5193,dowens@email.com,
782,Jeffrey Jackson,556,713-555-9051,jjackson12@email.com,24041.77
783,Sarah Russell,835,972-555-7046,srussell@email.com,5874.5
784,Jonathan Olson,570,469-555-5979,jolson@email.com,12338.06
785,Laura Woods,599,469-555-4784,lwoods@email.com,25949.83
786,Timothy Roberts,819,713-555-3931,troberts@email.com,13372.12
787,Sandra Sullivan,784,972-555-2705,ssullivan23@email.com,13249.48
788,Jacqueline Foster,630,281-555-8258,jfoster@email.com,38005.6
789,Raymond Price,740,972-555-8054,rprice94@email.com,13295.9
790,Teresa Collins,742,281-555-5162,tcollins@email.com,17952.88
791,Julie Smith,567,210-555-1267,jsmith@email.com,25528.28
792,Helen Johnson,703,713-555-4519,hjohnson@email.com,8477.43
793,Stephen Wells,834,346-555-3534,swells@email.com,
794,Judith Sullivan,629,512-555-5341,jsullivan@email.com,21012.49
795,Alice Cooper,669,210-555-5920,acooper13@email.com,20519.43
796,Laura Martin,716,832-555-3832,lmartin@email.com,27778.53
797,Jean Harris,703,214-555-7251,jharris@email.com,
798,Joseph Long,728,972-555-7824,jlong17@email.com,12987.79
799,John Butler,577,210-555-9591,jbutler7@email.com,19579.5
800,Albert Hill,717,281-555-4617,ahill@email.com,
801,Tyler West,844,281-555-2475,twest@email.com,
802,Justin Henderson,625,512-555-6507,jhenderson@email.com,12476.35
803,Joe Gonzalez,830,972-555-5301,jgonzalez@email.com,
804,Gerald Ramos,616,512-555-8879,gramos@email.com,26778.89
805,Carl Coleman,842,713-555-9589,ccoleman33@email.com,
806,Jonathan Alexander,715,346-555-2467,jalexander16@email.com,17317.89
807,Carolyn Carter,714,817-555-1396,ccarter@email.com,11723.62
808,Carolyn Griffin,624,832-555-1735,cgriffin@email.com,37726.4
809,Kathleen Evans,741,512-555-2405,kevans@email.com,
810,Jessica Peterson,625,210-555-1225,jpeterson45@email.com,30813.86
811,Mark Gray,780,832-555-1372,mgray@email.com,
812,Ann Collins,654,281-555-9573,acollins98@email.com,
813,Andrea Torres,559,972-555-9631,atorres@email.com,11304.46
814,Amanda Thomas,695,713-555-5444,athomas@email.com,
815,John Moore,748,210-555-6901,jmoore15@email.com,
816,Jerry Cook,744,281-555-2631,jcook42@email.com,21136.34
817,Daniel Mitchell,651,281-555-8503,dmitchell@email.com,23674.32
818,David Cooper,821,210-555-6465,dcooper@email.com,
819,Kenneth Jones,727,817-555-6822,kjones82@email.com,29911.88
820,Gerald Ward,581,210-555-7343,gward@email.com,36712.06
821,Linda Cox,665,512-555-6599,lcox@email.com,22452.5
822,Daniel Butler,816,346-555-4726,dbutler@email.com,
823,Joe Flores,768,210-555-6395,jflores59@email.com,
824,Edward Scott,847,281-555-4314,escott@email.com,9634.98
825,Jeremy Wright,770,512-555-3589,jwright42@email.com,
826,Terry Walker,644,817-555-3384,twalker@email.com,31812.39
827,Katherine Reynolds,760,210-555-8258,kreynolds97@email.com,18411.95
828,Stephen Hill,646,469-555-3155,shill@email.com,15542.39
829,Jonathan Cook,668,713-555-1427,jcook47@email.com,
830,Harold Wright,807,346-555-8680,hwright@email.com,10609.39
831,Hannah Scott,633,713-555-4707,hscott@email.com,10966.89
832,Patricia Howard,761,713-555-4323,phoward@email.com,5992.04
833,Peter Owens,716,832-555-5043,powens@email.com,25076.72
834,Heather Reyes,751,346-555-9784,hreyes@email.com,
835,Barbara Mendoza,605,832-555-8485,bmendoza@email.com,34810.3
836,David Peterson,815,281-555-7481,dpeterson96@email.com,
837,Diane Woods,575,713-555-5770,dwoods@email.com,23186.62
838,Helen Richardson,786,512-555-7921,hrichardson@email.com,
839,Jessica Woods,622,832-555-8400,jwoods@email.com,12713.22
840,Gerald Lewis,642,346-555-9952,glewis@email.com,14059.2
841,Victoria Hughes,780,214-555-3930,vhughes@email.com,
842,Rebecca Hayes,596,210-555-6309,rhayes90@email.com,29457.29
843,Carol Young,596,469-555-8362,cyoung83@email.com,20888.3
844,Jeremy Barnes,811,346-555-3619,jbarnes50@email.com,5658.59
845,Amanda Long,839,512-555-3656,along@email.com,7683.0
846,Jessica Graham,707,210-555-3960,jgraham17@email.com,29129.55
847,James Reed,556,832-555-9153,jreed65@email.com,26305.03
848,Mary Mcdonald,671,713-555-8794,mmcdonald@email.com,17721.26
849,Mary Peterson,830,210-555-4401,mpeterson@email.com,
850,Donna Anderson,728,214-555-3381,danderson@email.com,22673.92
851,Scott Myers,594,214-555-2784,smyers55@email.com,39812.06
852,Carol Diaz,843,281-555-3906,cdiaz@email.com,16240.02
853,Alexander Martinez,597,210-555-6289,amartinez49@email.com,36925.89
854,Karen Gonzales,831,469-555-5797,kgonzales@email.com,
855,Dorothy Ward,718,281-555-7779,dward@email.com,23308.25
856,Joseph Ramirez,842,281-555-2436,jramirez63@email.com,14071.67
857,Emma Gonzales,712,210-555-9608,egonzales@email.com,21711.37
858,Kimberly Harrison,816,832-555-9069,kharrison@email.com,18254.96
859,Kathleen Wood,649,214-555-2936,kwood5@email.com,23946.57
860,Donald Parker,762,972-555-1745,dparker@email.com,
861,Sara Collins,555,713-555-5614,scollins34@email.com,33705.87
862,Brandon Brooks,809,281-555-6307,bbrooks@email.com,6707.55
863,Debra Sanders,752,346-555-1477,dsanders@email.com,7910.23
864,Benjamin Murray,792,214-555-3224,bmurray@email.com,
865,Judith Washington,721,832-555-7782,jwashington@email.com,9232.49
866,Frances Brooks,839,817-555-9779,fbrooks@email.com,
867,Jean Myers,731,469-555-3446,jmyers@email.com,
868,Linda Foster,742,281-555-3719,lfoster@email.com,16570.46
869,Ashley Gray,711,214-555-5448,agray@email.com,18935.2
870,Jacob Gutierrez,781,210-555-4541,jgutierrez@email.com,
871,Brian Lewis,741,214-555-4311,blewis@email.com,17763.03
872,Michael Ford,806,512-555-4116,mford@email.com,
873,Andrea Castillo,708,817-555-3347,acastillo@email.com,10161.53
874,Keith King,655,214-555-8526,kking51@email.com,19491.59
875,Mary James,572,346-555-2426,mjames@email.com,19998.69
876,Susan Clark,816,210-555-1368,sclark75@email.com,14582.76
877,Sharon Hughes,652,713-555-5695,shughes@email.com,
878,Katherine Wallace,610,210-555-3446,kwallace22@email.com,18209.11
879,Patricia Alvarez,602,713-555-9888,palvarez@email.com,20509.54
880,Katherine Howard,622,210-555-5011,khoward@email.com,15138.25
881,Lawrence Griffin,575,512-555-1475,lgriffin@email.com,24122.07
882,Richard Ramirez,746,214-555-2410,rramirez56@email.com,23502.91
883,Nathan Sullivan,709,817-555-4246,nsullivan@email.com,22759.15
884,Terry Lee,788,346-555-3159,tlee@email.com,
885,Evelyn Harris,783,210-555-8625,eharris@email.com,
886,Cynthia Torres,682,817-555-7423,ctorres25@email.com,22633.97
887,Christine Hayes,799,214-555-2070,chayes62@email.com,
888,Harold Gibson,637,346-555-3087,hgibson@email.com,25238.49
889,Joyce Ramirez,716,281-555-2162,jramirez40@email.com,16817.96
890,Victoria Morgan,674,281-555-3605,vmorgan@email.com,16443.96
891,Rachel Parker,770,972-555-6606,rparker@email.com,
892,Jacob Hall,589,346-555-8972,jhall16@email.com,27764.89
893,Walter Price,834,469-555-8294,wprice@email.com,
894,Joyce Moore,605,346-555-7208,jmoore43@email.com,24828.85
895,Sarah White,661,512-555-1003,swhite98@email.com,
896,Joshua Cole,822,210-555-7389,jcole80@email.com,7935.0
897,Katherine Brooks,841,210-555-8122,kbrooks@email.com,18726.77
898,Daniel Williams,811,972-555-3089,dwilliams@email.com,5936.16
899,James Sullivan,606,210-555-1510,jsullivan32@email.com,22951.47
900,Tyler Cruz,745,972-555-7251,tcruz@email.com,12646.75
901,Brian Stevens,621,713-555-7301,bstevens@email.com,35299.83
902,Alexander Hamilton,628,210-555-3056,ahamilton@email.com,14028.32
903,Charles Jones,623,832-555-8155,cjones@email.com,39249.25
904,Paul Perez,620,972-555-8471,pperez@email.com,36807.47
905,Jose Campbell,782,281-555-7948,jcampbell@email.com,11750.69
906,Patrick Morris,645,972-555-1121,pmorris@email.com,27338.16
907,Jacob Ruiz,687,972-555-9948,jruiz75@email.com,29521.14
908,Janice Ford,738,469-555-8889,jford@email.com,9761.39
909,Jeremy Cox,788,281-555-2281,jcox68@email.com,6326.7
910,Kyle Martin,826,346-555-1864,kmartin45@email.com,
911,John Ellis,782,281-555-8687,jellis75@email.com,11315.24
912,Nicole Wood,635,214-555-5981,nwood@email.com,31809.15
913,Albert Bell,581,832-555-3770,abell@email.com,27185.8
914,Justin Miller,696,832-555-2351,jmiller@email.com,
915,Lisa Cox,679,512-555-5603,lcox37@email.com,8312.47
916,Mark Hall,627,832-555-7058,mhall@email.com,34235.22
917,Eric Rogers,798,512-555-9640,erogers6@email.com,
918,Nancy Nguyen,628,832-555-7765,nnguyen@email.com,33111.03
919,Jacob Wallace,635,713-555-6653,jwallace8@email.com,29267.83
920,Ashley Wilson,635,832-555-7533,awilson62@email.com,19041.01
921,Terry Cook,744,972-555-8775,tcook@email.com,
922,Gloria Ramos,556,210-555-8353,gramos50@email.com,30354.8
923,Gloria Hernandez,599,281-555-6797,ghernandez57@email.com,28314.57
924,Brenda Long,688,210-555-2610,blong@email.com,
925,Alice Henderson,786,713-555-4193,ahenderson@email.com,
926,George Reyes,830,214-555-1138,greyes@email.com,5179.42
927,Margaret Castillo,603,832-555-6759,mcastillo@email.com,16582.49
928,Larry Reed,648,214-555-1388,lreed@email.com,28581.92
929,Joseph Edwards,612,469-555-2415,jedwards79@email.com,13897.22
930,Albert Mitchell,606,512-555-5150,amitchell39@email.com,24008.67
931,Lisa Hayes,691,972-555-6298,lhayes@email.com,
932,Charles Ward,581,972-555-7366,cward@email.com,19979.64
933,Sarah Bell,685,512-555-8218,sbell10@email.com,28428.9
934,Tyler Rivera,801,469-555-3357,trivera@email.com,
935,Adam Edwards,604,832-555-5243,aedwards15@email.com,11045.83
936,Charles Reed,778,214-555-9154,creed@email.com,
937,James Martinez,749,210-555-3483,jmartinez91@email.com,16609.27
938,James Alvarez,801,832-555-8144,jalvarez53@email.com,16714.06
939,Karen Tucker,665,214-555-7298,ktucker90@email.com,18605.46
940,Janice Washington,733,817-555-5961,jwashington53@email.com,
941,Betty Ortiz,823,817-555-2318,bortiz@email.com,16406.8
942,Justin Evans,640,281-555-1644,jevans@email.com,39025.39
943,Timothy Brooks,749,469-555-6886,tbrooks@email.com,27474.71
944,Peter Carter,621,214-555-4163,pcarter@email.com,10760.94
945,Amy Owens,749,469-555-9856,aowens@email.com,18993.05
946,Virginia Jones,568,817-555-1918,vjones@email.com,20131.56
947,David Patterson,610,713-555-9570,dpatterson@email.com,23751.11
948,Ann Hill,846,713-555-2180,ahill6@email.com,12333.42
949,Robert Ellis,573,713-555-3138,rellis@email.com,10430.96
950,Richard Gray,599,832-555-3796,rgray@email.com,35060.56
951,Thomas Ramirez,608,832-555-4613,tramirez@email.com,11893.3
952,Rebecca Gonzales,722,972-555-6312,rgonzales@email.com,
953,Jean Freeman,620,817-555-4493,jfreeman@email.com,32926.84
954,Brian Long,582,469-555-5487,blong20@email.com,32726.5
955,Amanda Jenkins,833,512-555-8187,ajenkins33@email.com,5610.48
956,Margaret Perry,630,214-555-8978,mperry@email.com,12421.68
957,Mary Rivera,595,346-555-5648,mrivera@email.com,22486.67
958,Hannah Allen,655,512-555-5439,hallen@email.com,17064.69
959,Brian Martinez,642,832-555-2442,bmartinez@email.com,28815.75
960,Helen Morales,764,214-555-4860,hmorales@email.com,
961,Gloria Harris,735,281-555-9315,gharris@email.com,
962,Sharon Ward,577,713-555-2846,sward@email.com,33898.39
963,Hannah Harrison,640,512-555-1706,hharrison@email.com,11620.83
964,Catherine Diaz,657,972-555-5118,cdiaz44@email.com,27581.75
965,Zachary Lopez,603,214-555-9804,zlopez@email.com,15276.63
966,Linda Marshall,813,469-555-2160,lmarshall@email.com,15821.05
967,Ethan Price,764,713-555-6336,eprice@email.com,
968,Mark Price,666,469-555-4884,mprice@email.com,27137.5
969,Dennis Stewart,587,832-555-8936,dstewart@email.com,11630.18
970,Ruth Nguyen,660,346-555-8454,rnguyen24@email.com,11000.9
971,Stephanie Sullivan,688,713-555-6503,ssullivan18@email.com,
972,Janice Thomas,693,512-555-2820,jthomas61@email.com,11766.43
973,Rachel Stewart,701,346-555-3568,rstewart@email.com,22035.98
974,Amanda Murphy,594,972-555-9548,amurphy@email.com,24676.4
975,Laura Stevens,786,210-555-1237,lstevens@email.com,16042.68
976,Angela Cooper,717,972-555-4643,acooper77@email.com,28102.6
977,Mary Hamilton,572,214-555-8711,mhamilton95@email.com,33058.19
978,William Kim,821,972-555-8852,wkim@email.com,15449.8
979,Margaret Cole,803,713-555-2361,mcole73@email.com,15397.4
980,Henry Edwards,617,817-555-5846,hedwards@email.com,17171.87
981,Betty Jones,795,210-555-3650,bjones@email.com,17868.83
982,Alice Miller,782,832-555-3271,amiller92@email.com,
983,Jack Gibson,550,469-555-7305,jgibson@email.com,36803.03
984,Debra Olson,566,210-555-7977,dolson@email.com,32586.64
985,Lawrence Parker,591,346-555-6500,lparker@email.com,32072.82
986,Joseph Alvarez,736,214-555-2818,jalvarez51@email.com,21620.94
987,Catherine Ortiz,639,281-555-2097,cortiz@email.com,26822.75
988,Debra Morgan,826,469-555-8839,dmorgan@email.com,16284.16
989,Sharon Morris,714,817-555-5380,smorris66@email.com,14097.2
990,Thomas Gutierrez,726,832-555-8966,tgutierrez@email.com,26250.32
991,Kyle Webb,822,210-555-8405,kwebb@email.com,16998.56
992,Thomas Carter,784,469-555-2313,tcarter@email.com,
993,Melissa Richardson,589,469-555-3699,mrichardson@email.com,18278.28
994,Donna Harrison,627,713-555-9530,dharrison82@email.com,10680.71
995,Douglas Tucker,617,832-555-6680,dtucker55@email.com,23315.8
996,Jennifer Wood,646,469-555-1361,jwood@email.com,36153.81
997,Ethan Sanders,717,832-555-9686,esanders@email.com,17795.64
998,Helen King,706,512-555-5259,hking@email.com,
999,Maria Richardson,574,512-555-6785,mrichardson38@email.com,23677.8
1000,Kevin Adams,824,210-555-3986,kadams@email.com,17589.98
1001,Michelle Adams,671,469-555-1674,madams@email.com,20639.55
1002,Peter Bell,739,512-555-4361,pbell@email.com,8763.16
1003,Katherine Ross,625,817-555-8347,kross71@email.com,39263.97
1004,Terry Bennett,612,214-555-7628,tbennett@email.com,37932.07
1005,Donna Chavez,713,512-555-1070,dchavez@email.com,20015.2
1006,Jacqueline Myers,701,832-555-5748,jmyers98@email.com,20622.01
1007,Donna Griffin,723,469-555-8847,dgriffin@email.com,11067.31
1008,Kathryn Robinson,707,214-555-7580,krobinson@email.com,12848.03
1009,Janet White,717,214-555-4197,jwhite76@email.com,25188.23
1010,Pamela Phillips,561,469-555-9821,pphillips@email.com,35483.54
1011,Daniel Alvarez,751,713-555-9035,dalvarez@email.com,
1012,Roger Anderson,734,972-555-3423,randerson@email.com,17408.09
1013,Jerry Gutierrez,556,210-555-6651,jgutierrez46@email.com,19242.56
1014,Nathan Thompson,660,832-555-7809,nthompson@email.com,14349.95
1015,Jose Hamilton,621,346-555-2410,jhamilton@email.com,14309.18
1016,Helen Stevens,818,817-555-2083,hstevens@email.com,13860.18
1017,Dennis Thompson,553,972-555-5478,dthompson@email.com,22435.42
1018,Christian Gibson,840,512-555-4264,cgibson@email.com,
1019,Heather Wood,833,832-555-1691,hwood@email.com,9529.89
1020,Alice Bennett,802,281-555-8593,abennett@email.com,
1021,James Flores,684,210-555-8742,jflores17@email.com,27639.1
1022,Douglas Rivera,801,713-555-1466,drivera@email.com,
1023,Stephen Mcdonald,584,346-555-6927,smcdonald@email.com,27431.97
1024,Eric Stevens,611,817-555-9397,estevens@email.com,31988.72
1025,Robert Bell,633,346-555-1958,rbell@email.com,14384.11
1026,Walter Wright,732,512-555-1866,wwright@email.com,
1027,Kelly Sullivan,574,210-555-5778,ksullivan@email.com,25888.37
1028,Lisa Alvarez,649,512-555-2548,lalvarez@email.com,27962.87
1029,Kevin Freeman,715,817-555-5932,kfreeman@email.com,
1030,Alexander Harris,823,346-555-6761,aharris20@email.com,
1031,Keith Diaz,740,832-555-7750,kdiaz@email.com,28037.34
1032,Anthony Edwards,629,281-555-4622,aedwards26@email.com,33853.2
1033,Sara Castillo,822,281-555-2867,scastillo@email.com,
1034,Lisa Robinson,617,214-555-8856,lrobinson@email.com,20446.3
1035,Alexander Scott,776,346-555-9570,ascott99@email.com,7583.11
1036,Helen Davis,610,713-555-3108,hdavis@email.com,35704.46
1037,Andrew Murphy,707,512-555-4438,amurphy18@email.com,17345.71
1038,Robert Ford,770,214-555-4217,rford@email.com,
1039,Martha Thomas,790,469-555-5145,mthomas7@email.com,
1040,John Harris,613,346-555-4365,jharris77@email.com,37035.25
1041,Deborah Morales,564,469-555-3384,dmorales@email.com,35375.85
1042,Pamela Morales,730,512-555-9202,pmorales@email.com,21485.04
1043,Jacqueline Moore,600,346-555-1229,jmoore69@email.com,16509.94
1044,Stephanie Diaz,637,281-555-1070,sdiaz@email.com,39207.4
1045,Margaret Collins,808,832-555-7004,mcollins@email.com,7776.89
1046,Sandra Campbell,731,972-555-7948,scampbell@email.com,
1047,Ryan Jordan,607,817-555-3025,rjordan@email.com,23977.05
1048,Frances Wright,803,817-555-5723,fwright@email.com,5609.13
1049,Christine Mcdonald,609,972-555-5646,cmcdonald@email.com,23708.37
1050,Samantha Griffin,665,281-555-7672,sgriffin@email.com,
1051,Christina Carter,585,832-555-7020,ccarter24@email.com,10383.58
1052,Megan Clark,752,832-555-9563,mclark@email.com,6275.09
1053,Aaron Clark,636,469-555-6959,aclark27@email.com,20158.95
1054,Joyce Young,669,972-555-9177,jyoung37@email.com,24851.39
1055,Brenda Simmons,732,832-555-7626,bsimmons@email.com,19251.12
1056,Donna Hayes,605,469-555-5107,dhayes64@email.com,24918.21
1057,Paul Davis,600,214-555-2117,pdavis@email.com,24944.05
1058,Michael Rivera,745,346-555-6356,mrivera21@email.com,21711.12
1059,Lisa Mendoza,802,832-555-4308,lmendoza@email.com,
1060,Cheryl Owens,808,210-555-9887,cowens@email.com,
1061,Lawrence Freeman,559,214-555-8051,lfreeman@email.com,36403.77
1062,Donald Barnes,780,817-555-7165,dbarnes@email.com,
1063,Barbara Rodriguez,640,281-555-5965,brodriguez@email.com,36541.01
1064,Kevin Owens,770,512-555-6119,kowens93@email.com,
1065,Mark Owens,833,281-555-8697,mowens@email.com,
1066,Kenneth Kennedy,578,972-555-5315,kkennedy@email.com,24840.73
1067,Dennis Powell,695,817-555-2006,dpowell5@email.com,10820.36
1068,Catherine Morales,848,214-555-6591,cmorales@email.com,
1069,Christina Ross,732,972-555-6755,cross9@email.com,13447.51
1070,Samantha Perez,583,210-555-2875,sperez45@email.com,15093.38
1071,Ann Price,569,832-555-7921,aprice74@email.com,25442.79
1072,Kelly Kelly,560,832-555-1364,kkelly42@email.com,21332.13
1073,Joe Sanchez,800,469-555-4373,jsanchez45@email.com,
1074,Benjamin Nelson,703,817-555-8143,bnelson27@email.com,26641.35
1075,Lisa Washington,659,210-555-5344,lwashington@email.com,
1076,Joe Simmons,665,346-555-2506,jsimmons@email.com,20720.25
1077,Benjamin Howard,584,346-555-9700,bhoward@email.com,24258.05
1078,Sharon Ross,589,210-555-9268,sross@email.com,34123.8
1079,Adam Tucker,710,713-555-7788,atucker53@email.com,
1080,Martha Hayes,830,512-555-1304,mhayes@email.com,12743.36
1081,Deborah Harrison,659,832-555-5389,dharrison83@email.com,21517.29
1082,Ruth Thomas,817,713-555-6968,rthomas@email.com,
1083,Amy Hill,703,972-555-7721,ahill42@email.com,28045.03
1084,Edward Reynolds,686,210-555-3631,ereynolds@email.com,
1085,Jacob Patterson,672,469-555-3456,jpatterson@email.com,
1086,Gary James,787,832-555-8145,gjames@email.com,
1087,Barbara Evans,631,210-555-3235,bevans@email.com,10874.26
1088,Pamela Rivera,571,832-555-1326,privera@email.com,11659.82
1089,Nancy Reyes,702,469-555-7668,nreyes@email.com,22776.79
1090,Betty Coleman,621,713-555-2833,bcoleman@email.com,27129.2
1091,Gerald Walker,817,346-555-9605,gwalker@email.com,
1092,Betty Rogers,612,817-555-6395,brogers@email.com,34970.02
1093,Diane Rogers,766,713-555-3363,drogers15@email.com,
1094,Stephen Wallace,759,210-555-1916,swallace64@email.com,
1095,Mark Cruz,829,972-555-8780,mcruz89@email.com,
1096,Pamela Nguyen,735,832-555-7025,pnguyen@email.com,8463.63
1097,William Wilson,672,210-555-7302,wwilson@email.com,29086.64
1098,Alexander Young,823,713-555-8248,ayoung51@email.com,
1099,Tyler Bailey,704,469-555-4857,tbailey@email.com,
1100,Carol Wallace,712,972-555-1555,cwallace@email.com,
1101,Christopher Owens,791,972-555-6451,cowens93@email.com,
1102,Margaret Adams,683,281-555-2087,madams47@email.com,24043.1
1103,Sean Price,782,214-555-1853,sprice84@email.com,14452.35
1104,Paul Smith,755,713-555-6006,psmith@email.com,
1105,Nancy Lewis,630,713-555-9460,nlewis@email.com,31406.92
1106,Kimberly Reynolds,713,832-555-8837,kreynolds96@email.com,
1107,Brian Price,694,713-555-2382,bprice@email.com,12001.56
1108,Dennis Morris,560,214-555-4747,dmorris@email.com,37205.34
1109,Walter Phillips,684,512-555-1815,wphillips@email.com,17435.87
1110,Eric Hill,595,817-555-3787,ehill@email.com,38417.31
1111,Donald Brown,819,972-555-8433,dbrown@email.com,12412.24
1112,Cynthia Turner,647,210-555-5717,cturner@email.com,32393.29
1113,Heather King,770,713-555-4531,hking38@email.com,7840.45
1114,George Jordan,624,214-555-5754,gjordan@email.com,39283.84
1115,Jacob Cole,677,817-555-8506,jcole12@email.com,
1116,Paul Hughes,753,713-555-7283,phughes@email.com,16041.56
1117,Shirley Jackson,598,281-555-1962,sjackson8@email.com,19985.88
1118,Jacob Ellis,731,346-555-1745,jellis2@email.com,
1119,Heather Bennett,752,817-555-3166,hbennett@email.com,13393.41
1120,Ethan Rivera,683,512-555-9253,erivera@email.com,15461.89
1121,Daniel Cruz,821,972-555-3323,dcruz35@email.com,
1122,Susan Allen,805,210-555-6907,sallen57@email.com,
1123,Anna Gomez,814,817-555-8139,agomez23@email.com,
1124,Megan Hill,834,832-555-1871,mhill@email.com,
1125,Jessica Murphy,643,214-555-8704,jmurphy@email.com,17806.72
1126,Evelyn Ramos,609,832-555-1668,eramos@email.com,23245.59
1127,Sara Marshall,784,832-555-2843,smarshall@email.com,18003.19
1128,Dorothy Morales,597,713-555-5654,dmorales25@email.com,35048.61
1129,Roger Howard,838,346-555-4479,rhoward@email.com,19574.41
1130,Jeremy Campbell,763,469-555-5033,jcampbell65@email.com,18310.52
1131,Michael Diaz,612,972-555-7120,mdiaz77@email.com,37874.45
1132,Sandra Hughes,628,214-555-2328,shughes60@email.com,34920.98
1133,Harold Hayes,687,346-555-1095,hhayes@email.com,8964.63
1134,Virginia Price,841,512-555-4463,vprice@email.com,17023.37
1135,Larry Hughes,578,469-555-9964,lhughes@email.com,38557.01
1136,Heather White,754,210-555-3916,hwhite@email.com,
1137,Aaron Thompson,560,713-555-3669,athompson@email.com,21655.09
1138,Joyce Diaz,628,469-555-5891,jdiaz64@email.com,34033.01
1139,Samantha King,733,469-555-7020,sking@email.com,18771.71
1140,Diane Stevens,687,346-555-7931,dstevens13@email.com,25841.88
1141,Deborah Ramos,768,469-555-1662,dramos67@email.com,
1142,Walter Morris,629,832-555-9638,wmorris@email.com,28886.79
1143,Jeremy Perez,698,832-555-8165,jperez@email.com,
1144,Harold Brooks,626,512-555-5921,hbrooks@email.com,35246.14
1145,Frances Gonzales,701,346-555-1781,fgonzales@email.com,28180.64
1146,Martha Ramirez,811,972-555-7766,mramirez14@email.com,
1147,Janice Reed,731,210-555-2339,jreed66@email.com,
1148,Walter Rivera,643,972-555-1741,wrivera@email.com,12498.72
1149,Scott Reyes,850,832-555-8371,sreyes81@email.com,10120.02
1150,Deborah Collins,644,469-555-5248,dcollins@email.com,36148.47
1151,Sandra Ramos,823,214-555-1095,sramos52@email.com,
1152,Amanda Murray,785,972-555-8974,amurray@email.com,
1153,Alexander Coleman,704,469-555-3049,acoleman19@email.com,
1154,Mark Jones,646,214-555-4428,mjones@email.com,24433.52
1155,Donna Morgan,773,281-555-4127,dmorgan13@email.com,
1156,Walter Nguyen,792,972-555-1357,wnguyen@email.com,
1157,Michelle Griffin,798,832-555-1321,mgriffin59@email.com,8020.08
1158,Janice Henderson,576,817-555-1129,jhenderson15@email.com,28912.3
1159,Adam Hamilton,803,346-555-5764,ahamilton6@email.com,
1160,Carl Alvarez,799,713-555-1994,calvarez@email.com,
1161,Jose Reyes,833,469-555-5388,jreyes84@email.com,
1162,Hannah Robinson,803,346-555-6681,hrobinson59@email.com,5312.1
1163,Emma Roberts,790,817-555-8178,eroberts@email.com,
1164,Jeffrey Foster,789,512-555-5806,jfoster94@email.com,19397.05
1165,Alexander Ellis,632,346-555-4394,aellis@email.com,18473.72
1166,Daniel Ford,616,512-555-4268,dford22@email.com,28172.47
1167,Margaret Hamilton,802,210-555-4845,mhamilton28@email.com,19988.92
1168,Janet Bell,732,512-555-3862,jbell@email.com,27678.06
1169,William Taylor,722,972-555-2867,wtaylor@email.com,10655.14
1170,Cynthia Marshall,682,214-555-5382,cmarshall21@email.com,27221.3
1171,Anthony Gonzalez,774,832-555-2817,agonzalez@email.com,16724.79
1172,Anthony Hernandez,809,469-555-3736,ahernandez82@email.com,
1173,Edward Russell,630,210-555-8233,erussell@email.com,32858.94
1174,Cheryl Sanchez,628,817-555-6482,csanchez@email.com,34574.82
1175,Dorothy Evans,774,972-555-1107,devans@email.com,
1176,Hannah Sanders,696,281-555-3805,hsanders@email.com,
1177,Maria Hamilton,734,713-555-3483,mhamilton98@email.com,17277.89
1178,Ryan Scott,769,972-555-7706,rscott60@email.com,12742.33
1179,Alexander Davis,776,512-555-1162,adavis93@email.com,19154.64
1180,Nancy Foster,711,972-555-3692,nfoster@email.com,16651.86
1181,Barbara Hill,844,214-555-9516,bhill@email.com,11289.58
1182,Kathryn Bennett,710,210-555-9647,kbennett@email.com,11230.96
1183,Joyce West,655,281-555-8244,jwest@email.com,27528.85
1184,Joyce Phillips,704,469-555-1605,jphillips@email.com,16579.86
1185,Steven Mendoza,826,210-555-4501,smendoza13@email.com,
1186,Samantha Mendoza,724,512-555-1383,smendoza5@email.com,19878.52
1187,Eric Morgan,705,972-555-9278,emorgan@email.com,
1188,Sarah Gutierrez,682,281-555-6807,sgutierrez17@email.com,
1189,Dorothy West,702,346-555-1085,dwest60@email.com,13194.14
1190,Ethan Webb,669,210-555-3293,ewebb@email.com,19432.67
1191,Angela Clark,717,281-555-4154,aclark48@email.com,11224.17
1192,Jose Reynolds,591,469-555-2018,jreynolds@email.com,22746.6
1193,Jason West,589,817-555-9622,jwest53@email.com,27647.18
1194,Keith Coleman,685,346-555-9172,kcoleman@email.com,29923.26
1195,Megan Hamilton,633,512-555-9286,mhamilton18@email.com,24542.93
1196,Judith King,812,281-555-2934,jking90@email.com,
1197,Hannah Rodriguez,630,281-555-7051,hrodriguez@email.com,37650.92
1198,Donald Jordan,606,469-555-7055,djordan@email.com,27152.94
1199,Michelle Walker,740,210-555-7135,mwalker@email.com,18690.36
1200,Andrew Torres,765,214-555-5999,atorres38@email.com,
1201,Megan Smith,612,281-555-6712,msmith10@email.com,36112.8
1202,Douglas Ford,843,210-555-8411,dford45@email.com,12128.41
1203,Kimberly Scott,808,817-555-2463,kscott81@email.com,11144.42
1204,Kathleen Coleman,723,281-555-1750,kcoleman87@email.com,24190.08
1205,Daniel Nelson,562,346-555-6060,dnelson@email.com,26831.33
1206,Dorothy Perez,648,346-555-9877,dperez@email.com,27305.67
1207,Jessica Mendoza,646,832-555-9235,jmendoza4@email.com,13608.5
1208,Terry Campbell,559,210-555-4371,tcampbell33@email.com,34890.72
1209,Ethan Griffin,593,281-555-6249,egriffin@email.com,22053.94
1210,Susan Owens,561,817-555-8160,sowens25@email.com,22448.09
1211,Gloria Cruz,745,210-555-2491,gcruz@email.com,
1212,Margaret Tucker,636,210-555-3359,mtucker@email.com,15480.07
1213,Daniel Flores,707,972-555-3772,dflores@email.com,
1214,Christine Campbell,563,214-555-5882,ccampbell@email.com,21698.19
1215,Katherine Torres,761,817-555-5225,ktorres@email.com,
1216,Donald Wilson,653,713-555-4874,dwilson65@email.com,19097.27
1217,Ashley Kelly,581,817-555-8615,akelly72@email.com,22212.29
1218,Andrea Davis,758,713-555-1305,adavis36@email.com,13792.59
1219,Margaret Cooper,834,512-555-5990,mcooper74@email.com,
1220,Nancy Ruiz,654,512-555-7116,nruiz@email.com,11700.14
1221,Gary Washington,766,281-555-8401,gwashington@email.com,
1222,Walter Wood,635,214-555-1985,wwood@email.com,38005.2
1223,Andrea Howard,678,972-555-6757,ahoward82@email.com,
1224,Roger Diaz,573,512-555-9750,rdiaz@email.com,26892.45
1225,Scott Thompson,752,469-555-3288,sthompson@email.com,19982.32
1226,Adam Parker,808,817-555-6613,aparker@email.com,19694.61
1227,Gary Hughes,724,713-555-8533,ghughes@email.com,15226.06
1228,Hannah Johnson,554,512-555-7769,hjohnson73@email.com,36858.05
1229,Megan Henderson,825,469-555-2270,mhenderson70@email.com,
1230,Joan Young,730,972-555-6864,jyoung51@email.com,
1231,John Young,786,817-555-4161,jyoung58@email.com,
1232,Jennifer Cox,733,713-555-2474,jcox80@email.com,25785.12
1233,Jeffrey Cook,802,817-555-1602,jcook37@email.com,
1234,Sharon Johnson,650,972-555-2817,sjohnson@email.com,20520.25
1235,Arthur Baker,832,713-555-3875,abaker@email.com,
1236,Steven Taylor,615,210-555-4734,staylor@email.com,36430.09
1237,Stephen Roberts,561,281-555-5143,sroberts@email.com,30420.41
1238,Zachary Smith,768,214-555-6292,zsmith@email.com,
1239,Henry Ward,612,281-555-8644,hward@email.com,24867.24
1240,Keith Lopez,664,214-555-5553,klopez55@email.com,14957.32
1241,Tyler Roberts,721,469-555-1415,troberts96@email.com,
1242,Jose Martin,677,713-555-3694,jmartin@email.com,9382.57
1243,Matthew Davis,795,972-555-1393,mdavis@email.com,14394.46
1244,Debra Reed,676,469-555-8759,dreed32@email.com,26315.39
1245,Debra Mendoza,671,469-555-8184,dmendoza99@email.com,
1246,Nathan Young,593,214-555-1546,nyoung@email.com,21321.85
1247,Thomas Allen,581,832-555-1897,tallen40@email.com,28322.16
1248,Adam Taylor,602,214-555-1855,ataylor@email.com,18847.5
1249,Heather Simmons,599,346-555-7735,hsimmons31@email.com,35937.48
1250,John Hayes,746,832-555-8014,jhayes81@email.com,15471.56
1251,Michael Hayes,814,817-555-4153,mhayes15@email.com,
1252,Karen Roberts,843,512-555-9337,kroberts34@email.com,
1253,Andrea Griffin,645,713-555-3255,agriffin@email.com,33910.77
1254,Sarah Allen,709,346-555-8140,sallen67@email.com,24596.22
1255,Samantha Tucker,624,512-555-8692,stucker@email.com,19260.23
1256,Rachel Wood,738,214-555-9481,rwood77@email.com,11181.21
1257,Jacob Kennedy,836,214-555-7915,jkennedy46@email.com,
1258,Rebecca Evans,585,817-555-4102,revans87@email.com,24271.75
1259,Evelyn Myers,846,346-555-6499,emyers@email.com,11280.43
1260,Carol Clark,782,214-555-9125,cclark@email.com,
1261,James Morris,667,832-555-4492,jmorris32@email.com,24903.67
1262,Gregory Perry,655,972-555-4018,gperry@email.com,8147.96
1263,John Jackson,733,214-555-2887,jjackson20@email.com,
1264,Stephanie Russell,572,214-555-4262,srussell27@email.com,18523.03
1265,Jeffrey Gomez,639,817-555-5029,jgomez24@email.com,15879.63
1266,Melissa Gomez,601,214-555-3248,mgomez@email.com,21367.68
1267,Mark Foster,657,210-555-8474,mfoster@email.com,
1268,Maria Baker,819,346-555-8106,mbaker@email.com,5980.66
1269,Andrew King,647,713-555-9725,aking@email.com,21345.87
1270,Maria Cruz,769,713-555-1756,mcruz99@email.com,7836.53
1271,Ann Watson,626,817-555-5049,awatson8@email.com,28883.77
1272,Pamela Allen,810,346-555-9011,pallen@email.com,
1273,Thomas Nelson,810,972-555-9342,tnelson@email.com,
1274,Keith Gibson,641,817-555-7125,kgibson@email.com,25764.27
1275,Andrea Mcdonald,792,210-555-7569,amcdonald@email.com,16859.37
1276,Barbara Parker,662,713-555-8406,bparker@email.com,16709.8
1277,Brandon Kim,743,346-555-3575,bkim@email.com,16230.36
1278,Sean Perez,618,469-555-5834,sperez58@email.com,25564.62
1279,Ryan Hernandez,788,281-555-6511,rhernandez@email.com,
1280,Evelyn Alexander,759,817-555-9151,ealexander@email.com,
1281,Heather Miller,641,832-555-4830,hmiller35@email.com,29360.65
1282,Janet Perez,700,281-555-9401,jperez71@email.com,25289.21
1283,Ryan Sanchez,610,469-555-6902,rsanchez@email.com,11148.44
1284,Rebecca Long,650,817-555-5096,rlong@email.com,25942.43
1285,Stephen Carter,620,281-555-5278,scarter@email.com,10256.02
1286,Scott Diaz,727,972-555-7647,sdiaz76@email.com,8261.6
1287,Martha Hill,753,713-555-4717,mhill94@email.com,12116.57
1288,Keith Bryant,786,817-555-2406,kbryant@email.com,
1289,Timothy Gonzales,763,713-555-8187,tgonzales@email.com,
1290,Christian Davis,741,512-555-3102,cdavis@email.com,24231.71
1291,Cheryl Powell,723,713-555-7867,cpowell@email.com,24557.78
1292,Ann Brooks,716,346-555-1380,abrooks@email.com,8708.6
1293,Emily Flores,719,346-555-7404,eflores50@email.com,
1294,Tyler Taylor,823,972-555-4085,ttaylor@email.com,
1295,Gregory Cole,705,469-555-3808,gcole@email.com,
1296,Kathryn Rivera,566,346-555-9005,krivera@email.com,10805.16
1297,Ronald Moore,747,210-555-4373,rmoore@email.com,
1298,Jeremy Moore,782,214-555-7039,jmoore68@email.com,
1299,Christine Reynolds,750,512-555-2814,creynolds@email.com,
1300,Kelly Murray,585,972-555-4382,kmurray@email.com,13897.97
1301,Edward James,771,832-555-3601,ejames@email.com,19087.31
1302,Rebecca Ruiz,784,210-555-4304,rruiz@email.com,
1303,Andrew West,582,972-555-5044,awest@email.com,25775.7
1304,Janice Owens,785,832-555-1640,jowens@email.com,9318.68
1305,Zachary Ross,702,972-555-3869,zross@email.com,11950.72
1306,Adam Chavez,746,512-555-2565,achavez@email.com,28805.12
1307,Amy Green,690,281-555-5782,agreen@email.com,9468.36
1308,Laura Mcdonald,760,281-555-2986,lmcdonald49@email.com,
1309,Anthony Kennedy,716,972-555-8388,akennedy@email.com,
1310,Sharon Kennedy,572,832-555-1437,skennedy11@email.com,29166.0
1311,Rachel Simmons,649,972-555-1618,rsimmons3@email.com,17518.17
1312,Paul Price,787,832-555-8558,pprice@email.com,
1313,Sean Peterson,774,512-555-8713,speterson@email.com,17623.44
1314,Amanda Jones,601,512-555-5819,ajones@email.com,13724.54
1315,Tyler Baker,589,214-555-5476,tbaker@email.com,14604.89
1316,Janet Rivera,660,214-555-9721,jrivera29@email.com,9050.63
1317,Frances Clark,749,210-555-8274,fclark@email.com,
1318,Mary Gonzalez,743,713-555-5091,mgonzalez49@email.com,12399.69
1319,Robert Graham,564,713-555-2035,rgraham@email.com,16617.04
1320,Matthew Nelson,635,214-555-7810,mnelson@email.com,25375.0
1321,Christine Hughes,837,713-555-4393,chughes71@email.com,
1322,Christina Walker,668,713-555-2734,cwalker@email.com,11819.67
1323,Aaron Reyes,556,972-555-4485,areyes60@email.com,16602.89
1324,Susan Moore,661,972-555-5940,smoore@email.com,18990.67
1325,Anthony Washington,841,512-555-5127,awashington@email.com,13998.01
1326,Diane Wright,720,512-555-6209,dwright@email.com,22660.15
1327,Karen Long,559,346-555-8354,klong@email.com,21471.14
1328,Kathleen Ruiz,850,214-555-4811,kruiz@email.com,
1329,Dorothy James,671,972-555-4990,djames81@email.com,
1330,Emily Gutierrez,805,210-555-4309,egutierrez@email.com,
1331,Edward Martinez,671,346-555-8270,emartinez@email.com,15231.18
1332,Pamela Cruz,570,281-555-7797,pcruz@email.com,29441.39
1333,Emma Miller,667,817-555-6615,emiller@email.com,
1334,Lawrence Wilson,677,713-555-7250,lwilson@email.com,12038.0
1335,Mary Taylor,801,469-555-4153,mtaylor@email.com,
1336,Andrew Turner,614,469-555-3845,aturner@email.com,27778.92
1337,Edward Rogers,809,469-555-7983,erogers94@email.com,
1338,Kevin Phillips,675,972-555-3890,kphillips@email.com,14668.22
1339,Jean West,653,210-555-8883,jwest12@email.com,15910.8
1340,Dennis Nelson,791,832-555-7925,dnelson66@email.com,11501.46
1341,Michelle Ford,560,972-555-8002,mford12@email.com,32765.75
1342,Scott Washington,628,281-555-3878,swashington@email.com,17718.75
1343,Walter Gray,782,210-555-7146,wgray@email.com,12212.67
1344,Debra Wright,790,713-555-3535,dwright26@email.com,
1345,Gerald Gutierrez,801,972-555-7812,ggutierrez@email.com,19557.39
1346,Maria Barnes,800,210-555-2167,mbarnes@email.com,
1347,Barbara Young,747,346-555-3660,byoung@email.com,
1348,Ruth Bailey,728,281-555-9005,rbailey@email.com,16099.97
1349,Joseph Barnes,767,713-555-4970,jbarnes63@email.com,
1350,Donna Bell,783,512-555-5166,dbell33@email.com,19276.67
1351,Carol Brown,609,469-555-7297,cbrown@email.com,21930.01
1352,Christopher Woods,646,972-555-3716,cwoods56@email.com,17586.14
1353,Helen Ruiz,822,972-555-6045,hruiz95@email.com,
1354,Daniel Ramirez,843,817-555-3338,dramirez@email.com,
1355,Sharon Coleman,707,214-555-3759,scoleman@email.com,8034.73
1356,Karen Hamilton,818,972-555-5724,khamilton@email.com,7559.51
1357,Maria Mitchell,618,713-555-8970,mmitchell@email.com,15459.53
1358,Mark Cole,840,713-555-4041,mcole27@email.com,
1359,George Roberts,682,972-555-8220,groberts@email.com,21737.27
1360,Kevin Lee,700,469-555-7188,klee@email.com,
1361,Thomas Sanders,565,346-555-4846,tsanders@email.com,24336.91
1362,Margaret Williams,581,210-555-1118,mwilliams@email.com,29959.67
1363,David Harris,658,281-555-1118,dharris@email.com,19441.63
1364,Jonathan Marshall,792,817-555-8036,jmarshall45@email.com,
1365,Rachel Reyes,672,817-555-7528,rreyes@email.com,9259.31
1366,Janet Myers,601,214-555-8486,jmyers91@email.com,22054.25
1367,Emily Miller,612,281-555-5578,emiller91@email.com,32543.19
1368,Angela Jenkins,781,346-555-8785,ajenkins67@email.com,
1369,Timothy Smith,714,214-555-6901,tsmith@email.com,29331.15
1370,Christine Griffin,669,346-555-8938,cgriffin53@email.com,25467.13
1371,Carolyn Gonzales,793,210-555-4196,cgonzales@email.com,18047.88
1372,Joe Kennedy,566,512-555-9158,jkennedy13@email.com,19040.45
1373,Sean Bryant,636,832-555-2895,sbryant@email.com,24465.06
1374,Lawrence Morgan,674,713-555-3792,lmorgan@email.com,22514.39
1375,Ruth Davis,632,817-555-7283,rdavis@email.com,32989.26
1376,Jeffrey Bailey,793,469-555-3224,jbailey70@email.com,12379.38
1377,Debra Morris,844,346-555-2059,dmorris84@email.com,
1378,Heather Ramos,669,713-555-5244,hramos@email.com,
1379,Daniel Sanders,646,469-555-7025,dsanders18@email.com,35599.91
1380,Heather Smith,709,214-555-9775,hsmith@email.com,
1381,Diane Kim,713,817-555-3069,dkim68@email.com,20997.07
1382,Sandra Coleman,554,281-555-8546,scoleman42@email.com,14341.02
1383,Nicole Stewart,805,832-555-3415,nstewart@email.com,7188.06
1384,William Cruz,708,281-555-3022,wcruz@email.com,
1385,Joe Murray,660,832-555-5775,jmurray@email.com,16287.59
1386,Debra Flores,657,713-555-1861,dflores24@email.com,24002.7
1387,Jennifer Henderson,722,972-555-8756,jhenderson46@email.com,16603.39
1388,Gloria Diaz,694,713-555-9978,gdiaz@email.com,10879.82
1389,Ethan Wilson,705,832-555-3681,ewilson@email.com,17721.44
1390,Andrea Wood,624,713-555-4573,awood@email.com,34130.75
1391,Ronald Williams,735,346-555-2670,rwilliams@email.com,29746.65
1392,Donna Perry,768,512-555-1922,dperry@email.com,
1393,Hannah Rivera,576,469-555-9444,hrivera@email.com,29502.93
1394,Ruth Hill,756,713-555-1556,rhill@email.com,
1395,Julie Owens,704,346-555-3826,jowens85@email.com,25068.7
1396,Daniel Gibson,745,210-555-8292,dgibson@email.com,10640.01
1397,Nancy Young,800,281-555-4685,nyoung4@email.com,19810.24
1398,Harold Ward,598,346-555-3967,hward51@email.com,24525.74
1399,Ruth Brooks,842,512-555-2629,rbrooks@email.com,
1400,Ann Mitchell,757,214-555-7451,amitchell73@email.com,16752.12
1401,Gloria Owens,582,281-555-9830,gowens@email.com,31412.47
1402,Dorothy Parker,610,512-555-3948,dparker2@email.com,26641.65
1403,Raymond Young,570,512-555-4378,ryoung85@email.com,14836.31
1404,Sara Bailey,567,469-555-3043,sbailey@email.com,25184.45
1405,Catherine Freeman,637,972-555-1001,cfreeman@email.com,17450.11
1406,Susan Woods,700,281-555-8289,swoods@email.com,
1407,Megan Reyes,817,817-555-9818,mreyes@email.com,
1408,Margaret Lopez,671,214-555-4081,mlopez@email.com,
1409,Laura Wright,832,713-555-6882,lwright37@email.com,
1410,Sean Bailey,683,972-555-3675,sbailey53@email.com,28784.29
1411,Jose Torres,824,713-555-2156,jtorres@email.com,9041.0
1412,Stephanie Gutierrez,838,281-555-3687,sgutierrez55@email.com,9745.41
1413,Ruth Butler,563,346-555-5055,rbutler@email.com,12325.74
1414,Dorothy Webb,606,281-555-7664,dwebb10@email.com,19880.73
1415,Daniel Russell,720,210-555-3397,drussell@email.com,12966.84
1416,John Sanchez,743,469-555-3023,jsanchez24@email.com,27261.26
1417,Megan Harris,820,817-555-5620,mharris@email.com,14112.0
1418,Richard Baker,712,972-555-3960,rbaker@email.com,24308.54
1419,Terry Patterson,794,346-555-3090,tpatterson@email.com,
1420,Martha Flores,614,512-555-7206,mflores@email.com,27026.82
1421,Jonathan Wilson,739,713-555-7852,jwilson92@email.com,17657.12
1422,Patrick Bryant,807,210-555-5519,pbryant@email.com,12808.92
1423,Ryan Gray,594,210-555-7660,rgray42@email.com,35357.37
1424,Christopher Martin,672,469-555-3705,cmartin@email.com,9860.87
1425,Emma Mcdonald,555,972-555-9334,emcdonald@email.com,37973.24
1426,Cheryl Alvarez,822,469-555-7643,calvarez3@email.com,18663.3
1427,Mary Kim,823,817-555-5001,mkim@email.com,14917.61
1428,Nathan Baker,818,713-555-3864,nbaker@email.com,
1429,Paul Alvarez,730,214-555-7925,palvarez65@email.com,16212.24
1430,Angela Tucker,610,210-555-5901,atucker63@email.com,18806.35
1431,Jason Smith,841,972-555-4562,jsmith41@email.com,19387.02
1432,Martha Martinez,787,346-555-8999,mmartinez@email.com,
1433,Mary Chavez,718,210-555-6798,mchavez@email.com,
1434,Carolyn Mitchell,755,817-555-1145,cmitchell@email.com,
1435,Megan Phillips,593,281-555-9426,mphillips@email.com,36955.3
1436,Victoria Young,799,214-555-3549,vyoung@email.com,8752.02
1437,Kyle Coleman,741,210-555-6971,kcoleman56@email.com,19801.4
1438,Jonathan Ramirez,774,832-555-3651,jramirez19@email.com,
1439,Ruth Johnson,733,713-555-2813,rjohnson@email.com,
1440,David Wright,752,972-555-6426,dwright6@email.com,
1441,Ronald Murray,686,469-555-7899,rmurray@email.com,18902.49
1442,Steven Price,754,281-555-7370,sprice18@email.com,
1443,Steven Flores,726,281-555-1223,sflores89@email.com,
1444,Rachel Gonzales,554,972-555-8867,rgonzales39@email.com,18466.7
1445,Nancy Gonzales,676,346-555-3498,ngonzales@email.com,12110.93
1446,Pamela Robinson,684,713-555-8031,probinson@email.com,
1447,Anthony Ruiz,642,713-555-3436,aruiz@email.com,16881.53
1448,Kimberly Simmons,569,210-555-4148,ksimmons@email.com,37872.95
1449,Christina Jones,652,469-555-1834,cjones50@email.com,14741.81
1450,Kathleen Stewart,722,972-555-8851,kstewart9@email.com,22165.21
1451,Helen Lewis,687,817-555-5596,hlewis@email.com,23654.88
1452,Angela Cruz,574,512-555-1669,acruz@email.com,10016.08
1453,Frank Collins,696,832-555-5590,fcollins@email.com,10216.76
1454,Deborah Reed,801,817-555-6476,dreed40@email.com,
1455,Patricia King,719,817-555-6920,pking@email.com,20956.04
1456,Maria Rogers,691,713-555-7292,mrogers@email.com,
1457,Sandra King,611,214-555-4120,sking26@email.com,31139.8
1458,Margaret Martin,829,346-555-6618,mmartin40@email.com,19844.67
1459,Rebecca Webb,628,214-555-3094,rwebb26@email.com,22546.38
1460,Nicholas Ross,737,832-555-2923,nross@email.com,9489.59
1461,Kelly Castillo,807,214-555-3735,kcastillo@email.com,15450.59
1462,Kimberly Wood,573,346-555-1996,kwood90@email.com,15705.73
1463,Julie Mcdonald,822,281-555-2228,jmcdonald23@email.com,
1464,Roger Barnes,837,972-555-7567,rbarnes@email.com,8103.87
1465,James Green,842,713-555-1145,jgreen@email.com,16859.7
1466,Zachary Ruiz,818,210-555-5971,zruiz@email.com,9445.46
1467,Amanda Morris,573,281-555-4902,amorris39@email.com,11172.72
1468,Donna Cox,618,210-555-1844,dcox@email.com,29272.39
1469,Angela Parker,823,469-555-1022,aparker85@email.com,
1470,Jack Price,592,281-555-5326,jprice@email.com,31662.39
1471,Henry Watson,716,214-555-1170,hwatson@email.com,12824.15
1472,Shirley Jones,825,346-555-2743,sjones@email.com,15321.73
1473,Shirley Turner,776,713-555-6312,sturner36@email.com,
1474,Julie Flores,778,713-555-8109,jflores49@email.com,
1475,Harold White,803,512-555-8526,hwhite25@email.com,7641.66
1476,George Diaz,560,210-555-3669,gdiaz24@email.com,34524.98
1477,Timothy Moore,623,469-555-7986,tmoore@email.com,17357.62
1478,Joyce Sanchez,819,512-555-1193,jsanchez79@email.com,
1479,Jerry Garcia,606,214-555-1716,jgarcia18@email.com,17450.29
1480,Nancy Kelly,623,346-555-1221,nkelly@email.com,33772.01
1481,John Ramirez,827,817-555-2392,jramirez27@email.com,
1482,Albert Griffin,633,210-555-6435,agriffin63@email.com,14635.4
1483,Joseph Freeman,686,281-555-3016,jfreeman4@email.com,10261.94
1484,Nicole Clark,811,214-555-4675,nclark5@email.com,
1485,Jerry Nguyen,730,210-555-4700,jnguyen89@email.com,27452.93
1486,Amanda Lewis,664,469-555-5617,alewis@email.com,21545.33
1487,Donald Russell,593,214-555-3475,drussell24@email.com,22858.85
1488,Debra Campbell,767,512-555-5940,dcampbell@email.com,9305.08
1489,Anthony Howard,805,817-555-5348,ahoward93@email.com,16832.84
1490,Katherine Nguyen,749,832-555-8838,knguyen10@email.com,
1491,Christina Cox,624,469-555-6292,ccox@email.com,39843.15
1492,George Barnes,730,817-555-9097,gbarnes@email.com,23255.26
1493,Victoria Long,620,713-555-7278,vlong@email.com,22559.79
1494,Cheryl Washington,823,832-555-9724,cwashington@email.com,
1495,Ryan Barnes,592,346-555-7911,rbarnes69@email.com,27336.29
1496,Jeffrey Thompson,670,817-555-1046,jthompson28@email.com,8377.4
1497,Christian Stevens,618,469-555-1976,cstevens46@email.com,20825.76
1498,Emily Watson,785,512-555-7898,ewatson@email.com,
1499,Cynthia Anderson,620,469-555-3344,canderson@email.com,21323.82
1500,Michael Kim,740,214-555-2736,mkim86@email.com,18490.18
1501,Kenneth Davis,625,817-555-3314,kdavis@email.com,12369.8
1502,Lisa Brown,841,972-555-3452,lbrown99@email.com,
1503,Emily Olson,703,832-555-7742,eolson@email.com,17767.42
1504,Patricia Richardson,606,512-555-1983,prichardson@email.com,36434.71
1505,William Hall,807,512-555-1178,whall@email.com,
1506,Jose Hayes,833,210-555-9222,jhayes41@email.com,11355.05
1507,Kenneth Howard,597,281-555-7185,khoward18@email.com,32294.04
1508,Aaron Anderson,662,972-555-4009,aanderson97@email.com,21311.83
1509,Lisa Bryant,794,817-555-7637,lbryant50@email.com,
1510,Maria Kim,649,210-555-2776,mkim15@email.com,12334.26
1511,Debra Davis,672,210-555-3666,ddavis@email.com,9437.02
1512,John James,646,281-555-4305,jjames@email.com,29151.67
1513,William Morgan,687,469-555-1735,wmorgan@email.com,25384.97
1514,Susan Gonzalez,711,469-555-6056,sgonzalez@email.com,
1515,Janet Diaz,753,281-555-4192,jdiaz42@email.com,15885.32
1516,Kimberly Harris,719,972-555-9250,kharris@email.com,
1517,Joshua Miller,850,972-555-8814,jmiller77@email.com,5561.12
1518,Carol Hill,787,469-555-2528,chill@email.com,8473.55
1519,Laura Torres,632,281-555-9459,ltorres@email.com,39768.37
1520,Frances Sanders,779,512-555-6554,fsanders@email.com,
1521,Adam Hernandez,748,713-555-4421,ahernandez80@email.com,29076.34
1522,Janice Harrison,599,214-555-3336,jharrison@email.com,32989.52
1523,Samantha Thompson,805,469-555-8451,sthompson42@email.com,
1524,Jean Ortiz,730,469-555-2165,jortiz24@email.com,18136.31
1525,Hannah Bailey,776,512-555-3031,hbailey@email.com,12323.88
1526,Catherine Richardson,755,972-555-3113,crichardson58@email.com,
1527,Raymond Gutierrez,592,972-555-9289,rgutierrez@email.com,23502.77
1528,David Anderson,675,281-555-1130,danderson21@email.com,14394.53
1529,Kenneth Simmons,587,713-555-7360,ksimmons61@email.com,30074.52
1530,Carolyn Bryant,789,281-555-8616,cbryant@email.com,
1531,George Ramirez,753,972-555-4268,gramirez@email.com,
1532,Thomas Cruz,725,346-555-8967,tcruz29@email.com,18476.83
1533,Pamela Hayes,569,281-555-3551,phayes@email.com,38456.01
1534,Donna Collins,713,346-555-1513,dcollins78@email.com,9372.81
1535,Alexander Alexander,792,713-555-1886,aalexander@email.com,
1536,Jennifer Kim,688,210-555-3885,jkim12@email.com,
1537,Stephen Patterson,591,210-555-8396,spatterson@email.com,36138.67
1538,Jeremy Collins,682,512-555-1880,jcollins13@email.com,17427.75
1539,Scott Nelson,651,817-555-7866,snelson@email.com,19781.14
1540,Carol Ramos,731,346-555-7375,cramos@email.com,20339.99
1541,Ronald Martin,846,346-555-3369,rmartin@email.com,
1542,Katherine Brown,627,832-555-3416,kbrown65@email.com,35929.04
1543,Ashley Jordan,684,281-555-1060,ajordan59@email.com,26859.88
1544,Virginia Harris,568,713-555-4074,vharris@email.com,22605.28
1545,Teresa Nelson,743,713-555-6703,tnelson28@email.com,29378.38
1546,Jean Brown,739,817-555-1265,jbrown@email.com,14753.24
1547,Dorothy Harrison,783,972-555-7723,dharrison47@email.com,
1548,Lawrence Gonzales,817,817-555-2857,lgonzales@email.com,11882.35
1549,Maria Rivera,833,346-555-3664,mrivera71@email.com,
1550,Larry Ramos,695,346-555-2625,lramos@email.com,25730.67
1551,Anthony Thompson,558,346-555-7738,athompson15@email.com,24892.15
1552,Teresa Sanchez,777,281-555-1534,tsanchez@email.com,17775.58
1553,Jason Morris,782,281-555-7243,jmorris16@email.com,
1554,Kyle Young,729,972-555-1124,kyoung@email.com,25208.31
1555,Jacqueline Diaz,687,210-555-6036,jdiaz55@email.com,8091.47
1556,Douglas Rodriguez,557,214-555-3512,drodriguez@email.com,33715.3
1557,Keith Cruz,721,512-555-8045,kcruz@email.com,
1558,Tyler Wilson,845,972-555-3111,twilson@email.com,10856.18
1559,Brian Patterson,712,281-555-3595,bpatterson@email.com,10190.71
1560,Steven Kennedy,610,346-555-7422,skennedy99@email.com,28819.55
1561,Eric Green,715,713-555-2527,egreen@email.com,
1562,Ruth Williams,628,214-555-9907,rwilliams12@email.com,27153.82
1563,Michael King,782,817-555-4056,mking32@email.com,8326.33
1564,Stephanie Washington,675,972-555-5267,swashington86@email.com,
1565,Nancy Torres,561,346-555-2694,ntorres@email.com,13327.95
1566,Dorothy Ramirez,622,210-555-5292,dramirez25@email.com,12783.31
1567,Arthur Russell,656,972-555-2649,arussell@email.com,8483.05
1568,Charles Marshall,589,713-555-7879,cmarshall50@email.com,36691.41
1569,Virginia Adams,642,210-555-1166,vadams@email.com,37109.15
1570,Janice Rodriguez,610,817-555-6681,jrodriguez@email.com,24517.33
1571,Teresa Johnson,631,281-555-5169,tjohnson@email.com,37797.5
1572,Stephanie Davis,824,214-555-9486,sdavis@email.com,
1573,Michelle Edwards,736,469-555-4554,medwards@email.com,
1574,Emily Stewart,592,512-555-5384,estewart@email.com,18209.99
1575,Rebecca White,728,281-555-5822,rwhite61@email.com,18907.64
1576,Martha Simmons,648,210-555-3833,msimmons@email.com,15936.29
1577,Pamela Henderson,602,346-555-6105,phenderson@email.com,14969.59
1578,Edward Marshall,771,832-555-7942,emarshall@email.com,9075.11
1579,Katherine Ramirez,746,972-555-4272,kramirez@email.com,16227.13
1580,Thomas Cole,635,214-555-9378,tcole@email.com,17591.91
1581,Gloria Powell,753,214-555-2878,gpowell@email.com,
1582,Frank Gonzales,645,817-555-5019,fgonzales11@email.com,16455.52
1583,Maria Gutierrez,624,817-555-3003,mgutierrez3@email.com,19557.67
1584,John Myers,659,832-555-6268,jmyers31@email.com,16483.0
1585,Jason Castillo,661,469-555-5555,jcastillo@email.com,28817.96
1586,Lisa Graham,772,817-555-6244,lgraham27@email.com,
1587,Arthur Harrison,573,210-555-7901,aharrison17@email.com,13722.78
1588,Amanda Price,746,713-555-1348,aprice38@email.com,
1589,Jean Johnson,786,210-555-3147,jjohnson53@email.com,
1590,Terry Olson,570,817-555-1266,tolson@email.com,12083.62
1591,Matthew Hamilton,704,210-555-6196,mhamilton98@email.com,9754.88
1592,Raymond Mcdonald,574,972-555-5889,rmcdonald@email.com,30893.71
1593,Zachary Mcdonald,612,817-555-2683,zmcdonald@email.com,10878.65
1594,Richard Williams,621,469-555-6289,rwilliams90@email.com,31727.6
1595,Cynthia Baker,595,713-555-7043,cbaker@email.com,34484.43
1596,Ann Johnson,576,210-555-1705,ajohnson16@email.com,11440.1
1597,Helen Martin,685,817-555-7218,hmartin@email.com,
1598,Amanda Scott,848,832-555-2964,ascott18@email.com,
1599,Donna Reynolds,778,469-555-9548,dreynolds69@email.com,
1600,Harold Owens,693,817-555-8908,howens30@email.com,
1601,Nicole Perez,730,281-555-4971,nperez@email.com,24175.9
1602,Edward Martin,588,832-555-1987,emartin@email.com,16374.26
1603,Jerry Carter,799,469-555-6577,jcarter28@email.com,16424.04
1604,Martha Reyes,709,832-555-3523,mreyes66@email.com,
1605,Kimberly Stewart,736,972-555-8412,kstewart81@email.com,25160.46
1606,Pamela Kim,634,210-555-2672,pkim@email.com,14418.69
1607,Sandra Lewis,673,214-555-8550,slewis@email.com,
1608,Linda Stevens,821,832-555-6766,lstevens35@email.com,
1609,Patrick Alexander,658,512-555-7503,palexander@email.com,19174.39
1610,Jessica Wallace,689,817-555-2602,jwallace8@email.com,24104.04
1611,Jose Roberts,700,713-555-7597,jroberts24@email.com,19650.38
1612,Arthur Woods,771,469-555-1817,awoods84@email.com,
1613,Mark Stewart,608,214-555-1584,mstewart@email.com,27256.92
1614,Amy Taylor,822,469-555-5513,ataylor30@email.com,15492.68
1615,Joyce Henderson,751,469-555-4602,jhenderson95@email.com,15375.26
1616,Arthur Turner,637,713-555-6695,aturner83@email.com,18639.78
1617,Emma Smith,598,512-555-9245,esmith@email.com,37233.47
1618,Harold Gray,672,512-555-6162,hgray@email.com,11666.2
1619,Debra Hayes,622,214-555-8775,dhayes56@email.com,20021.62
1620,Lisa Baker,554,346-555-6769,lbaker@email.com,39086.25
1621,Alice Smith,800,713-555-8742,asmith16@email.com,
1622,Robert Wood,666,281-555-9243,rwood23@email.com,25055.64
1623,Margaret Bennett,721,832-555-9039,mbennett96@email.com,20005.73
1624,Carl Reed,736,832-555-1222,creed47@email.com,15342.26
1625,Keith Ford,607,210-555-9508,kford95@email.com,29194.01
1626,Jeffrey Torres,732,832-555-1506,jtorres33@email.com,23307.73
1627,Adam Russell,655,469-555-4175,arussell50@email.com,29239.97
1628,Teresa Cole,819,512-555-5346,tcole88@email.com,
1629,Gregory Henderson,763,210-555-6067,ghenderson@email.com,
1630,Ethan Mendoza,725,346-555-3014,emendoza@email.com,18010.61
1631,Samuel Richardson,606,214-555-9174,srichardson89@email.com,14413.93
1632,Joshua Mendoza,698,210-555-8976,jmendoza38@email.com,
1633,Nicole Brown,782,214-555-4560,nbrown@email.com,
1634,Dorothy Wilson,800,210-555-1083,dwilson57@email.com,
1635,James Gonzalez,678,512-555-6737,jgonzalez38@email.com,19043.85
1636,Sara Flores,594,210-555-3337,sflores95@email.com,15901.82
1637,Alice Lee,698,713-555-1526,alee@email.com,15801.91
1638,Jerry Kim,754,469-555-5280,jkim40@email.com,7599.53
1639,Ruth Hughes,846,210-555-3223,rhughes@email.com,
1640,Rebecca Bennett,706,469-555-5871,rbennett@email.com,21823.01
1641,Dennis Ramos,599,512-555-9627,dramos58@email.com,30824.0
1642,Gerald Sullivan,789,817-555-8006,gsullivan@email.com,
1643,Victoria Gibson,564,281-555-1432,vgibson@email.com,38724.75
1644,Kelly Thompson,621,346-555-5954,kthompson33@email.com,27409.67
1645,Maria Allen,828,346-555-5806,mallen@email.com,
1646,Tyler Allen,756,214-555-8582,tallen99@email.com,11903.31
1647,Jessica Perez,578,210-555-2753,jperez44@email.com,27830.19
1648,Justin Ford,719,214-555-2989,jford96@email.com,19238.06
1649,Jessica Turner,814,512-555-9115,jturner19@email.com,
1650,Samantha Johnson,798,346-555-4288,sjohnson16@email.com,
1651,Frances Harris,676,713-555-2697,fharris@email.com,26319.98
1652,Joan Henderson,578,469-555-5913,jhenderson53@email.com,24511.59
1653,Deborah Rogers,829,210-555-8194,drogers86@email.com,11485.31
1654,Jennifer Mitchell,622,713-555-3797,jmitchell67@email.com,32249.94
1655,Teresa Evans,793,832-555-5751,tevans@email.com,
1656,Margaret Mcdonald,738,210-555-7409,mmcdonald51@email.com,10361.39
1657,Donna Davis,695,832-555-2968,ddavis74@email.com,20771.84
1658,William Griffin,571,817-555-3282,wgriffin@email.com,24037.21
1659,Judith Ward,554,512-555-6861,jward66@email.com,35675.19
1660,Gerald Parker,728,281-555-7399,gparker@email.com,11838.93
1661,Joshua Powell,838,817-555-8528,jpowell93@email.com,7100.59
1662,Helen Henderson,584,832-555-7168,hhenderson@email.com,38876.65
1663,George Kennedy,819,210-555-3120,gkennedy@email.com,13832.78
1664,Ethan Morales,849,346-555-7615,emorales@email.com,
1665,Linda Green,668,469-555-2740,lgreen@email.com,22945.09
1666,Frank Cook,671,469-555-3850,fcook@email.com,16449.84
1667,Kelly Taylor,581,346-555-5103,ktaylor16@email.com,11122.55
1668,Charles Griffin,741,346-555-1482,cgriffin24@email.com,23371.97
1669,Dennis Wright,843,281-555-4272,dwright27@email.com,
1670,Peter Richardson,665,713-555-3655,prichardson57@email.com,25790.79
1671,Stephanie Thompson,848,214-555-2576,sthompson28@email.com,
1672,Emily Johnson,734,972-555-9955,ejohnson@email.com,15495.65
1673,Gloria Harrison,647,713-555-8761,gharrison@email.com,25025.51
1674,Janet Scott,584,832-555-8004,jscott82@email.com,21283.55
1675,Charles Lee,615,281-555-5886,clee@email.com,13027.39
1676,Cheryl Cook,576,346-555-9856,ccook@email.com,19927.59
1677,Cynthia Wood,678,972-555-6863,cwood@email.com,
1678,Kenneth Richardson,588,281-555-4955,krichardson68@email.com,37954.27
1679,Gerald James,754,346-555-1928,gjames71@email.com,6663.12
1680,Kyle Gomez,565,214-555-6538,kgomez55@email.com,17826.43
1681,Debra Thomas,621,713-555-9963,dthomas95@email.com,19888.28
1682,Sarah Rogers,802,469-555-1579,srogers@email.com,
1683,Charles Hamilton,591,281-555-8844,chamilton@email.com,38398.02
1684,Brenda Hernandez,603,214-555-9136,bhernandez@email.com,25228.13
1685,Carolyn Alexander,794,210-555-4731,calexander@email.com,
1686,Joseph Miller,650,281-555-7215,jmiller89@email.com,8398.09
1687,Andrea Wilson,748,972-555-3051,awilson57@email.com,20089.99
1688,Ashley Wallace,610,346-555-7024,awallace@email.com,20553.67
1689,Rachel Ramos,579,713-555-4801,rramos13@email.com,27658.52
1690,Ann Lopez,557,713-555-1931,alopez@email.com,12298.35
1691,Susan Reyes,729,346-555-5001,sreyes39@email.com,
1692,Julie Murray,612,469-555-2251,jmurray34@email.com,38151.1
1693,Edward Mcdonald,732,713-555-8266,emcdonald93@email.com,16072.54
1694,Kathryn Wood,675,281-555-5383,kwood42@email.com,19075.8
1695,Jessica Ross,760,346-555-8966,jross37@email.com,
1696,Emily Mendoza,668,210-555-4453,emendoza17@email.com,25960.35
1697,Andrew Martinez,670,832-555-8434,amartinez16@email.com,
1698,William Howard,692,346-555-7294,whoward@email.com,29232.12
1699,Sarah Cox,746,832-555-1308,scox@email.com,16462.59
1700,Susan Morris,655,972-555-4021,smorris86@email.com,9149.71
1701,Brandon Rodriguez,827,817-555-1425,brodriguez79@email.com,10043.27
1702,Anna Edwards,564,817-555-8111,aedwards56@email.com,33478.38
1703,Kathryn Fisher,697,281-555-8594,kfisher56@email.com,20502.67
1704,Keith Bell,633,972-555-8656,kbell@email.com,32369.02
1705,Jacob King,557,210-555-5495,jking12@email.com,39964.18
1706,Lawrence Watson,722,346-555-7465,lwatson@email.com,
1707,Stephen Russell,687,210-555-1202,srussell17@email.com,22537.08
1708,Anna Rivera,777,832-555-1282,arivera58@email.com,
1709,Barbara Sullivan,795,281-555-4569,bsullivan@email.com,
1710,Ethan Lee,691,346-555-6145,elee@email.com,17689.67
1711,Eric Ward,682,832-555-3084,eward31@email.com,11231.84
1712,Richard Cook,608,214-555-4018,rcook@email.com,30533.24
1713,Peter Cruz,571,281-555-4734,pcruz9@email.com,38551.11
1714,Eric Bailey,558,817-555-9854,ebailey@email.com,31549.58
1715,Jacob Morales,605,469-555-9305,jmorales@email.com,23314.38
1716,Roger Martin,671,713-555-6337,rmartin75@email.com,26099.24
1717,Douglas Jackson,768,210-555-3344,djackson@email.com,
1718,Alexander Long,758,817-555-8711,along39@email.com,7404.69
1719,Susan Wood,626,346-555-1418,swood@email.com,13186.96
1720,Jason Reyes,811,281-555-6636,jreyes29@email.com,
1721,Alice Rodriguez,626,972-555-2285,arodriguez@email.com,38655.38
1722,Cynthia Ruiz,844,281-555-7849,cruiz70@email.com,17713.93
1723,Gloria Wilson,791,281-555-9525,gwilson@email.com,
1724,Jonathan Roberts,844,210-555-4998,jroberts44@email.com,
1725,Alexander Cook,783,817-555-2890,acook@email.com,11675.11
1726,Henry Russell,590,817-555-9284,hrussell@email.com,12293.31
1727,Alexander Ford,667,832-555-7862,aford31@email.com,26189.25
1728,Steven Washington,675,972-555-3263,swashington79@email.com,
1729,Emma Sanders,710,469-555-2335,esanders54@email.com,29631.45
1730,Jean Mcdonald,651,512-555-8439,jmcdonald3@email.com,
1731,Kelly Gomez,833,832-555-2654,kgomez18@email.com,17507.88
1732,Michael Nelson,587,512-555-9436,mnelson69@email.com,37558.69
1733,Jose Powell,615,972-555-4955,jpowell93@email.com,18801.76
1734,Benjamin Foster,605,214-555-2208,bfoster@email.com,32162.45
1735,Patrick West,759,832-555-8138,pwest@email.com,
1736,George Wells,592,512-555-1127,gwells77@email.com,27791.45
1737,Zachary Butler,714,832-555-3895,zbutler@email.com,20937.78
1738,Matthew Cook,702,832-555-6588,mcook@email.com,
1739,Keith Castillo,846,281-555-7990,kcastillo38@email.com,
1740,Katherine Rivera,623,214-555-4451,krivera57@email.com,25574.05
1741,Jean Reyes,600,817-555-5666,jreyes23@email.com,13556.53
1742,Stephen Marshall,774,713-555-3774,smarshall38@email.com,8891.44
1743,Sandra Cook,692,512-555-2572,scook@email.com,
1744,Roger Baker,564,281-555-9813,rbaker26@email.com,10199.95
1745,Michael Jenkins,654,210-555-7987,mjenkins@email.com,19459.67
1746,Zachary Watson,606,469-555-8281,zwatson@email.com,36666.39
1747,Arthur Gomez,594,512-555-5562,agomez95@email.com,30061.47
1748,Patrick Lee,663,469-555-6359,plee@email.com,
1749,Debra Ward,782,281-555-2213,dward92@email.com,18384.09
1750,Barbara Alexander,601,281-555-6202,balexander@email.com,15711.96
1751,Christian Martinez,554,713-555-3242,cmartinez77@email.com,21286.27
1752,Jeffrey Phillips,685,832-555-3481,jphillips64@email.com,24138.34
1753,Larry King,651,469-555-9459,lking@email.com,24487.81
1754,James Ramos,584,832-555-4416,jramos@email.com,31299.72
1755,Barbara Graham,684,346-555-7230,bgraham82@email.com,22029.72
1756,Andrea Olson,642,210-555-4799,aolson39@email.com,30039.27
1757,Janet Freeman,796,210-555-2581,jfreeman30@email.com,
1758,Emma Graham,778,817-555-5053,egraham86@email.com,
1759,Melissa Gibson,713,469-555-6694,mgibson@email.com,23506.01
1760,Andrea Owens,760,713-555-1474,aowens39@email.com,
1761,Laura Jordan,581,281-555-6295,ljordan@email.com,17848.16
1762,Tyler Griffin,767,972-555-5271,tgriffin@email.com,9024.76
1763,Susan Gray,779,972-555-4625,sgray@email.com,7498.03
1764,Edward Lewis,718,512-555-9843,elewis@email.com,
1765,Jennifer Butler,596,817-555-6778,jbutler72@email.com,11903.94
1766,Richard Woods,657,817-555-9773,rwoods@email.com,
1767,Kenneth Washington,752,713-555-5754,kwashington@email.com,18659.81
1768,Laura Cooper,556,214-555-1328,lcooper@email.com,32653.65
1769,Jeremy Clark,806,972-555-8944,jclark7@email.com,
1770,Helen Miller,667,713-555-1553,hmiller36@email.com,25885.91
1771,Dennis Simmons,617,210-555-2391,dsimmons11@email.com,12216.71
1772,Douglas Garcia,557,281-555-3487,dgarcia14@email.com,32076.2
1773,Samantha Hughes,767,281-555-1383,shughes40@email.com,
1774,Rebecca Sanchez,685,346-555-8723,rsanchez50@email.com,
1775,Betty Stewart,758,281-555-5563,bstewart@email.com,
1776,Gary Butler,558,832-555-7449,gbutler49@email.com,32881.01
1777,Sandra Cole,664,346-555-1407,scole52@email.com,17835.88
1778,Harold Ramirez,709,817-555-3355,hramirez82@email.com,10098.56
1779,Amanda Parker,800,346-555-5095,aparker12@email.com,
1780,Hannah Mendoza,840,713-555-1965,hmendoza@email.com,8780.36
1781,Joshua Martinez,714,346-555-7660,jmartinez2@email.com,
1782,Sharon Owens,829,832-555-6128,sowens85@email.com,
1783,Walter Ford,813,281-555-2334,wford@email.com,11385.53
1784,Lisa Perry,615,214-555-3655,lperry68@email.com,32444.46
1785,Peter Robinson,569,972-555-9113,probinson23@email.com,28784.95
1786,Jeremy Marshall,621,281-555-7850,jmarshall53@email.com,10277.76
1787,Donald Ramos,700,210-555-9560,dramos43@email.com,16175.9
1788,Kevin Torres,698,281-555-4349,ktorres80@email.com,16167.57
1789,Nicholas Ellis,786,713-555-6409,nellis@email.com,15801.95
1790,Paul Nelson,818,832-555-1160,pnelson@email.com,
1791,Melissa Hill,790,469-555-1091,mhill41@email.com,7989.01
1792,Matthew Washington,784,817-555-2551,mwashington@email.com,
1793,Evelyn Green,584,817-555-4703,egreen46@email.com,28864.65
1794,Stephanie Ward,695,972-555-6009,sward49@email.com,16871.9
1795,Shirley Tucker,653,469-555-3497,stucker15@email.com,14159.68
1796,Anna Clark,614,281-555-7274,aclark44@email.com,27269.67
1797,Stephen Stevens,657,512-555-1043,sstevens@email.com,29759.92
1798,Betty Nguyen,623,512-555-8790,bnguyen@email.com,36238.42
1799,Frank Martin,576,512-555-9383,fmartin@email.com,34217.03
1800,Jose Ellis,717,210-555-9198,jellis99@email.com,
1801,Sara Henderson,743,972-555-8773,shenderson47@email.com,19483.69
1802,Gloria Lee,659,512-555-5550,glee93@email.com,
1803,Ruth Griffin,800,210-555-2970,rgriffin@email.com,11531.2
1804,Carolyn Rivera,562,817-555-8636,crivera@email.com,33122.34
1805,Samuel Kim,659,346-555-4129,skim@email.com,11938.12
1806,John Phillips,776,817-555-9618,jphillips26@email.com,
1807,Samantha Myers,598,817-555-5157,smyers66@email.com,37646.92
1808,Brenda Rodriguez,690,832-555-7525,brodriguez7@email.com,23493.82
1809,Joe Davis,791,346-555-8446,jdavis64@email.com,
1810,Teresa Clark,569,817-555-1472,tclark80@email.com,36827.95
1811,Michelle Rivera,617,469-555-7874,mrivera17@email.com,11681.44
1812,Sarah Reyes,599,281-555-5546,sreyes26@email.com,29653.16
1813,Robert Long,712,512-555-7000,rlong68@email.com,
1814,Joyce Hamilton,581,469-555-4161,jhamilton99@email.com,25045.77
1815,Jonathan Perez,638,832-555-1729,jperez37@email.com,28255.87
1816,Jacqueline Jordan,638,214-555-6098,jjordan37@email.com,26816.78
1817,Donald Sanders,788,346-555-8585,dsanders13@email.com,
1818,Betty Campbell,594,512-555-6201,bcampbell@email.com,27734.46
1819,Jennifer Baker,555,713-555-7136,jbaker60@email.com,12438.25
1820,Angela Gray,647,512-555-6087,agray8@email.com,21379.31
1821,Emma Rivera,692,512-555-6169,erivera54@email.com,
1822,Timothy Howard,652,512-555-5832,thoward@email.com,
1823,Peter Gomez,597,832-555-6818,pgomez76@email.com,20908.4
1824,Frances Cole,637,214-555-7318,fcole@email.com,14671.13
1825,Janice Parker,772,817-555-5729,jparker@email.com,
1826,Gerald Kelly,596,281-555-4452,gkelly@email.com,17746.42
1827,Evelyn Bell,566,469-555-9471,ebell@email.com,29749.97
1828,Deborah Stevens,621,832-555-6291,dstevens49@email.com,26913.08
1829,William Hughes,603,512-555-7904,whughes@email.com,24264.88
1830,Benjamin Sanchez,645,817-555-6018,bsanchez@email.com,14882.37
1831,Teresa Mitchell,561,832-555-8478,tmitchell@email.com,27807.24
1832,Ruth Simmons,792,713-555-5138,rsimmons94@email.com,
1833,Benjamin Ford,755,210-555-1657,bford@email.com,18161.49
1834,Kelly Gonzales,687,346-555-7565,kgonzales77@email.com,
1835,Martha Nelson,703,346-555-9586,mnelson27@email.com,20495.74
1836,Emily King,720,214-555-2481,eking41@email.com,11112.14
1837,Samuel Chavez,752,512-555-8546,schavez2@email.com,8006.1
1838,Brandon Lee,644,713-555-4331,blee@email.com,23096.47
1839,Gary Flores,834,817-555-1081,gflores@email.com,
1840,Samuel Sanchez,791,281-555-7456,ssanchez@email.com,18692.5
1841,Dennis Gibson,674,469-555-7350,dgibson18@email.com,28575.77
1842,Aaron Price,694,972-555-7452,aprice70@email.com,
1843,Megan Miller,663,346-555-3918,mmiller32@email.com,15476.72
1844,James Coleman,589,713-555-3262,jcoleman@email.com,24998.49
1845,Susan Collins,704,972-555-2521,scollins45@email.com,11957.26
1846,Joshua Diaz,709,972-555-8875,jdiaz6@email.com,
1847,Kelly Rivera,633,972-555-9476,krivera15@email.com,23947.68
1848,Nancy Ross,601,972-555-1200,nross22@email.com,19570.77
1849,Jean Kennedy,746,832-555-1189,jkennedy64@email.com,22744.29
1850,Helen Kim,682,469-555-8377,hkim@email.com,25182.08
1851,Debra Webb,736,469-555-3930,dwebb56@email.com,16436.38
1852,Christopher Hill,553,817-555-5224,chill27@email.com,25446.89
1853,Zachary Ramos,574,832-555-5615,zramos@email.com,11195.33
1854,Megan Chavez,737,214-555-7050,mchavez34@email.com,22849.92
1855,Michael Tucker,686,512-555-5804,mtucker47@email.com,17828.94
1856,Scott Martinez,607,817-555-1599,smartinez@email.com,25938.06
1857,Julie Cooper,639,469-555-9765,jcooper14@email.com,13781.64
1858,Donna Mcdonald,770,210-555-6658,dmcdonald@email.com,15334.88
1859,Gary Castillo,841,832-555-1665,gcastillo@email.com,
1860,Maria Martinez,625,346-555-2656,mmartinez50@email.com,25378.97
1861,Christopher Foster,704,972-555-7565,cfoster4@email.com,
1862,Shirley Lee,771,469-555-4139,slee75@email.com,
1863,Helen Alvarez,826,713-555-1800,halvarez@email.com,
1864,Hannah Edwards,773,210-555-4042,hedwards37@email.com,
1865,Susan Simmons,642,210-555-5467,ssimmons2@email.com,22215.48
1866,Robert Hamilton,616,210-555-5375,rhamilton@email.com,23873.24
1867,Katherine Harris,663,713-555-1296,kharris92@email.com,9401.89
1868,Emma Chavez,765,346-555-6386,echavez@email.com,
1869,Hannah Brown,725,817-555-6237,hbrown@email.com,17776.43
1870,Walter Harrison,657,281-555-3785,wharrison@email.com,13625.24
1871,William Lee,799,281-555-6657,wlee@email.com,
1872,Gloria Jenkins,705,210-555-6166,gjenkins@email.com,18282.36
1873,Michelle Nelson,730,346-555-8070,mnelson55@email.com,8514.98
1874,Larry Owens,670,972-555-9807,lowens@email.com,
1875,Dorothy Harris,752,713-555-4462,dharris16@email.com,7679.34
1876,Sean Jordan,730,713-555-7851,sjordan@email.com,14135.35
1877,Alexander Ramirez,712,281-555-9775,aramirez70@email.com,26899.24
1878,Arthur Gibson,696,832-555-3571,agibson24@email.com,8073.42
1879,Debra Gibson,638,469-555-7280,dgibson76@email.com,29593.13
1880,Kelly Reynolds,646,214-555-4673,kreynolds19@email.com,28291.18
1881,Gerald Lee,842,972-555-1374,glee43@email.com,7496.88
1882,Kyle White,739,214-555-7378,kwhite@email.com,26995.64
1883,Carol Chavez,738,713-555-3870,cchavez@email.com,23681.44
1884,Rebecca Hughes,617,210-555-2061,rhughes5@email.com,16210.22
1885,Walter Chavez,675,346-555-8268,wchavez@email.com,25528.58
1886,Mark Myers,631,713-555-8572,mmyers@email.com,31661.39
1887,Karen Johnson,566,972-555-9515,kjohnson@email.com,39866.04
1888,Jerry Jackson,763,210-555-9803,jjackson17@email.com,14104.65
1889,Terry Miller,774,832-555-1979,tmiller39@email.com,17424.62
1890,David Ortiz,754,281-555-8209,dortiz56@email.com,6554.35
1891,Anna Lewis,636,817-555-7764,alewis86@email.com,20195.04
1892,Gary Ford,657,210-555-2591,gford@email.com,23261.75
1893,Judith Owens,675,210-555-6610,jowens39@email.com,15274.55
1894,Virginia Bell,840,210-555-1585,vbell@email.com,7220.36
1895,Jeffrey Jenkins,838,817-555-5771,jjenkins41@email.com,7374.54
1896,Brandon Stevens,775,210-555-3530,bstevens97@email.com,6928.3
1897,Justin Barnes,681,713-555-1458,jbarnes29@email.com,11263.99
1898,Patricia Bell,736,281-555-9467,pbell53@email.com,27800.09
1899,Gerald Reyes,817,817-555-7192,greyes64@email.com,18061.73
1900,Andrea Hall,797,972-555-1233,ahall@email.com,5971.29
1901,Cynthia James,655,713-555-3459,cjames@email.com,
1902,Donald Phillips,732,832-555-8525,dphillips@email.com,22050.0
1903,Patricia Castillo,666,713-555-6956,pcastillo@email.com,16766.81
1904,Margaret Myers,809,469-555-5447,mmyers72@email.com,17699.08
1905,Ann Lee,578,832-555-9567,alee33@email.com,17340.77
1906,George Peterson,666,832-555-3907,gpeterson@email.com,
1907,Jonathan Cox,596,713-555-2043,jcox18@email.com,25676.73
1908,Sarah Parker,666,713-555-8819,sparker@email.com,19812.54
1909,Jessica Cruz,587,713-555-8836,jcruz16@email.com,23256.94
1910,Hannah Phillips,601,281-555-4522,hphillips78@email.com,24616.92
1911,Janice Williams,847,972-555-2827,jwilliams@email.com,11639.63
1912,Stephanie Hayes,550,210-555-7671,shayes78@email.com,18122.3
1913,Melissa Myers,809,832-555-9424,mmyers38@email.com,9494.56
1914,Terry Cooper,724,210-555-9242,tcooper@email.com,17680.96
1915,George Marshall,553,817-555-9348,gmarshall@email.com,24115.19
1916,Carol Rivera,583,972-555-5991,crivera14@email.com,37758.86
1917,Joan Sanders,825,512-555-4171,jsanders15@email.com,8198.25
1918,Gerald Gray,713,281-555-8731,ggray@email.com,
1919,Scott Parker,842,512-555-6304,sparker22@email.com,
1920,Julie Baker,630,346-555-3574,jbaker43@email.com,38701.21
1921,Hannah Hamilton,687,713-555-5306,hhamilton@email.com,26837.23
1922,Helen Jenkins,624,210-555-6467,hjenkins95@email.com,20618.01
1923,Raymond Cole,707,972-555-7447,rcole99@email.com,24768.9
1924,Joyce Anderson,759,832-555-5492,janderson@email.com,
1925,Rebecca Parker,681,210-555-7119,rparker5@email.com,25400.24
1926,Christine Evans,660,346-555-9240,cevans58@email.com,10350.36
1927,Gary Adams,716,832-555-8698,gadams@email.com,28827.58
1928,Diane Marshall,677,210-555-7144,dmarshall@email.com,
1929,Joseph Sanders,691,281-555-7053,jsanders58@email.com,10442.68
1930,Paul Jackson,716,972-555-3486,pjackson@email.com,20975.78
1931,Joe Evans,837,469-555-8180,jevans33@email.com,
1932,Teresa Bell,835,281-555-5774,tbell90@email.com,
1933,Karen Reyes,734,832-555-4519,kreyes@email.com,
1934,Evelyn Murphy,785,817-555-6456,emurphy27@email.com,15560.9
1935,Shirley Garcia,621,469-555-7730,sgarcia56@email.com,21889.24
1936,Carl Gonzalez,820,214-555-9392,cgonzalez@email.com,
1937,William Kennedy,717,281-555-9061,wkennedy@email.com,
1938,Debra Moore,588,346-555-2509,dmoore73@email.com,33417.65
1939,Terry Green,812,469-555-8675,tgreen@email.com,19894.25
1940,Charles Alexander,691,832-555-8393,calexander96@email.com,
1941,George Foster,782,281-555-8084,gfoster@email.com,11021.99
1942,Nicole Johnson,749,214-555-1139,njohnson@email.com,
1943,Christina Hill,682,713-555-6351,chill70@email.com,22638.84
1944,Jean Powell,845,512-555-4094,jpowell20@email.com,
1945,George Sanchez,563,281-555-1646,gsanchez18@email.com,26202.29
1946,Karen Price,711,713-555-5963,kprice22@email.com,13963.71
1947,Laura Powell,563,512-555-8203,lpowell17@email.com,35024.72
1948,Dennis Miller,777,713-555-7232,dmiller@email.com,
1949,Peter Simmons,651,713-555-7234,psimmons@email.com,10742.28
1950,Brian Kennedy,846,281-555-2993,bkennedy@email.com,
1951,Sharon Walker,800,346-555-6871,swalker97@email.com,11226.92
1952,Sharon White,809,817-555-8831,swhite34@email.com,
1953,Zachary Jones,553,972-555-7881,zjones@email.com,22009.25
1954,Margaret Powell,734,210-555-2069,mpowell@email.com,26651.78
1955,Scott Murphy,593,972-555-8722,smurphy4@email.com,38539.27
1956,Stephen Hughes,573,512-555-5079,shughes24@email.com,26937.38
1957,Steven Woods,629,512-555-8697,swoods99@email.com,11169.72
1958,Sharon Watson,740,346-555-7797,swatson22@email.com,11842.02
1959,Keith Hill,642,817-555-2792,khill@email.com,33596.7
1960,Linda Harrison,654,210-555-7613,lharrison@email.com,27997.58
1961,Anna Hughes,564,214-555-6432,ahughes5@email.com,36664.61
1962,William Torres,758,214-555-9838,wtorres@email.com,
1963,Kenneth Sanchez,557,817-555-4648,ksanchez@email.com,12763.72
1964,Thomas Lewis,793,832-555-7800,tlewis@email.com,13050.91
1965,Samantha Stevens,790,210-555-3100,sstevens43@email.com,10483.74
1966,Matthew Murray,802,346-555-4215,mmurray18@email.com,
1967,Kimberly Torres,665,469-555-2553,ktorres93@email.com,27512.19
1968,Anthony Cooper,665,210-555-4024,acooper95@email.com,15229.77
1969,Walter Mendoza,814,346-555-5370,wmendoza@email.com,6975.61
1970,Jose Gutierrez,624,346-555-1560,jgutierrez97@email.com,37180.44
1971,Jerry Gonzalez,651,512-555-1234,jgonzalez20@email.com,26378.34
1972,Jacob Adams,753,817-555-1191,jadams@email.com,12257.67
1973,Samuel Carter,845,972-555-8407,scarter29@email.com,
1974,Anna Freeman,775,469-555-5576,afreeman85@email.com,18858.28
1975,Benjamin Mitchell,680,817-555-8984,bmitchell72@email.com,10123.08
1976,Rachel Woods,684,469-555-6987,rwoods56@email.com,29224.58
1977,Steven Harris,666,832-555-2820,sharris@email.com,
1978,Samuel Gray,781,972-555-2359,sgray66@email.com,
1979,Roger Roberts,622,713-555-1273,rroberts@email.com,15960.31
1980,Patrick Castillo,627,281-555-1769,pcastillo70@email.com,20879.68
1981,Ryan Olson,635,817-555-3600,rolson@email.com,13004.14
1982,Kevin Morris,627,281-555-7947,kmorris@email.com,35748.86
1983,Aaron Watson,749,281-555-7901,awatson62@email.com,10994.64
1984,Scott Smith,588,210-555-6105,ssmith@email.com,16262.64
1985,Karen Thomas,760,512-555-3355,kthomas63@email.com,16468.89
1986,Gary Henderson,631,972-555-7406,ghenderson77@email.com,15801.14
1987,Carolyn Jackson,665,210-555-3300,cjackson53@email.com,
1988,Alice Hill,655,832-555-3333,ahill88@email.com,
1989,Christine Williams,610,281-555-6098,cwilliams69@email.com,13078.37
1990,Kyle Cook,774,210-555-3045,kcook@email.com,
1991,Zachary Flores,586,817-555-5458,zflores@email.com,38484.64
1992,David Butler,680,469-555-8643,dbutler56@email.com,27277.33
1993,Carl Wood,665,281-555-2688,cwood13@email.com,21272.95
1994,Alexander Morgan,803,972-555-7908,amorgan@email.com,
1995,Anthony Cox,691,210-555-9320,acox@email.com,22673.53
1996,Nicholas Sullivan,592,214-555-2656,nsullivan93@email.com,34179.74
1997,Gary Mcdonald,663,210-555-2703,gmcdonald@email.com,26177.74
1998,Carl Perry,815,972-555-1689,cperry@email.com,13855.15
1999,Margaret Harris,610,713-555-6909,mharris76@email.com,30178.28
2000,Kelly Henderson,570,832-555-9564,khenderson@email.com,11118.29
