Appointment ID,Employee ID,Customer ID,VIN #,Status,Appointment Date,Dealership ID
1,3,1,1HGBH41JXMN109186,Completed,2025-01-10,1
2,3,1877,2T1BURHE5JC123456,Completed,2025-01-22,1
3,6,3,5XYZU3LB1JG234567,Completed,2025-01-30,2
4,6,921,1FTEW1EP5JKE56789,Completed,2025-02-08,2
5,9,9,1G1YY22G455678901,Completed,2025-02-15,3
6,9,4,JTDKN3DU5A0345678,Completed,2025-02-28,3
7,6,489,3C4PDCAB8LT112233,Completed,2025-03-12,2
8,9,1017,1GCUYDED1LZ445566,Completed,2025-03-25,3
9,6,1228,WBA5A5C51FD890123,Scheduled,2025-04-15,2
10,3,1347,KNDJP3A52JE334455,Scheduled,2025-04-18,1
11,9,1451,5J6RW1H56KA678901,Cancelled,2025-04-20,3
12,99,1809,J8LC3XVFXPZPW4HA0,Completed,2025-04-18,2
13,45,865,PNGXCNMYA6DM93X52,Completed,2025-10-22,2
14,93,1038,DT2N8GPTRESPHFXXJ,Completed,2025-12-14,3
15,195,921,1FTEW1EP5JKE56789,Scheduled,2025-01-24,1
16,192,1960,0D6QWHX8D26H5CWKN,Scheduled,2025-04-17,2
17,195,1555,Y32LA5A5SDZU7XZZW,Completed,2025-06-28,1
18,126,1045,I15651JEFGH14MSJB,Completed,2026-02-12,1
19,102,1816,KURKJKLW88JAZM087,Completed,2025-05-05,3
20,75,522,PMU8PYCN439P1AUMN,Completed,2025-04-22,3
21,171,175,6ZG2CSYGPKAEOM51I,Scheduled,2025-02-18,2
22,39,1478,U37SB2JUJJDQ125HH,Scheduled,2026-01-07,3
23,84,794,JN5H1GWEFBUP6B6H4,Completed,2025-02-23,3
24,39,359,8YA0MKRZO9MVZP3YE,Completed,2025-02-19,3
25,42,270,NC5PL5QSUUS8AHBO7,Completed,2026-02-11,1
26,48,449,ZWUXK68Z10E0W99AU,Cancelled,2025-02-07,1
27,156,750,EVWHNR7EVO9K09G8T,Completed,2025-11-16,3
28,96,1707,PCP8H4CHNJFRMPMSX,Completed,2025-08-04,2
29,54,281,5MS6XQFRYR88EAI0R,Scheduled,2025-01-16,2
30,15,1356,VHM94HJMCGVO1HGS4,Completed,2025-01-30,4
31,138,736,KDK8SQFGZHWKNJNG3,Cancelled,2025-03-11,2
32,99,397,1STP5MAZ75ZE9C4I5,Cancelled,2025-12-28,2
33,189,438,H7HW52UMUQYOERM4A,Completed,2026-03-07,2
34,39,1588,ZDMHS95JXDKUHYST6,Completed,2025-02-26,3
35,9,903,TE361G7AK9TZJWR66,Completed,2025-07-09,3
36,162,819,LNKK6HL0SQQX3TV64,Completed,2026-02-20,2
37,186,989,MK6CF37TG22IPPOAE,Scheduled,2026-02-01,1
38,12,1329,82JTQBU74T3LT73JZ,Completed,2025-02-24,1
39,180,1737,EDI5FKR0BIQMTYNEM,Scheduled,2025-09-10,3
40,42,1866,4IC7ADUZE1N396M3X,Scheduled,2025-05-12,1
41,102,258,36C61W4H2G1BH4JQ6,Scheduled,2025-02-23,3
42,63,1105,9SP8AEPJFP5ZMOJGT,Completed,2025-02-04,1
43,90,701,NLRTEH3SSYRMMV00Y,Completed,2025-07-23,3
44,162,1852,S8SNMRPVJHG0WQP3M,Completed,2025-11-12,2
45,42,339,QCRYN1H8HALEBY56P,Completed,2025-06-10,1
46,108,843,DJN7BPXG6X9GF4115,Completed,2025-04-16,1
47,9,1475,I7JDQ1P3HS598DQPL,Completed,2025-01-28,3
48,9,1226,3ZIC6FUU3PSQY4101,Completed,2025-02-25,3
49,42,1959,L7LI40POMUQ9DBWB4,Completed,2025-02-21,1
50,165,1233,STU377PD69HK18P81,Completed,2025-12-16,4
51,150,363,1OEE61C6WQEEK2OVA,Completed,2025-09-17,1
52,156,1021,YC0SJ7X45VNOBEKDI,Scheduled,2025-12-08,3
53,165,205,M4LQ82LX5X9L5RHTM,Completed,2026-03-28,4
54,36,342,GGGY9WMMX7MSJOHUX,Completed,2025-06-20,2
55,75,1453,QHTO5P6U4ZVEE04R5,Completed,2025-07-17,3
56,186,1619,YA0BBM37H051VVP4E,Scheduled,2025-12-11,1
57,153,397,1STP5MAZ75ZE9C4I5,Completed,2026-03-30,4
58,99,1506,UWA0Q7CMPXQ6VMV58,Cancelled,2026-04-03,2
59,120,1133,5RFQIUDYMJJKIJCAE,Completed,2025-12-21,3
60,42,1038,DT2N8GPTRESPHFXXJ,Completed,2026-02-14,1
61,21,1753,FAVZNI6T03FPKL1CO,Cancelled,2025-11-07,1
62,24,1647,GGJWMPFHUPG18HXF8,Completed,2026-01-13,2
63,48,1274,I2J33JY8GA0PBWPTW,Completed,2025-03-16,1
64,105,484,DHRKGI684I5XBYIWR,Completed,2025-07-04,3
65,24,1842,BLET611DMTGM09L82,Completed,2025-11-25,2
66,147,1294,J0XS3ZS4946NYH4HD,Scheduled,2025-06-12,3
67,33,375,SU2X07Q5FIP5Q8AS7,Completed,2025-11-23,4
68,3,1227,97RAB22OCJUFBT656,Completed,2026-03-17,1
69,60,1537,O8B010I9AUZQ67OKT,Completed,2025-10-09,4
70,30,729,M9JZ8TA9I6IRYZK15,Completed,2025-01-26,1
71,147,327,OA9O2Y9FXH3B9HYFC,Completed,2026-02-15,3
72,102,1085,8SO7U7VH3XXP4DO48,Completed,2025-05-20,3
73,69,1532,FUAI98T1EGETXST60,Scheduled,2025-02-23,1
74,27,348,W6QL5E8W8AZFUCT96,Completed,2026-01-18,2
75,150,814,BEX486KP7GW095KZK,Scheduled,2025-04-11,1
76,186,1792,QXV218KOJKFYLT3BA,Completed,2026-02-07,1
77,126,1539,3XFVW4I7VIN3RC7DQ,Completed,2025-04-17,1
78,189,725,U3TNP00RS2JC741KZ,Completed,2025-10-26,2
79,150,601,T2AOWDWWFK4PYLPIQ,Completed,2025-10-22,1
80,78,320,QWH9PFOOJ0I3LTMCK,Completed,2025-04-28,4
81,120,1746,W0J9PSDODLSNYJ31L,Completed,2025-07-02,3
82,165,445,X2ZRWIZXAAZS4WKQY,Completed,2025-07-09,4
83,84,1060,788J6HXDFLLOJ24WD,Completed,2025-05-05,3
84,63,801,A30ZCDNQY2FNL4AHA,Completed,2026-03-11,1
85,102,678,MIPRDXVNL2CFJVJQG,Cancelled,2025-06-08,3
86,117,579,3P7Z3HBKY1HE4EVXT,Completed,2025-02-27,4
87,186,1546,930KRITH7PAQGLHV2,Completed,2025-06-01,1
88,114,1123,XAGATUO96T1VVRKZM,Cancelled,2025-06-10,1
89,162,1803,ZTA8VCB38PZYNBYV5,Completed,2025-11-21,2
90,165,1530,MYQ0LNP4DMW8AF46R,Completed,2026-03-06,4
91,42,711,SLCH835DF01QNE5AR,Completed,2026-03-27,1
92,138,1803,NRJQ4JPGBBD3GMHIG,Completed,2025-07-24,2
93,66,1744,0BPWURCGN8MT9H9MF,Completed,2025-10-20,2
94,165,1476,0UGLP2VT4B24A5O34,Scheduled,2025-01-22,4
95,120,1703,51SR0ES3RLUGTLWMI,Completed,2025-09-28,3
96,171,529,IES8OXA22HTQ13RDV,Completed,2025-11-01,2
97,30,409,BKUL1RZ873E54KAU8,Completed,2025-07-20,1
98,105,186,URCXGEWDCLJTP5MLD,Cancelled,2025-03-07,3
99,135,570,AL5J93YZY81GVCUJK,Completed,2025-08-26,2
100,57,1233,STU377PD69HK18P81,Completed,2025-11-01,1
101,114,1423,7UIEYSWTZ1UHWY0CK,Completed,2025-02-26,1
102,99,1827,H2DCSZVD4DCD6AL8D,Scheduled,2025-04-08,2
103,129,585,MQ0GW2Y8CS6XNAMH9,Completed,2025-09-09,1
104,39,821,3TKA7NCJR0ICTD44N,Completed,2025-05-08,3
105,78,969,0IMKNYG3YGC6W8R0G,Completed,2025-01-28,4
106,186,1695,09ULJ67U6XGZHNDGA,Completed,2025-08-15,1
107,9,1873,0QISAWS48UET4C9Z2,Completed,2026-01-16,3
108,138,1126,HJUTP1IO1XKR68X8E,Completed,2025-08-05,2
109,30,1544,6UJCJJGC5450WFQ0E,Completed,2025-07-14,1
110,90,48,IH2YGVRFPLUCQWP9W,Scheduled,2026-01-04,3
111,15,763,K622J5MTAJ51Q3TRF,Completed,2025-11-01,4
112,66,756,8KVW7WXXZ2YV05IC2,Scheduled,2026-02-20,2
113,84,243,H7J5A6ZQ0BHTXJ366,Completed,2025-06-14,3
114,21,1065,9XZ9X71TD6C31I2S9,Completed,2025-02-23,1
115,75,327,SO0BJB5OQ6E6OLZKJ,Completed,2026-01-06,3
116,186,1762,MISKT4JI3180WRZIS,Completed,2025-10-16,1
117,186,184,AGLK64913EHYTDRGY,Scheduled,2026-01-16,1
118,159,659,591VELOBY2NS0UCI4,Completed,2025-07-18,1
119,66,1095,643EQPAOVKDXK32L3,Completed,2025-05-09,2
120,111,362,8QVL53YXDN148AORL,Scheduled,2025-06-19,3
121,102,1842,B008H3DGCUAS3OYCN,Cancelled,2025-07-16,3
122,123,9,AD0Q5XVRRUVZQ6CKE,Cancelled,2025-01-25,4
123,18,1656,X4ZGN4BZ5QVLMEFUN,Cancelled,2025-10-22,4
124,96,170,8RB65UTL2AJHJSM4R,Cancelled,2026-03-08,2
125,12,1896,065OZUW4DN31D12SA,Scheduled,2025-04-25,1
126,165,22,M114FIY3WFLDRIBAT,Completed,2026-01-11,4
127,96,1723,TNC9SNU4TEVGHOWO5,Completed,2026-02-05,2
128,45,164,8B0122Y2FH248Y1GA,Completed,2025-11-10,2
129,192,666,Y8OK5986QRWG0V61O,Cancelled,2025-09-14,2
130,159,928,LEBYN2RQFLMWA7X2H,Completed,2026-03-03,1
131,15,1425,3XXTT8F2D6FX6SPUW,Completed,2025-07-16,4
132,189,760,AUAPNCHJDVSZNWXYR,Completed,2025-09-27,2
133,36,834,JYUY8Z4M1FMDVDB21,Completed,2026-03-26,2
134,39,587,KEGR0BO7CV91SIWWV,Cancelled,2025-09-06,3
135,15,1286,8Y5Y6TB6IC0BLBRNG,Cancelled,2025-09-03,4
136,72,691,OSJ7N2QLYJXYQBIDW,Scheduled,2025-10-23,1
137,105,824,EURGOC7U7C08RKAWH,Completed,2025-03-09,3
138,144,172,RO43QQXJY5O5GU1ZF,Scheduled,2025-05-21,4
139,6,1019,ONNKPFM5RMDCGQ5YN,Completed,2025-08-24,2
140,87,693,XDI4N7NGYJ0YHG3PU,Completed,2025-07-03,3
141,69,1148,5Z27IWE9TLLVTHVCZ,Completed,2025-12-12,1
142,186,349,MTY6UK3YACVL73ADR,Completed,2026-01-08,1
143,15,484,DHRKGI684I5XBYIWR,Scheduled,2026-02-19,4
144,168,794,T89UVNEHWMMS0RYGY,Completed,2026-02-25,1
145,153,43,CQNMKPAREX8Q8NY1W,Completed,2025-06-17,4
146,42,162,UK47SS0IVM34771T1,Completed,2025-06-17,1
147,84,25,9PF4ITATYHMXSIL5S,Completed,2025-05-16,3
148,105,236,ESUY9UG13WEYPQDXD,Completed,2025-03-16,3
149,12,1340,BCI1VN4MDZY5691F2,Completed,2025-01-24,1
150,54,1677,YDNIXA327USBEICDU,Completed,2025-08-28,2
151,108,1613,VZY37J4PK7UO1CORK,Completed,2025-12-25,1
152,60,1255,ZHCFEBVNBASV2WCDC,Completed,2025-02-23,4
153,132,334,RJ7RFYD8RLMWNNNH4,Scheduled,2025-05-05,2
154,168,1624,I0H7S65J8RSKV92FQ,Completed,2025-08-01,1
155,12,129,O99PT5RUUMIC17XBE,Completed,2025-11-24,1
156,81,629,KD4ACKIDXZUQALJ9F,Cancelled,2025-03-07,2
157,39,869,JP7J7JB29VM0DW8EP,Completed,2026-04-02,3
158,138,872,TPKDZ67WHV16KLWCP,Cancelled,2025-10-29,2
159,60,636,2X0TLVURQVXDU8G0G,Cancelled,2025-08-29,4
160,54,88,YAHAONOMGC0HVMKLM,Completed,2025-02-11,2
161,30,6,3GNAXUEV0KS501234,Completed,2026-02-24,1
162,105,629,KD4ACKIDXZUQALJ9F,Completed,2025-10-05,3
163,90,410,KCO5YASA86G6G3Y1B,Cancelled,2026-03-07,3
164,9,1452,YZWNS8Q1RNV9OM8I6,Scheduled,2025-08-06,3
165,156,760,AUAPNCHJDVSZNWXYR,Completed,2026-01-05,3
166,18,140,6A02004WE8M1HK17F,Completed,2025-06-17,4
167,24,659,3X0BZZ73W6DTTKUDG,Completed,2025-02-28,2
168,117,106,1G1S6GPXZ27CSB45B,Completed,2025-08-23,4
169,168,96,ATWUSYBJDJHSXT0IB,Scheduled,2025-06-21,1
170,30,473,2ALIQ1HDKHXBQ7I1U,Completed,2025-08-17,1
171,123,1708,306WPUF8TQN8CHTBP,Completed,2025-06-11,4
172,12,1723,TNC9SNU4TEVGHOWO5,Completed,2025-06-01,1
173,138,1612,TKJWX5ZMKVU1AJTOC,Cancelled,2026-04-06,2
174,9,1268,K9FQZKXF75E2I9BRS,Completed,2025-03-13,3
175,132,474,NARM5XPFWYSVCVHLG,Completed,2026-02-13,2
176,24,378,R18B6P0DZ4AEF9K04,Scheduled,2026-02-03,2
177,147,943,ZWNZCJS7ST5RPPGUK,Completed,2025-12-19,3
178,63,463,V3H52SLDDMIGXRRC4,Completed,2025-07-29,1
179,189,20,EQ0MNJR9XK3KOV8Q3,Completed,2025-12-14,2
180,156,1170,882270ZQZ20LI776Z,Completed,2025-06-14,3
181,33,1242,CM7O6N5Y7LVLJBP2O,Cancelled,2025-10-09,4
182,90,192,NCG8KQTLW46RC5BAX,Completed,2025-06-05,3
183,6,712,X9ESBLV7YDDK2ECRM,Completed,2025-09-02,2
184,198,544,YNN18EL2MCRU963WW,Cancelled,2025-08-03,4
185,9,770,10RI4Q8XASW4ID63B,Cancelled,2025-12-27,3
186,165,1822,2A376WPO3X7MBN163,Completed,2025-11-12,4
187,21,1762,MISKT4JI3180WRZIS,Completed,2026-02-11,1
188,183,345,RG1H8K6DKJ2MEUMOX,Completed,2025-07-03,4
189,105,130,SDKOVQ6UB97KUIHOH,Completed,2026-02-17,3
190,69,92,JV6X7RC4VMQ1MONP4,Cancelled,2026-02-11,1
191,144,1164,BHDPENMWO7J9WMPK3,Completed,2025-02-10,4
192,63,1205,DSLR5IBXFBMTOACLR,Completed,2025-07-23,1
193,156,820,PYTLH84ELKV90O9QI,Completed,2025-11-05,3
194,39,152,AE0JE3TXZ2FXU8GOV,Scheduled,2025-09-24,3
195,165,1833,HRL3PAYTDLWAV2NU4,Scheduled,2026-01-04,4
196,84,770,T8ND5SZAM59JJ5W5J,Completed,2025-04-05,3
197,51,887,M3NL2WMDZT3YG9C9P,Cancelled,2025-03-13,2
198,60,1241,P3TMX0UTKR0YQ84TN,Completed,2025-07-07,4
199,75,1795,RBF1ILVWQY4RNFU4V,Scheduled,2025-07-28,3
200,9,1346,06E4RZFGL06CD7XJZ,Completed,2026-03-20,3
201,189,706,H0LC2C8NJ1I1S90W6,Completed,2025-09-18,2
202,183,418,731AJLFTMPCH0DBEI,Completed,2025-06-18,4
203,63,9,PJFI532AXRV8QW5JI,Completed,2025-02-09,1
204,39,1671,BW0QX9JH69SEH2PKI,Completed,2025-04-08,3
205,186,1564,M32H6TJUMEH69AM77,Cancelled,2025-07-15,1
206,120,686,A2EQL92LKXDDH3OA4,Completed,2025-07-24,3
207,6,1483,EC9VQSIX9RVD59Z3H,Completed,2025-03-21,2
208,27,418,731AJLFTMPCH0DBEI,Completed,2025-11-09,2
209,45,437,MQ7RDDZE84R6HDJLR,Completed,2025-09-21,2
210,123,1848,P1R5APOUJ44W33KEK,Completed,2025-12-12,4
211,177,1984,XBB3CAGPKWTUGRZAZ,Cancelled,2025-03-09,2
212,57,1796,JK2N6Z8RC12WLC8OE,Completed,2025-03-05,1
213,3,1657,J3ICJQWI2B323CA2K,Completed,2025-08-08,1
214,36,685,ZE9TS0TEZYE5OR3FQ,Completed,2025-10-29,2
215,93,1328,P76FM7QODPQW0NKV7,Completed,2025-09-28,3
216,168,1186,0GCQ8CGYNK2Z19Y3W,Completed,2025-01-27,1
217,60,1679,WOQL5TQ4T7LMSBM7H,Completed,2025-03-19,4
218,192,1647,GGJWMPFHUPG18HXF8,Completed,2025-10-27,2
219,33,1713,RI36PTYHALT5B3W79,Completed,2025-07-07,4
220,78,1753,XJPUSC76ZPE9USP99,Completed,2025-11-14,4
221,117,622,Q1DUPQUN6CIXECQW7,Completed,2025-07-25,4
222,144,527,69ME9MRK7XS9C89HK,Cancelled,2025-03-03,4
223,90,1598,JYX5RPSN5N1ZKQPWZ,Scheduled,2025-01-27,3
224,144,1822,2A376WPO3X7MBN163,Scheduled,2026-03-01,4
225,129,75,WDDEHFHLJ5P1GTRCV,Completed,2025-12-13,1
226,24,4,KPHJAFSTVL2FHQEUF,Completed,2026-04-02,2
227,3,1799,1HTLUXPNX3B61RK7M,Completed,2026-04-03,1
228,138,13,0NO78BWLQFMLSHVBY,Completed,2025-09-16,2
229,63,192,NCG8KQTLW46RC5BAX,Completed,2025-12-09,1
230,66,205,WSY3T1ZSQCG03IY5W,Completed,2025-09-17,2
231,27,1696,ILDW29CES6G0WNJ4F,Completed,2025-12-08,2
232,60,20,M7AF5V8GT2QD17XQH,Completed,2025-09-05,4
233,147,833,MEO5P6QNAT5UV2GR3,Scheduled,2025-03-01,3
234,81,741,CDD3VXIA7S2SK97B9,Completed,2026-03-23,2
235,180,1192,MNHMO0IMU39IRRSEX,Scheduled,2025-06-28,3
236,108,630,NQ3LDFZ3KT4HLUATY,Completed,2025-08-22,1
237,156,1895,5AC1FBQAI8HT6G208,Cancelled,2025-08-23,3
238,69,1822,2A376WPO3X7MBN163,Completed,2025-06-16,1
239,51,1868,MV9YXROMDOX33WSF3,Completed,2025-05-08,2
240,108,1952,8RL3LQROM49JMSVB5,Completed,2025-09-15,1
241,123,1469,9KEOQCL94AVZB0EB1,Completed,2025-01-21,4
242,39,247,GG25TY1YS51SUACJ7,Completed,2025-10-04,3
243,153,1311,NLNATH50WGVHEK0X8,Completed,2025-08-17,4
244,36,1050,W8FCQJG0AP4EXU8WQ,Completed,2025-04-11,2
245,51,1167,AGX9YNMFSJZ7DXOVT,Scheduled,2025-06-29,2
246,90,1418,BXBHRAEF51CZXQ5YN,Scheduled,2025-08-15,3
247,150,1279,2NDRNDE59PX6SMFGV,Completed,2025-07-15,1
248,57,1112,HJSJY7P29BP78GFLP,Completed,2026-03-15,1
249,156,1017,1GCUYDED1LZ445566,Completed,2025-11-06,3
250,132,427,86M9VFXMXFXPY8B5P,Completed,2026-02-22,2
251,183,1481,NJILQQ32HLXKJ9RMW,Completed,2026-04-10,4
252,114,802,4WDPNP0XKL82NRT6Q,Completed,2025-07-12,1
253,93,1230,SCTRZK74A8FH5FMF6,Completed,2026-03-13,3
254,27,1934,3JMKTD4V4P3GLINDC,Completed,2025-08-10,2
255,81,297,VVES6AWPGEKOR2F3R,Completed,2026-01-29,2
256,195,1658,QWHJTN0YF6S6OPEO9,Scheduled,2025-05-11,1
257,57,1227,97RAB22OCJUFBT656,Cancelled,2025-08-31,1
258,63,1183,RJCZQS0FBL4SVNVPY,Completed,2025-02-19,1
259,162,179,QOAPKEGFG5DG5B9JL,Completed,2025-11-16,2
260,108,1634,1SDFQU1LIC3T10A5F,Completed,2025-06-25,1
261,138,515,U2QNUCKCE94C7XNTW,Scheduled,2026-04-09,2
262,150,1782,6ZDOK9SECP16RHZHX,Completed,2025-11-16,1
263,126,497,VXKOG73GW0MHU3G9C,Scheduled,2025-01-21,1
264,168,1475,I7JDQ1P3HS598DQPL,Completed,2025-09-18,1
265,30,174,8HFDRIMAKSIWRRN1X,Scheduled,2025-02-21,1
266,114,1799,9IG3ODRKTYF9JPFFS,Completed,2025-10-19,1
267,195,800,XN2075QJLTZ8S7CRU,Completed,2026-01-05,1
268,126,686,A2EQL92LKXDDH3OA4,Completed,2025-05-10,1
269,6,927,498N480Z9FGPWC4FK,Completed,2025-02-10,2
270,189,826,6UERDB08XGY3G5FC6,Completed,2025-10-12,2
271,114,11,QKM94I9JY52TTCE4A,Completed,2025-02-28,1
272,111,1317,QZKRPU29U2IOIN08J,Completed,2025-11-06,3
273,87,279,OOBGSIMINQZZ4NZYU,Completed,2025-05-04,3
274,48,1356,JKJN670EEUNUQPRWS,Completed,2025-08-15,1
275,45,1558,BCIGP3Y4ZAHF9GO5U,Completed,2025-12-22,2
276,192,1416,RHQSPUQTCME57C282,Completed,2026-01-05,2
277,60,1644,HIY62EMZ4ET91OII9,Completed,2025-06-10,4
278,123,1108,VN9O9GZKR3DAGDC9Y,Completed,2025-11-20,4
279,12,639,BEHZ6YHT6LBVL9E9W,Completed,2025-02-01,1
280,72,782,U4C82GQBN2FSC7WS1,Completed,2025-05-10,1
281,54,1044,BFSJIWS709C8G89AJ,Scheduled,2026-04-04,2
282,36,1628,K8B3470TZ4WJ0W310,Completed,2025-12-10,2
283,114,282,FM0O6L858PBXERXQZ,Scheduled,2025-07-02,1
284,102,1036,0AN3XAKQ7PE1HOLW0,Scheduled,2025-01-23,3
285,72,619,OE9FIKKAN5R698OQ9,Scheduled,2025-08-02,1
286,126,142,UHGVE63EIN6HIY5KI,Completed,2025-10-02,1
287,66,635,ZUGU4SEF0DPZZ9AFM,Completed,2025-11-15,2
288,69,784,VTNFY69FNBLB1Y3BY,Completed,2025-02-07,1
289,99,1296,0US8NOCHCQGM3DY5B,Completed,2026-02-20,2
290,75,1013,ECBI327XDU1N5AL32,Completed,2025-07-11,3
291,45,276,IZ12JQDE2K4FNVCC2,Completed,2025-06-08,2
292,30,110,GK7GQIJANB56I880B,Scheduled,2025-06-10,1
293,171,130,4GM6BE1HITEWSYVRM,Cancelled,2025-05-23,2
294,75,106,1G1S6GPXZ27CSB45B,Completed,2026-03-14,3
295,108,366,OFANM2XTVWXSYT2OM,Completed,2026-03-17,1
296,159,603,7H3OUAYF5UMRRTFIF,Completed,2025-01-24,1
297,6,818,Y5ZSV6XFT4XP2OJEG,Completed,2025-01-22,2
298,180,538,U1A33N32INKF8S0HW,Completed,2026-02-11,3
299,45,112,2TKP7YHERU10QL06W,Completed,2025-10-04,2
300,18,1548,H0E2EC99YGCDMPLEQ,Cancelled,2025-09-11,4
301,12,482,BJJK6WBWPKJ0L9HK6,Completed,2025-04-22,1
302,102,1733,TTAE6KENJFSD55CG5,Completed,2025-08-22,3
303,15,81,8C6A4Q4K7RYZ6FO7K,Completed,2026-03-27,4
304,57,184,A52QCZCLRZC7NXOQA,Completed,2025-12-01,1
305,132,164,8B0122Y2FH248Y1GA,Completed,2025-09-26,2
306,51,995,8WQG3OS2N65SFN064,Completed,2025-01-21,2
307,36,225,8NYASUWZZKJLCJK23,Completed,2025-01-22,2
308,72,1821,9FRFIXJQX0ACNNIIQ,Completed,2025-05-25,1
309,105,1213,XBZLAPHC0EF3TAJB0,Completed,2025-02-05,3
310,39,920,8EQ8X0P9Y1B3JKIXD,Cancelled,2025-02-21,3
311,51,1848,9SX5PNJ6OISJBNCP3,Scheduled,2025-09-24,2
312,93,1194,SVX06O72MPQ1S6TG2,Scheduled,2026-01-05,3
313,105,1486,7MYB5ARDGY7IS2TZP,Completed,2026-03-18,3
314,177,1452,YZWNS8Q1RNV9OM8I6,Completed,2025-10-31,2
315,156,709,MLRIHZQKILLG00R9V,Cancelled,2025-06-01,3
316,177,505,66X7NZCSZ2ZNROUAK,Completed,2025-11-05,2
317,78,62,EEKS9AXPDI6J67RMT,Completed,2025-11-21,4
318,36,1460,FFL484HGV0GO9HGAR,Completed,2025-06-21,2
319,108,1943,ND0OSB5ULFDOIODIA,Completed,2025-04-05,1
320,174,16,7L0EMTDB2D3XNEBN3,Completed,2025-11-18,2
321,54,1055,SE3790G2XAE1VJ81O,Completed,2025-08-21,2
322,144,1112,FU1TA7WJYVMA2B7QK,Completed,2025-07-29,4
323,99,1265,T7JA0KGY0MYKYWQQE,Completed,2025-10-22,2
324,156,1273,WT49T7N02VKJCCDCI,Completed,2025-02-09,3
325,6,1333,I5C4IJ7MZR7GR4E7G,Scheduled,2025-06-03,2
326,99,533,MK7B8A7JD4LDTE93C,Scheduled,2025-05-25,2
327,111,1170,882270ZQZ20LI776Z,Completed,2025-01-11,3
328,48,1193,2BCLUWPZ75JBAYIVI,Completed,2025-03-14,1
329,138,924,VLTL5RO0KAGEM0KLM,Completed,2026-04-03,2
330,144,178,3IB0A4G7YLO6OSMD8,Completed,2025-10-23,4
331,48,1469,R5ZPA4SE91VK4P197,Scheduled,2025-10-16,1
332,120,899,7850TWD7W47NRKDK6,Completed,2025-11-13,3
333,129,460,UQWTJA93V06PE8VS1,Cancelled,2026-01-17,1
334,186,1728,7O8P3TDC9TO7S0KLB,Scheduled,2026-02-02,1
335,60,1725,P34GV4DX7BJF9RVPF,Completed,2026-03-09,4
336,105,1435,QO2DWKZCHU6WHBPRI,Scheduled,2026-01-02,3
337,114,20,EQ0MNJR9XK3KOV8Q3,Completed,2025-12-17,1
338,87,718,MSG5KYBIPYFKJLT7V,Cancelled,2025-03-01,3
339,174,635,ZUGU4SEF0DPZZ9AFM,Completed,2025-12-24,2
340,177,1329,82JTQBU74T3LT73JZ,Scheduled,2025-02-23,2
341,126,377,LA4LH8Q0ZNJP4WLMU,Completed,2025-12-11,1
342,192,781,RK8I34LBL92WIKC8J,Completed,2026-03-08,2
343,6,371,4VQSP3P9VA188HAR6,Completed,2025-11-11,2
344,120,228,3QY6GJ8GLHNTITEW9,Completed,2025-03-30,3
345,117,408,CUHYCOO09YB5SN6YO,Completed,2025-04-26,4
346,159,814,H1QQLJU27KSZA029F,Cancelled,2025-02-14,1
347,72,1432,OL6AVM3RPMA20JEQO,Completed,2025-05-02,1
348,81,1374,VQQOOGM8C7O05VXU2,Completed,2025-07-24,2
349,129,1362,NO1IXXV7BTHFMFWLU,Cancelled,2025-07-03,1
350,195,914,TIFF9HJDXWUZ88T6J,Completed,2025-06-10,1
351,195,1205,DSLR5IBXFBMTOACLR,Completed,2025-07-25,1
352,168,652,5MEDQJN1VO7EVB3EZ,Completed,2025-12-27,1
353,96,501,4EZCHBTIQ172KTBUW,Completed,2025-07-12,2
354,120,944,XD8OTHVD4ZE5SQTVV,Cancelled,2025-09-30,3
355,183,751,67V7LZ0YD16RNSMEY,Completed,2025-03-18,4
356,57,33,LPFUON76FPFCYYYSF,Completed,2025-04-24,1
357,12,377,LA4LH8Q0ZNJP4WLMU,Completed,2025-08-01,1
358,24,871,CL8WDGH03K31MVIIH,Completed,2025-05-24,2
359,75,6,3GNAXUEV0KS501234,Scheduled,2025-08-22,3
360,93,1346,06E4RZFGL06CD7XJZ,Completed,2025-02-22,3
361,90,1617,HSWNUAOYO5D3HG90T,Scheduled,2025-12-21,3
362,126,191,1TPH9X4WBW56ANHCA,Completed,2025-05-18,1
363,69,973,CQBY1O39LZQHFJ44N,Completed,2025-07-08,1
364,162,736,KDK8SQFGZHWKNJNG3,Completed,2025-03-19,2
365,57,349,IPA0N1Y8FZ45OOPOR,Completed,2025-07-27,1
366,147,680,43WDM3E8F2HFTR2EG,Scheduled,2026-03-08,3
367,138,1177,2NO86ERREUPNDN4QD,Completed,2025-08-21,2
368,30,1528,N8SWP0PJD3FKVALW9,Completed,2025-03-06,1
369,123,1583,9HUAJJUHF64VKVAA9,Completed,2025-03-10,4
370,66,242,I9STBOFS4N1HDGURR,Completed,2026-04-01,2
371,156,1985,JZ7LZ5IMGRVVJGEM3,Completed,2025-10-06,3
372,18,1799,1HTLUXPNX3B61RK7M,Completed,2025-05-21,4
373,138,966,5ZHOHW806OZD32VPT,Completed,2025-09-03,2
374,21,1474,RSIPQ4DEEBZX7YTN3,Scheduled,2025-05-08,1
375,102,1973,PAY79FJYPG8TIGKOQ,Completed,2025-03-31,3
376,120,1131,817DVOHUNHQIEVAG0,Completed,2025-04-04,3
377,156,1654,NWC6H2CJL914V1P27,Completed,2025-12-05,3
378,174,205,N1VSQ51UFZ5I8NQJO,Completed,2026-03-09,2
379,39,1648,RXAOGDBE2SQBYWCU1,Scheduled,2025-04-23,3
380,15,1808,409FX22M5U30OLI44,Completed,2026-02-22,4
381,180,1703,51SR0ES3RLUGTLWMI,Completed,2025-11-08,3
382,33,4,XSMNLYECK3KZZZ0X8,Completed,2026-01-29,4
383,123,1196,BPGLVBN21Q49Y7QDC,Completed,2025-06-04,4
384,54,1968,OT8UDGZEHWHGXQ8WV,Completed,2025-08-06,2
385,27,72,ZUZ8O13PWEHA5JWY6,Completed,2025-10-04,2
386,69,936,CCYMNKCRC52CKBTKM,Cancelled,2025-09-03,1
387,114,240,A9YOL7PIH03JB99QP,Scheduled,2026-03-21,1
388,63,833,MEO5P6QNAT5UV2GR3,Completed,2026-01-27,1
389,66,1935,N3KH3E4YLUZDFPE4K,Scheduled,2025-03-11,2
390,144,815,QL82S72CB2E9XF67D,Completed,2025-06-09,4
391,129,444,SBG6MB31THPDUAIEL,Completed,2026-03-07,1
392,150,268,4DLOM0G3GO6611JJP,Completed,2025-06-08,1
393,63,433,82KNJWDNMMBZEX2PD,Completed,2026-03-05,1
394,96,1441,2AUFN7ZUD7T61Z4DT,Completed,2025-03-12,2
395,99,1775,XR4I5FDOPDWUSX7XP,Completed,2025-02-08,2
396,48,869,JP7J7JB29VM0DW8EP,Completed,2025-07-28,1
397,192,1641,ZJYRPMDZR65OPVZYB,Cancelled,2025-11-24,2
398,42,286,YQTV7ZP0LQDQPWVQI,Scheduled,2025-09-30,1
399,171,1382,TOLOIMCW32Y9SM7KE,Completed,2025-09-18,2
400,15,1542,9RPFSOL4AO3M9RZ4W,Cancelled,2026-01-21,4
401,111,468,51D07UE221UWCIRRL,Completed,2026-03-22,3
402,42,105,4FJREBSOLNTOBKOHW,Completed,2025-12-31,1
403,15,1347,RU6E24OUCB0PJO6RQ,Completed,2025-07-27,4
404,63,1263,VDCBZB8E8DHZ83ISH,Completed,2025-05-29,1
405,162,778,Z7IYU4E49JQT8CVGZ,Completed,2026-02-14,2
406,81,225,8NYASUWZZKJLCJK23,Completed,2025-01-24,2
407,42,487,9Z1MPBEST2PK3P251,Completed,2026-03-24,1
408,132,262,HTIJQ3JTQUI974PZV,Completed,2025-06-10,2
409,165,651,5VXGSDW7UO5LQ6PKY,Completed,2025-12-22,4
410,75,938,V8B91XWYWCUHXVLQE,Completed,2025-04-16,3
411,66,515,JRNGWENNMU0QF2VTO,Cancelled,2025-02-12,2
412,177,1957,LNU9NVJL63GDASHAR,Completed,2025-04-26,2
413,45,1677,YDNIXA327USBEICDU,Completed,2025-02-05,2
414,21,1460,FFL484HGV0GO9HGAR,Completed,2025-09-24,1
415,3,572,WNH521X7CM4B2SJPS,Completed,2025-08-16,1
416,105,1516,QKPN2ODRIQ6KVUI33,Completed,2025-02-15,3
417,36,529,IES8OXA22HTQ13RDV,Completed,2026-01-19,2
418,57,731,K61V7996VU13472S2,Completed,2025-11-04,1
419,102,1456,WOCJ7M49STWI3V4TW,Completed,2025-07-29,3
420,198,1304,MACMH0B29KNM66TTT,Completed,2025-05-29,4
421,75,1341,2DVO7YXPSUNM4N99Q,Completed,2025-11-10,3
422,93,1970,CMPMY7UMB35QKRU0C,Completed,2025-12-20,3
423,189,1269,9BFO58JR9M74N36WC,Completed,2026-03-02,2
424,183,129,H8VSQ9C8KOO8UJ6YX,Completed,2025-07-09,4
425,87,1842,BLET611DMTGM09L82,Cancelled,2025-01-30,3
426,156,511,Q40DDYDQ6NC9XB9GU,Completed,2026-03-12,3
427,105,1325,FU4SIAG34VJ6PIOZ5,Completed,2025-05-04,3
428,165,1113,EZTRVBO9IYWH6WDGD,Cancelled,2025-02-03,4
429,63,1602,ETXGU0EW4VCG2JQX4,Completed,2025-12-12,1
430,84,1756,LBYTTQI0BA94W00SJ,Completed,2026-03-16,3
431,141,1652,5JLJND4KDJVCVEXOQ,Completed,2025-09-07,3
432,39,1751,1BXOUHA7D0FXFZSB4,Completed,2026-02-03,3
433,18,1054,TVRM9ARPXDNBT9CSE,Completed,2026-03-04,4
434,138,344,7JGQQQ75CEAHL6P3F,Cancelled,2025-03-14,2
435,93,1157,I5THK48NWEW8EN2IV,Scheduled,2025-11-19,3
436,63,1220,17ACZTMYYT8SGKD6C,Completed,2025-03-26,1
437,189,562,BOGQ4F1DD394B5G90,Completed,2025-04-20,2
438,99,1762,MISKT4JI3180WRZIS,Completed,2025-06-08,2
439,108,1827,H2DCSZVD4DCD6AL8D,Cancelled,2025-11-27,1
440,87,620,TZST1947XJTZB922K,Completed,2025-04-22,3
441,66,1548,8SMFYYJD6LUK95QD3,Completed,2025-01-29,2
442,3,1371,K2631CQKJ2G2BT8WW,Scheduled,2025-12-24,1
443,189,353,146PFVRLZVJYNM5IY,Completed,2025-12-07,2
444,171,1329,C1AV7LT1CV4O5LQ71,Completed,2026-01-26,2
445,144,507,IXJDOR4ERANUWH9IO,Completed,2025-01-18,4
446,33,36,I0TEX6C56LVF8OG1C,Completed,2025-03-02,4
447,75,1561,2PWZ6AF1D79SCZWJ5,Completed,2025-08-27,3
448,195,1287,YCD5QETZWMY1TOZHW,Scheduled,2025-12-23,1
449,189,751,67V7LZ0YD16RNSMEY,Completed,2026-04-08,2
450,168,1097,9P0KDMRSDR5IQ32KS,Completed,2025-09-04,1
451,186,1179,9L3LFAHZLC5M7HDEA,Completed,2025-03-13,1
452,78,1513,BC53ZNZ0YLMTAL4IK,Cancelled,2025-08-05,4
453,162,1588,X0CJWK0DSAHDD17B7,Completed,2025-09-16,2
454,105,1269,PCPK2B5CFK58IYAU5,Completed,2025-10-15,3
455,180,225,8NYASUWZZKJLCJK23,Completed,2025-05-30,3
456,180,1825,YM5DOOH17GIWQ0UC1,Completed,2025-09-20,3
457,57,1716,F48X9Y9W0VJJT5QX0,Completed,2025-04-27,1
458,144,659,3X0BZZ73W6DTTKUDG,Completed,2025-07-17,4
459,87,1401,XVXZ6ILF9PSKJOUGK,Completed,2026-03-04,3
460,15,1801,6113NA95FJJ3U3Z61,Completed,2025-12-19,4
461,90,923,M4B5QHITS7PZFBFJV,Completed,2025-01-13,3
462,81,1907,LSEUBJ5ZI34FINJJ8,Completed,2025-11-09,2
463,156,1251,BF53C6OIAA9P73DMU,Scheduled,2025-02-24,3
464,54,1211,O3EYGI5TQ7DBSAWTB,Scheduled,2025-02-26,2
465,177,866,VJTT1REDA71QDDPQG,Completed,2025-07-25,2
466,183,1036,0AN3XAKQ7PE1HOLW0,Completed,2025-01-27,4
467,180,1965,JUPYUTRIK60XF63GS,Cancelled,2025-07-18,3
468,24,1593,P34CO44VY1EHGBPZN,Completed,2026-03-15,2
469,42,1513,BC53ZNZ0YLMTAL4IK,Completed,2026-02-19,1
470,174,458,QB59AVW7XIWYGFCVV,Completed,2025-10-20,2
471,102,1055,SE3790G2XAE1VJ81O,Completed,2025-11-18,3
472,3,474,NARM5XPFWYSVCVHLG,Completed,2025-09-01,1
473,96,569,LBULH2YS4THQ818J8,Completed,2025-12-18,2
474,81,1597,YORBQB0J8YWS6BXOR,Cancelled,2025-07-17,2
475,165,910,8I4BDSJGA7LZ8SGH1,Completed,2025-07-14,4
476,99,1598,JYX5RPSN5N1ZKQPWZ,Completed,2025-10-22,2
477,48,390,4VCK69ET5OA5ZH353,Completed,2025-03-12,1
478,129,377,JDPU56YHHERK4BVU8,Cancelled,2025-05-20,1
479,195,830,BRWQG3RJEZMNKA4NY,Scheduled,2025-10-21,1
480,192,1757,VLJDXC0HBZ1W8EWVZ,Completed,2026-01-12,2
481,63,196,MT4CPRA5LUAPRA204,Completed,2025-11-22,1
482,171,1318,DNNPMHHQ1ZZK4AYQ9,Completed,2025-12-03,2
483,111,142,UHGVE63EIN6HIY5KI,Scheduled,2026-01-05,3
484,48,1765,ZOADN7W38E666Q9CA,Cancelled,2025-03-18,1
485,54,1863,3E1RQFQAR0M7ZWB9G,Completed,2025-07-25,2
486,141,1679,WOQL5TQ4T7LMSBM7H,Scheduled,2025-12-26,3
487,159,1456,WOCJ7M49STWI3V4TW,Completed,2026-01-26,1
488,39,1360,S7RB70P0F8CNV1BQB,Completed,2025-07-18,3
489,168,692,Y3S07BXVEXM6K0BCK,Completed,2025-01-23,1
490,3,1047,9DF6BZM60POHYZ60F,Completed,2025-06-24,1
491,165,826,6UERDB08XGY3G5FC6,Completed,2026-03-28,4
492,54,1050,3I6LU1K1TSGBUAQ6E,Completed,2025-06-03,2
493,126,1002,FZME87JV30294Y0SA,Completed,2026-03-19,1
494,75,1620,XBORL4GJY1V8UZFF5,Completed,2025-09-18,3
495,156,268,4DLOM0G3GO6611JJP,Completed,2025-09-02,3
496,114,1710,U5U6NDD7CY9678OL0,Completed,2025-03-16,1
497,78,735,16YLF0MH9M8TO7IMB,Completed,2025-09-17,4
498,54,1877,4PU9IRRX5II7AO8PX,Completed,2025-09-08,2
499,18,655,FG185JNRYSM1FXDY8,Completed,2025-07-23,4
500,57,1780,C08LO17847KWKF5MY,Completed,2025-09-06,1
501,198,175,UPH1HFT308342JAXT,Completed,2025-11-03,4
502,45,570,AL5J93YZY81GVCUJK,Scheduled,2025-08-08,2
503,186,541,2F3DJ0UF1MXYSP8AG,Completed,2025-11-06,1
504,111,1432,ZN9KTWOHCPGF9S5PM,Completed,2025-05-14,3
505,105,134,OZKB90GTKITQFJ24A,Completed,2025-08-18,3
506,174,1278,U3DH88G6ZU8HXJ6WY,Completed,2026-02-26,2
507,168,429,N58EAIU0WOUDCDCQ1,Completed,2025-01-14,1
508,177,1633,BKJYYRUXCGZMRUIHJ,Completed,2026-04-07,2
509,117,30,ZNX0598XJ3X14VHIO,Scheduled,2025-03-22,4
510,147,1543,9VIVILYYQTX0LIBUD,Scheduled,2025-04-17,3
511,165,1854,N7VN4RSAGCWZDNF47,Completed,2025-01-23,4
512,171,1970,CMPMY7UMB35QKRU0C,Completed,2025-04-24,2
513,156,1821,FVVC3Z4DLS47SOELF,Completed,2025-01-13,3
514,132,1113,EZTRVBO9IYWH6WDGD,Cancelled,2026-01-24,2
515,105,755,7GYK6VEIR72EIEA59,Scheduled,2026-01-04,3
516,48,1087,JR8DBBA5PHQE7R8WN,Completed,2025-05-24,1
517,30,1220,17ACZTMYYT8SGKD6C,Completed,2025-02-09,1
518,69,816,BY6UXRCH2XV0XJPL9,Completed,2025-01-25,1
519,6,1784,Z7A8C1SO3HZKE4Y23,Scheduled,2026-01-31,2
520,3,1007,4X4QOPPAIUKZV5MB6,Completed,2025-05-16,1
521,66,518,3HQ913SPPK0KQ8M22,Completed,2025-09-12,2
522,96,65,CPLHGW5KUMLFL6GU0,Completed,2025-06-23,2
523,123,140,W9RHAG2H4G5KTEHWL,Completed,2025-06-28,4
524,198,1192,MNHMO0IMU39IRRSEX,Completed,2025-09-16,4
525,174,1131,817DVOHUNHQIEVAG0,Completed,2026-01-14,2
526,18,1546,785LM7DAVEK9PFA9U,Completed,2025-11-20,4
527,153,789,060D87LUVOMXF3C22,Scheduled,2025-07-29,4
528,114,54,WSPA4GE11T1WJ5ZCG,Scheduled,2025-07-27,1
529,129,532,9WG88ZP5E3O3BHOIW,Scheduled,2026-03-03,1
530,189,818,Y5ZSV6XFT4XP2OJEG,Cancelled,2025-03-29,2
531,57,544,YNN18EL2MCRU963WW,Completed,2025-12-31,1
532,84,1906,UWE18PUVKJASWOOWH,Scheduled,2025-01-31,3
533,147,507,IXJDOR4ERANUWH9IO,Completed,2025-08-19,3
534,90,1179,9L3LFAHZLC5M7HDEA,Completed,2025-02-14,3
535,15,1851,EK09YGJDDNQYNFJCB,Scheduled,2025-12-25,4
536,153,123,X5C5DEODGO7NSI29C,Completed,2025-09-12,4
537,111,781,RK8I34LBL92WIKC8J,Completed,2025-10-04,3
538,21,890,CKKWO6ODL13JE6U06,Completed,2025-10-02,1
539,9,927,498N480Z9FGPWC4FK,Completed,2025-11-21,3
540,84,1241,P3TMX0UTKR0YQ84TN,Scheduled,2025-09-07,3
541,168,282,GA96K5FVS1ZABQYW6,Completed,2025-02-04,1
542,141,229,C908GVIJISAMVEM3Q,Completed,2025-02-12,3
543,198,1742,O39UA2JK6XHAWSNF5,Scheduled,2025-12-10,4
544,84,1756,MBOXZBEPDA32W1CA9,Completed,2025-10-01,3
545,96,529,IES8OXA22HTQ13RDV,Cancelled,2025-07-30,2
546,132,1295,DPSR1GK6PQXZFP14A,Completed,2025-07-20,2
547,72,1117,53CNGG5UIO0IWSPWK,Completed,2025-07-14,1
548,69,709,MLRIHZQKILLG00R9V,Completed,2026-02-05,1
549,63,1336,TN5BA26W30J9JTXT4,Completed,2025-08-19,1
550,141,238,1HRIGJK3YXT7WU14H,Cancelled,2025-09-19,3
551,78,1906,ZLW6EBVJ9WMCOPPRY,Completed,2026-03-15,4
552,150,1598,EDLGIL5EH2NVFLTOE,Completed,2025-02-23,1
553,75,989,ZKHHAQSEMPTYKI8CK,Completed,2025-09-17,3
554,36,1402,06YO1PTSQB3ZYVTQR,Completed,2025-01-20,2
555,90,1473,6VF91BJ2GHMYL59JI,Scheduled,2025-03-07,3
556,75,313,8763W93GXXZZGRPK1,Completed,2025-11-19,3
557,117,1846,4ALOJFT8EC7I15S2H,Scheduled,2025-05-08,4
558,135,812,3L7YN021J5GYIA92P,Cancelled,2025-01-24,2
559,15,1960,0D6QWHX8D26H5CWKN,Completed,2026-03-10,4
560,126,1077,WWD16694M4J4IZASW,Completed,2026-01-05,1
561,171,1780,C08LO17847KWKF5MY,Completed,2025-10-14,2
562,147,1762,TYRZWE4KZJ0C07BSV,Completed,2025-11-21,3
563,72,1509,PWWGY8S0OK13BFO0T,Completed,2025-09-09,1
564,195,72,ZUZ8O13PWEHA5JWY6,Completed,2026-03-30,1
565,186,1837,72G703LSMLNUYJ1ZG,Completed,2025-02-21,1
566,120,1451,MB59UP3DHAU9N5ER2,Completed,2025-02-18,3
567,45,865,PNGXCNMYA6DM93X52,Completed,2025-06-03,2
568,162,465,JSHUJUVXA1ZFTK1X9,Completed,2025-05-27,2
569,174,263,CAEKOK1YXMN0040TC,Completed,2025-06-28,2
570,30,1258,O0KKGC4YNLXNIXCGE,Completed,2025-03-07,1
571,45,923,PTVB8OKCUUTJ69U3W,Scheduled,2025-03-27,2
572,102,1020,P96HZMIZSIXJPOIX7,Scheduled,2026-01-18,3
573,18,1230,4SMRMWWAMER55NOJX,Cancelled,2025-07-24,4
574,177,1651,8RRLUV1EB5O7QI0LS,Completed,2025-09-28,2
575,102,989,ZKHHAQSEMPTYKI8CK,Completed,2026-02-15,3
576,6,1354,C0XE8BT5R7Q5TZRDS,Scheduled,2025-11-13,2
577,105,1512,NZIHOJXQB6X5VADYM,Completed,2025-03-10,3
578,69,1176,Q7GW315J8RLE417MR,Completed,2026-03-07,1
579,36,756,8KVW7WXXZ2YV05IC2,Scheduled,2026-02-12,2
580,168,1234,4H7IK5RTUSELTSC77,Scheduled,2025-01-29,1
581,3,725,MI87GW1MBPP9U8IX4,Completed,2026-01-08,1
582,141,1400,S2RAWR81B50VRAAGM,Completed,2026-01-09,3
583,93,1830,JTLRXWW11M34Z9Y19,Completed,2025-01-18,3
584,3,473,2WXLCWKKZJNRCO1CU,Completed,2025-04-15,1
585,150,92,JV6X7RC4VMQ1MONP4,Scheduled,2026-02-23,1
586,24,457,XFHTZ0NVPM5WA82IO,Completed,2025-07-21,2
587,180,1004,5SGL9UK3P99RQ39LV,Completed,2025-10-28,3
588,30,470,G1VAYK9Q1Y7TVSCVE,Scheduled,2025-03-27,1
589,42,1580,HYMZGZDY5ZYDJD4WT,Completed,2025-10-09,1
590,69,613,HL8RFOQ1YWUNV6V1Q,Completed,2026-01-23,1
591,156,1866,4IC7ADUZE1N396M3X,Completed,2025-12-05,3
592,189,53,1O5B99WWJK6002OX8,Completed,2025-08-14,2
593,114,20,EQ0MNJR9XK3KOV8Q3,Completed,2025-05-04,1
594,114,117,N0YB3OI8QNM538WU0,Scheduled,2025-02-18,1
595,75,1930,HMAVGFJFUV103HSHY,Cancelled,2025-10-11,3
596,24,56,1G5GI14GIEBPHX21M,Completed,2026-02-14,2
597,165,601,Q0GSV6O2TKGSSPT9J,Completed,2026-02-26,4
598,138,1426,QCRNXCF5SHATVK4A0,Cancelled,2025-02-05,2
599,174,1393,PWVS5D4NARSAD3DHP,Completed,2025-05-27,2
600,54,1375,56578I5X875FM6GC5,Completed,2025-12-04,2
601,69,527,69ME9MRK7XS9C89HK,Scheduled,2025-01-13,1
602,54,1438,TRGEBBM8DKVM4ZBVI,Scheduled,2025-11-07,2
603,3,152,QGN90PO2Z8NV7L38R,Completed,2025-12-29,1
604,189,1208,PSZNJ7KBGQ1DFP4WN,Cancelled,2025-05-03,2
605,75,1846,4ALOJFT8EC7I15S2H,Completed,2026-02-05,3
606,162,1287,C5E31UMUS055M6OBB,Completed,2025-10-30,2
607,87,1341,2DVO7YXPSUNM4N99Q,Completed,2025-10-16,3
608,156,220,NZ4ZBAULQOLEKZQGL,Completed,2025-09-17,3
609,15,158,0IR5ZQ6NR4NGPSUC4,Scheduled,2025-10-24,4
610,159,1682,FPW1U26SHQD8Q9FKM,Scheduled,2026-04-02,1
611,57,944,OB46JVK57OFEYCDYX,Completed,2025-09-05,1
612,15,130,SDKOVQ6UB97KUIHOH,Completed,2025-06-22,4
613,180,470,G1VAYK9Q1Y7TVSCVE,Scheduled,2026-02-08,3
614,186,290,WV06CK52B6202DDSF,Completed,2025-07-20,1
615,63,1574,0E9J2XHDXDCAUWL9Z,Completed,2026-03-04,1
616,54,325,GXBYP8KN5QMTWMZRA,Completed,2025-08-18,2
617,189,1273,WT49T7N02VKJCCDCI,Completed,2025-01-20,2
618,36,83,U1F3LTZBFX2CS7USI,Completed,2025-03-04,2
619,171,1123,XAGATUO96T1VVRKZM,Completed,2025-07-22,2
620,57,337,RCPBTQISSOLRLSEUF,Completed,2026-01-16,1
621,138,703,7V2X0GJ60PBP3SS7M,Completed,2025-11-29,2
622,75,728,GZ260MICVUZ7OPQVI,Completed,2025-11-28,3
623,90,439,F04I50X1FEQ1CKSBS,Completed,2026-02-22,3
624,63,593,VHIUM1NAJW0MDGPZ1,Completed,2025-10-27,1
625,120,1213,S7AT3WE4V6RBJNE17,Scheduled,2025-04-04,3
626,72,460,UQWTJA93V06PE8VS1,Completed,2025-11-04,1
627,75,1026,PUHS9JZH5CDAI0DP3,Completed,2025-04-28,3
628,66,1242,XM20DYCF17LSFBX4Q,Completed,2025-03-22,2
629,96,470,8NWPO0N8Y2YK0YJNB,Completed,2025-10-07,2
630,135,643,6QMQ8LAM7SQ3ZNX7J,Scheduled,2025-12-31,2
631,144,660,S4SJM3TFZWFV5O7SY,Completed,2025-04-24,4
632,195,1020,TO61QSRQ0AZA56NS3,Scheduled,2025-08-31,1
633,180,306,LZHCH413R8NAVRNHS,Completed,2025-05-17,3
634,183,827,RDGXG2H9CY90ZBZ9E,Completed,2025-04-15,4
635,183,1499,5J04IZ32RKRUSJM3N,Completed,2025-04-30,4
636,102,314,PEAPEFD2F8TVAWBG1,Scheduled,2026-04-02,3
637,138,986,MQDRJ6TMG7GM7ZX31,Scheduled,2025-04-02,2
638,63,1597,YORBQB0J8YWS6BXOR,Cancelled,2026-02-02,1
639,33,1985,5T7Z40M2WHMTBERQY,Completed,2025-02-14,4
640,153,373,L8H7ZSLTM3AWYWDLK,Completed,2026-04-05,4
641,180,1732,LXQR66K2LR533O6MJ,Completed,2025-04-25,3
642,132,271,E88EW1GLW0HENVT59,Scheduled,2025-11-30,2
643,114,1830,JTLRXWW11M34Z9Y19,Completed,2025-04-29,1
644,81,49,VOUMGGH3KZO5HR6PW,Completed,2025-05-14,2
645,174,966,5ZHOHW806OZD32VPT,Completed,2025-04-19,2
646,189,551,L8WC3GW8JTXE5FSQA,Completed,2026-01-07,2
647,87,319,AHPF7KOG240EWELYD,Cancelled,2025-05-13,3
648,48,1788,NKSKMG01U7YOSOW8P,Completed,2025-12-09,1
649,72,13,0NO78BWLQFMLSHVBY,Completed,2025-05-28,1
650,156,1008,XKYEMC11LHS98XUZ8,Cancelled,2025-09-14,3
651,72,1347,RU6E24OUCB0PJO6RQ,Completed,2025-07-16,1
652,42,993,RLFHBHY9C2WKAOK2N,Completed,2025-12-06,1
653,54,1820,5TL1EXMI6OH4NUNE2,Completed,2025-07-21,2
654,117,1684,D5RH3L5S88AX3V68E,Cancelled,2025-10-26,4
655,18,805,TW1T10IKWX9R93WMP,Completed,2025-08-31,4
656,36,1469,R5ZPA4SE91VK4P197,Completed,2025-08-18,2
657,180,109,IWM84J25FK5DSJSRS,Completed,2025-12-18,3
658,54,765,6M9I7A80BADNDVS6E,Completed,2025-04-03,2
659,105,693,DCHUZLT2HHKFULDN9,Completed,2025-12-20,3
660,156,42,0Y1UUHBGO3Q9VCDHH,Completed,2025-05-21,3
661,192,953,5NPIYUC6EWS1I0PMJ,Completed,2025-12-05,2
662,57,487,GHLFQEPKMJDH6CV0T,Completed,2026-03-14,1
663,54,136,Z355ST7CJNFUR2LCL,Cancelled,2025-09-06,2
664,63,1963,LNLQJHFLV0S8GUAT6,Completed,2026-01-13,1
665,60,1426,HIUGH7FMKJKAEB4B3,Completed,2025-06-25,4
666,117,1669,MBJC6Q0JSSD4R3WPD,Scheduled,2025-01-10,4
667,21,1605,4BB8SZESDN0KSOS9T,Scheduled,2025-10-15,1
668,120,370,AZSJ3FE6H0YO2AWJR,Cancelled,2025-07-10,3
669,51,1930,HMAVGFJFUV103HSHY,Completed,2025-04-14,2
670,153,228,3QY6GJ8GLHNTITEW9,Completed,2025-09-11,4
671,186,1713,3TKCKXSQXYG9IVWP4,Completed,2025-11-05,1
672,117,258,36C61W4H2G1BH4JQ6,Scheduled,2026-02-05,4
673,153,1127,K6PK3INI25EV9IL2I,Completed,2025-09-23,4
674,30,342,GGGY9WMMX7MSJOHUX,Scheduled,2025-12-06,1
675,123,1601,Z98YPZQOLYL87VP0A,Scheduled,2025-06-18,4
676,66,538,FUJ5P60BFT948C9DP,Completed,2025-07-25,2
677,183,1047,9473A46DZWMKDC3PU,Scheduled,2025-04-13,4
678,114,511,0YMKVQJ6VRNIF00RG,Completed,2026-02-05,1
679,153,669,YK367D3FWPH662C79,Completed,2025-04-16,4
680,45,575,Y5PRA8Q3502JNS03H,Completed,2025-09-11,2
681,189,48,601RIBMHSUDB66UWL,Completed,2025-05-14,2
682,186,1514,763NOWMFWGB9S2047,Cancelled,2025-02-02,1
683,153,1930,HMAVGFJFUV103HSHY,Cancelled,2026-02-24,4
684,153,228,3QY6GJ8GLHNTITEW9,Completed,2025-09-10,4
685,135,800,XN2075QJLTZ8S7CRU,Cancelled,2025-01-11,2
686,132,1638,U1XCGPDCCSID1TPRF,Completed,2025-06-18,2
687,87,806,TUWM7PHTZYBRGW4LZ,Completed,2025-03-09,3
688,150,1091,HEQK4AO8C8YSUWSZ3,Completed,2026-03-04,1
689,93,557,6YNXRKQ34XL95J8WC,Cancelled,2025-02-16,3
690,117,468,51D07UE221UWCIRRL,Completed,2026-01-14,4
691,99,409,9AX8SICV4YH0KHINR,Completed,2026-02-20,2
692,18,842,5UGCKRK4UKNJGITGV,Completed,2025-05-11,4
693,45,784,012O0GYYQEFBL6W26,Completed,2026-03-15,2
694,99,610,WAPAI1CSPIMHDYZZR,Completed,2025-05-17,2
695,78,1292,MEETN3Z12KNQUDT96,Cancelled,2025-04-12,4
696,45,20,M7AF5V8GT2QD17XQH,Completed,2025-08-03,2
697,177,1657,J3ICJQWI2B323CA2K,Scheduled,2025-09-08,2
698,138,836,ZAJVVEPC2BSBQ6302,Scheduled,2025-07-09,2
699,162,1866,ZG45Y03G2CLJFUI30,Completed,2026-03-12,2
700,189,1775,XR4I5FDOPDWUSX7XP,Completed,2025-09-07,2
701,90,920,8EQ8X0P9Y1B3JKIXD,Scheduled,2025-08-30,3
702,15,1770,ERQ56G8RQ29R8U47N,Scheduled,2025-02-27,4
703,69,852,0SZU4JRUWK7SVA0V1,Scheduled,2025-06-24,1
704,156,1543,2944X3GNMAVMLBRB2,Completed,2025-07-03,3
705,51,1966,HUC7JHZMMVFFJTMEA,Completed,2026-03-09,2
706,108,259,Z4LVYIAF3YOHSH1Z7,Completed,2025-05-28,1
707,81,1127,K6PK3INI25EV9IL2I,Completed,2026-02-10,2
708,6,1579,XDUWOMFS0W9F45LRT,Completed,2025-08-26,2
709,27,535,M7VAX6F7CM4QXCTLC,Cancelled,2025-08-30,2
710,105,238,1HRIGJK3YXT7WU14H,Completed,2025-07-26,3
711,189,594,95SF3B4XRN4XMA1IG,Completed,2025-05-22,2
712,15,496,RKRKYSQLVZDS84OP7,Scheduled,2026-02-20,4
713,12,1557,D7DVFFZ48XB40FYZU,Cancelled,2025-11-09,1
714,60,1597,YORBQB0J8YWS6BXOR,Scheduled,2025-04-27,4
715,33,1782,BGXHHZZ98HHRLVLXF,Completed,2026-04-05,4
716,63,1770,ERQ56G8RQ29R8U47N,Completed,2025-06-25,1
717,9,1451,MB59UP3DHAU9N5ER2,Scheduled,2025-07-19,3
718,72,729,M9JZ8TA9I6IRYZK15,Completed,2025-11-13,1
719,12,364,4IRB4NQ87CE1F46UN,Completed,2025-12-06,1
720,27,461,YMQ57AMU8J729LKSA,Completed,2025-06-16,2
721,9,1149,PR7RZIOTIHU1KXJPP,Completed,2026-01-24,3
722,117,620,TZST1947XJTZB922K,Cancelled,2026-04-10,4
723,66,535,V5DWBWX9EBAKVD2JU,Scheduled,2025-05-05,2
724,192,1263,A81XCO2ZDEL7P98AG,Completed,2025-09-09,2
725,120,1927,ETNPHPAOLCO9IZ43U,Completed,2025-11-02,3
726,129,110,GK7GQIJANB56I880B,Completed,2025-08-09,1
727,177,918,EXQLUV95473A3HW0L,Completed,2025-09-09,2
728,153,1695,09ULJ67U6XGZHNDGA,Scheduled,2025-04-17,4
729,69,979,1UQEDL1OFMFPCCS92,Completed,2025-04-06,1
730,159,773,2JOV6PXGX4OWCYOX1,Completed,2025-10-20,1
731,33,1698,AUURDLS03BAOE5C1G,Completed,2025-07-15,4
732,90,1274,I2J33JY8GA0PBWPTW,Completed,2025-05-11,3
733,102,1164,BHDPENMWO7J9WMPK3,Completed,2025-10-27,3
734,60,834,2TE1YCBNQ12HKX477,Completed,2026-02-25,4
735,138,1478,U37SB2JUJJDQ125HH,Completed,2025-11-29,2
736,144,808,LC9EZ0WP7SB9W4AK1,Cancelled,2025-07-03,4
737,135,1142,JOFMEUBT5HZS1V5IO,Completed,2025-03-25,2
738,129,354,VE6LBJSZFJURT1KPP,Completed,2025-06-13,1
739,99,421,XZYJCN72B97DAANIZ,Completed,2025-08-17,2
740,93,22,V0GZ53YJK5B0YWZYX,Scheduled,2025-04-27,3
741,63,1176,62TOT0DRC51XKQF25,Completed,2025-04-21,1
742,195,1428,HB5CSJIRAVHAO70AV,Completed,2025-11-29,1
743,177,2,HFKNGT6M7I2LM9XJ0,Completed,2025-10-27,2
744,120,364,WUP1JSMT0JXN3041B,Completed,2026-02-12,3
745,105,784,VTNFY69FNBLB1Y3BY,Completed,2026-03-21,3
746,117,551,L8WC3GW8JTXE5FSQA,Cancelled,2025-10-28,4
747,75,1540,3ICCGFROJXBIAFS5Y,Cancelled,2025-10-20,3
748,93,1196,ESNNXPBUW7MDWXZ03,Completed,2025-08-03,3
749,126,990,D7GMXBZ18VEQNBNT3,Completed,2025-09-11,1
750,69,1124,9WSELW1S0SOQFKNQ2,Completed,2026-01-27,1
751,105,1273,YA6OKHJI57YH6HRXF,Completed,2025-12-19,3
752,168,1318,XQZHSYR49HPEOMJYB,Completed,2025-07-13,1
753,138,638,EMULWH7TC5FXNK9X4,Completed,2025-04-02,2
754,180,20,M7AF5V8GT2QD17XQH,Completed,2025-12-31,3
755,48,118,3GX1YG0IQ7LGE190M,Cancelled,2025-02-07,1
756,69,772,W3NS5BA3E2ONDLGE9,Completed,2025-11-09,1
757,21,1960,NDNOOP1DDO0QZEWEB,Completed,2025-11-02,1
758,120,54,WSPA4GE11T1WJ5ZCG,Completed,2025-01-22,3
759,186,1080,9DGKSWF1IHFLRZ1HJ,Scheduled,2026-02-26,1
760,123,1834,TKY0I6W12PQ4ZRPHN,Completed,2025-06-23,4
761,123,62,EEKS9AXPDI6J67RMT,Completed,2026-03-20,4
762,33,504,88FKIRXIQA0SSK0O5,Completed,2025-07-05,4
763,198,1822,2A376WPO3X7MBN163,Completed,2025-06-09,4
764,3,1801,6113NA95FJJ3U3Z61,Completed,2025-07-16,1
765,33,1356,4A02XJ5IF3B3XRCC4,Scheduled,2026-03-23,4
766,75,352,5AY6C6W2CD1LMWVZM,Scheduled,2025-07-29,3
767,93,366,OFANM2XTVWXSYT2OM,Completed,2025-03-28,3
768,111,71,PICMEF97OFIS689UU,Completed,2026-03-23,3
769,15,510,YNCUCQGGSRPO4EXBF,Completed,2025-11-23,4
770,150,1469,R5ZPA4SE91VK4P197,Completed,2025-04-08,1
771,177,1555,VFLM2J8DPVW10UWBO,Completed,2025-10-30,2
772,171,1933,JI2LT32HF4U3FRCWX,Scheduled,2025-02-02,2
773,81,608,67IFU0E5FBD2QTTTJ,Completed,2025-01-16,2
774,30,1618,LN90FI8RVVIJIMAAN,Scheduled,2026-04-10,1
775,102,134,UP8ZOJUIYVM8S2PUS,Completed,2025-10-15,3
776,156,162,7MB9J629IJ17TLHLP,Completed,2026-02-12,3
777,153,890,S18ZA2TZQ7M07O0TE,Completed,2025-02-11,4
778,18,654,22HV8A9IJT7SLNHYU,Completed,2025-11-25,4
779,114,944,M8NOV9SWA66MJ62S7,Completed,2025-09-21,1
780,186,466,RROS032E83G9GM0E7,Completed,2025-03-21,1
781,66,1002,Q9O8TUELU3ZSJ4UAK,Completed,2026-01-14,2
782,156,923,PTVB8OKCUUTJ69U3W,Completed,2025-08-16,3
783,138,335,AZ5CHG3FS95W67Y6T,Completed,2026-03-11,2
784,30,792,1BEYNXS76YBHKHM59,Completed,2025-06-14,1
785,111,1707,J5X0FCMC54AI4D41C,Completed,2026-03-26,3
786,186,220,NZ4ZBAULQOLEKZQGL,Completed,2025-07-15,1
787,42,1317,QZKRPU29U2IOIN08J,Completed,2025-08-10,1
788,3,1432,OL6AVM3RPMA20JEQO,Completed,2025-08-09,1
789,132,1514,763NOWMFWGB9S2047,Completed,2026-01-29,2
790,33,1234,VYC5LNMEHFR2NMETR,Completed,2025-02-02,4
791,6,1552,FQ9BLC1IVKYFYL335,Cancelled,2025-10-30,2
792,123,1808,CGP7FERF9PH2546MN,Completed,2025-05-25,4
793,3,814,BEX486KP7GW095KZK,Completed,2026-03-31,1
794,9,377,BN8VLE86QKMD1RQYM,Completed,2025-02-10,3
795,99,701,U9L9CDP6VUW8X9YUQ,Completed,2025-12-27,2
796,45,1404,XFLU878DK0QYGBTQN,Cancelled,2025-05-30,2
797,36,1985,1PQGG47QPYW8B7ZYA,Scheduled,2025-05-28,2
798,96,1024,VOIEQMFYNTRF92EOZ,Scheduled,2026-03-21,2
799,30,1485,SSPWLV57IMEOHXE9I,Scheduled,2026-01-09,1
800,162,1803,ZTA8VCB38PZYNBYV5,Scheduled,2025-01-26,2
801,96,953,2961HG4QK85KYLMV2,Completed,2026-01-02,2
802,84,1108,VN9O9GZKR3DAGDC9Y,Completed,2025-04-26,3
803,45,824,EURGOC7U7C08RKAWH,Scheduled,2025-09-03,2
804,132,1876,RK98L39YEUO7WLW6M,Completed,2026-01-13,2
805,66,1947,SMY4M73799LV1YQES,Completed,2026-03-28,2
806,48,544,KFJYESDYOC8JHDDS8,Completed,2025-10-05,1
807,126,456,ARHHPQKI4795MB909,Completed,2025-08-19,1
808,81,205,N1VSQ51UFZ5I8NQJO,Completed,2025-04-30,2
809,54,1336,BR5117WU5R4EUMU70,Completed,2026-03-08,2
810,6,1764,F3SL6HNH260R1FP0G,Completed,2025-05-19,2
811,192,1193,7AGBLBB5Z52E0540O,Scheduled,2025-04-20,2
812,129,1262,R78VB9KAJN4RSL1II,Scheduled,2025-10-31,1
813,57,438,H7HW52UMUQYOERM4A,Completed,2025-09-13,1
814,150,511,0YMKVQJ6VRNIF00RG,Cancelled,2026-01-24,1
815,150,799,JHBIH6ZRB8MCRCZ9G,Completed,2025-06-10,1
816,186,894,QAZBR1IBXFB86DYHO,Completed,2026-04-08,1
817,51,1894,V7G8BO59E978ENGO0,Cancelled,2025-10-09,2
818,144,1256,MSE6MEL2Q9UHFQLHI,Scheduled,2025-01-10,4
819,123,1069,442VIPSU42QGFBVO9,Cancelled,2025-05-04,4
820,159,1428,HB5CSJIRAVHAO70AV,Scheduled,2025-02-07,1
821,162,24,SZ79A75QSZB2I4UB4,Scheduled,2025-05-27,2
822,75,1965,JUPYUTRIK60XF63GS,Scheduled,2025-04-03,3
823,120,1947,SMY4M73799LV1YQES,Completed,2025-07-15,3
824,39,1427,VGXEGCSX6640TAB0J,Completed,2025-02-10,3
825,42,30,ZNX0598XJ3X14VHIO,Completed,2025-10-04,1
826,6,1687,5P8BO5LWTHNTKZ4ZB,Completed,2026-02-26,2
827,129,299,8S926EQ9ZF1MCFGC7,Completed,2025-12-09,1
828,45,110,KHNZFQX847JSQHZKL,Scheduled,2025-02-08,2
829,84,45,C0ZZV670W301OAWO7,Scheduled,2025-02-20,3
830,72,1831,JRSU3CYXV8W8214QH,Completed,2025-08-21,1
831,87,961,795HFQOD6DBQ5UT8G,Completed,2026-03-27,3
832,48,1507,SNUM1S08HBV9AJNTF,Scheduled,2025-04-09,1
833,21,792,1BEYNXS76YBHKHM59,Completed,2025-02-10,1
834,156,973,CQBY1O39LZQHFJ44N,Scheduled,2025-12-24,3
835,72,481,Q78QS08RH9X3K01X1,Completed,2026-01-24,1
836,177,1641,ZJYRPMDZR65OPVZYB,Scheduled,2025-01-12,2
837,69,933,4OURY36ZBHUFVZFZB,Completed,2025-03-31,1
838,132,1690,0TQJ68M523V5HBZA4,Completed,2026-03-22,2
839,132,1708,306WPUF8TQN8CHTBP,Completed,2025-09-21,2
840,117,53,1O5B99WWJK6002OX8,Cancelled,2025-06-20,4
841,78,1208,PSZNJ7KBGQ1DFP4WN,Completed,2025-07-08,4
842,138,1167,AGX9YNMFSJZ7DXOVT,Completed,2025-05-03,2
843,27,61,GN1M36HMV7NNBTCCR,Completed,2025-09-28,2
844,123,1726,FXWZ1I6SJV5NNPM9K,Completed,2025-09-05,4
845,150,196,XVC858DTV601Y55V1,Completed,2025-10-26,1
846,171,1625,KM27E1ZJQ4VYK462P,Scheduled,2025-02-09,2
847,96,129,LKHVYQ9B4JMW4B6RX,Completed,2025-12-20,2
848,3,1915,53G3D2LERAOVDWFW6,Completed,2025-08-10,1
849,150,1530,MYQ0LNP4DMW8AF46R,Scheduled,2025-09-15,1
850,63,1903,QAG42UU5VQ6PQRP3L,Completed,2025-06-21,1
851,189,1661,I9ODPT7PTLD0FYYRT,Completed,2025-01-16,2
852,6,1363,HLRD6HA0UYMLC904D,Completed,2025-03-24,2
853,99,1469,9KEOQCL94AVZB0EB1,Completed,2026-01-24,2
854,15,1546,785LM7DAVEK9PFA9U,Cancelled,2025-12-27,4
855,81,1126,HJUTP1IO1XKR68X8E,Completed,2025-08-22,2
856,141,1692,3N67L4N8AAE734BVH,Completed,2025-07-15,3
857,48,652,5WKCAA38HBCOO1NUW,Completed,2025-11-25,1
858,105,546,XB9NF8Z2UE4VU04JQ,Completed,2026-02-24,3
859,174,827,S8QLWR5T7R3ROIAQ0,Cancelled,2025-09-28,2
860,66,1154,I5F9KJZP3FW272LYM,Completed,2025-02-13,2
861,93,203,I6K19LZD5NZZI4OG5,Cancelled,2025-05-31,3
862,78,920,VM8JUQ016RXUT97FO,Completed,2025-03-03,4
863,60,1432,26QUF6WA4X6HI97UM,Completed,2025-12-08,4
864,117,1124,9WSELW1S0SOQFKNQ2,Completed,2025-01-23,4
865,189,373,P42ZANOUPZ2B49NQ0,Completed,2026-04-10,2
866,159,1505,8JHGWSK6D37UHOYDL,Completed,2025-11-07,1
867,162,258,36C61W4H2G1BH4JQ6,Completed,2025-12-28,2
868,117,1022,1J169AMFZYBNTF2DI,Completed,2025-03-15,4
869,72,1506,UWA0Q7CMPXQ6VMV58,Scheduled,2026-03-31,1
870,117,1333,I5C4IJ7MZR7GR4E7G,Completed,2025-09-20,4
871,129,1725,P34GV4DX7BJF9RVPF,Completed,2025-05-24,1
872,81,1688,6T3FT5VGIA1ZW6LWP,Completed,2025-05-09,2
873,30,109,VK6UW6VUZDCZNHPJA,Completed,2025-04-07,1
874,111,1906,8U0FRY8OY781KQT2T,Completed,2025-01-20,3
875,18,1300,3DJIODSGXXVFU7AK9,Cancelled,2025-10-05,4
876,138,1347,RU6E24OUCB0PJO6RQ,Scheduled,2025-08-11,2
877,63,1776,MR3CFRQ1BBPIVWX97,Cancelled,2025-11-30,1
878,63,587,KEGR0BO7CV91SIWWV,Completed,2025-02-12,1
879,30,344,7JGQQQ75CEAHL6P3F,Completed,2025-05-09,1
880,42,1554,9J0AIJR59317O8CQJ,Completed,2025-11-19,1
881,81,1176,Q7GW315J8RLE417MR,Scheduled,2025-08-15,2
882,189,768,45XSKL3292CORKK51,Completed,2025-02-14,2
883,36,88,QF4FKCMEBJWEJC5P8,Scheduled,2025-12-26,2
884,54,1362,NO1IXXV7BTHFMFWLU,Completed,2025-10-06,2
885,42,1730,R975LBKNGUG94E3DK,Cancelled,2025-11-24,1
886,3,1692,3N67L4N8AAE734BVH,Completed,2025-03-31,1
887,27,819,LNKK6HL0SQQX3TV64,Completed,2026-03-06,2
888,135,648,WGLJC6367Q8HT9XAG,Completed,2025-03-24,2
889,66,1345,V7P8SKJWO23PDXPMJ,Completed,2025-07-14,2
890,93,1278,U3DH88G6ZU8HXJ6WY,Scheduled,2025-12-01,3
891,159,1078,M4BBT9GQX0509KPLA,Cancelled,2026-03-04,1
892,150,9,AD0Q5XVRRUVZQ6CKE,Completed,2025-03-25,1
893,6,238,1HRIGJK3YXT7WU14H,Completed,2026-03-02,2
894,6,1514,F3ZJO3HTWTJNVL1PC,Completed,2025-03-18,2
895,147,257,ZLLTROCX75RVMN5CK,Scheduled,2025-11-30,3
896,75,784,VTNFY69FNBLB1Y3BY,Scheduled,2025-06-02,3
897,36,1179,9L3LFAHZLC5M7HDEA,Completed,2025-12-29,2
898,159,756,T5LKZSMX02Z8IHXZX,Cancelled,2025-09-21,1
899,18,280,KIYNZKL64KIW8EBG7,Scheduled,2025-10-06,4
900,75,1512,7S7VLF9VSIWLFVHTO,Completed,2026-01-14,3
901,90,942,CNHIR22CQ5UPUYNEB,Completed,2025-04-10,3
902,159,1226,3ZIC6FUU3PSQY4101,Completed,2025-10-20,1
903,6,18,T0TG90EEUBZXUP8SX,Scheduled,2025-11-24,2
904,18,935,O1O2N1QYNEMUZRG2U,Completed,2025-03-23,4
905,84,1413,IBIYATOERT954T9CN,Completed,2025-01-20,3
906,192,1767,F4DW356LQV203KO8M,Cancelled,2026-01-03,2
907,183,659,591VELOBY2NS0UCI4,Scheduled,2025-08-14,4
908,93,1548,NRZBDW59UMFRQUDLT,Completed,2025-05-12,3
909,198,1407,F4II1CR31G3V6BHRT,Completed,2025-09-24,4
910,153,1095,W4ZRL5NFTLU0M23Z3,Cancelled,2025-04-08,4
911,117,1671,O7HS4XXANAF8J0OMS,Completed,2025-11-16,4
912,108,986,MQDRJ6TMG7GM7ZX31,Completed,2025-11-06,1
913,126,353,146PFVRLZVJYNM5IY,Completed,2025-03-07,1
914,21,688,ZWBTHUQDFIC7LV9L2,Scheduled,2026-03-09,1
915,144,1348,IN01K0EPRKHCEZW7Y,Completed,2025-08-07,4
916,195,470,3XQNXS91VKX5W53PR,Scheduled,2025-07-14,1
917,99,1140,J68I6JOF3DV0IZJWI,Completed,2026-02-06,2
918,18,1893,TJ39G3OHJ66ZONES0,Completed,2026-02-05,4
919,72,728,GZ260MICVUZ7OPQVI,Completed,2026-03-20,1
920,3,666,Y8OK5986QRWG0V61O,Cancelled,2025-11-29,1
921,156,506,S1OKISZ0AG8L26K46,Scheduled,2025-07-04,3
922,129,1119,LKXCX5BHU9W5I2NOZ,Completed,2025-01-11,1
923,42,1853,EBCN5S70G0B43PB4A,Cancelled,2026-01-08,1
924,180,1934,3JMKTD4V4P3GLINDC,Cancelled,2025-10-27,3
925,180,1463,S3TFWCP0MO5WD6O9H,Scheduled,2026-03-14,3
926,108,1196,ESNNXPBUW7MDWXZ03,Completed,2025-12-19,1
927,171,713,EYO5NPD2DP7WFV9L3,Completed,2025-09-22,2
928,42,1757,VLJDXC0HBZ1W8EWVZ,Completed,2025-08-29,1
929,144,120,H7MPZCO0UDVABL5Q3,Cancelled,2025-12-12,4
930,135,452,ZTNFDYPAKL6OWM8PN,Completed,2025-11-17,2
931,135,1213,S7AT3WE4V6RBJNE17,Cancelled,2025-06-06,2
932,141,356,24PM6TKDMIYHR5HE0,Completed,2026-03-18,3
933,51,1328,P76FM7QODPQW0NKV7,Cancelled,2025-03-13,2
934,75,1278,U3DH88G6ZU8HXJ6WY,Completed,2025-04-23,3
935,135,1207,CZDOREEZNX5YCOS98,Scheduled,2026-02-24,2
936,132,1752,TVBSVF0MAET73PUE8,Scheduled,2025-05-22,2
937,144,995,8WQG3OS2N65SFN064,Cancelled,2025-02-17,4
938,183,1958,7E2P3TLCUNZVZQ8ED,Scheduled,2025-03-23,4
939,75,435,MAAG4OVMQKI6UW277,Completed,2026-02-03,3
940,6,1952,H9JSPM4FHGYZEWTJA,Completed,2025-08-02,2
941,72,1951,URDQ53OT5PP9Y75WG,Completed,2025-10-03,1
942,114,1605,4BB8SZESDN0KSOS9T,Cancelled,2025-06-26,1
943,87,1050,3I6LU1K1TSGBUAQ6E,Completed,2026-01-21,3
944,153,58,M6UE8RD4NDFAGMUBY,Completed,2025-01-14,4
945,123,784,VTNFY69FNBLB1Y3BY,Completed,2025-10-09,4
946,135,107,TA6KYJV4ZN63F5YHJ,Cancelled,2025-11-19,2
947,177,635,ZUGU4SEF0DPZZ9AFM,Completed,2025-01-17,2
948,102,732,FZC8NZ78FY7CWBFU0,Completed,2026-03-13,3
949,66,1708,306WPUF8TQN8CHTBP,Scheduled,2025-05-26,2
950,198,1877,2T1BURHE5JC123456,Scheduled,2026-01-02,4
951,9,587,1H951J0UPN4UV31QF,Completed,2025-01-30,3
952,99,1045,I15651JEFGH14MSJB,Completed,2025-12-19,2
953,195,238,1HRIGJK3YXT7WU14H,Completed,2026-02-14,1
954,132,1041,C14U2L76CRAWXV6QR,Cancelled,2025-03-08,2
955,123,1230,KNRLAG15LG7E4YHRJ,Completed,2026-03-23,4
956,39,1466,RDRPXLR9Q02BL068F,Scheduled,2026-03-20,3
957,87,1013,GVIFCUI4DE7UC22Y9,Completed,2025-03-22,3
958,186,184,AGLK64913EHYTDRGY,Completed,2026-03-27,1
959,87,1315,N3VK4OZ7KSB65PV03,Cancelled,2025-02-09,3
960,117,590,NATQTWRR2I8W7TF1K,Completed,2025-11-07,4
961,60,750,I9LS1ZAV56R8BKD1C,Scheduled,2025-12-26,4
962,132,762,BR1REN3V80V30YLCX,Completed,2025-11-26,2
963,156,677,W5CEILQTXDA6F7UFW,Completed,2025-07-22,3
964,117,741,J4F8AOYSSKTU72NF2,Completed,2025-02-12,4
965,54,314,PEAPEFD2F8TVAWBG1,Completed,2025-11-25,2
966,18,1279,XR8PI5X1ND9VXQ9OV,Completed,2025-08-17,4
967,90,652,5WKCAA38HBCOO1NUW,Scheduled,2025-05-01,3
968,198,1823,CH1C2U389M3TGZRX9,Completed,2025-03-21,4
969,39,1676,K9H0O1N5PONE55642,Cancelled,2026-03-16,3
970,135,197,AAQ1PXKX6Q29C3GT9,Completed,2025-04-30,2
971,186,1311,NLNATH50WGVHEK0X8,Scheduled,2025-10-16,1
972,45,570,AL5J93YZY81GVCUJK,Completed,2025-06-14,2
973,180,346,1QUGBSF63W35AC8DA,Completed,2025-11-15,3
974,45,1007,SGDM8QCQ9DYQ3XV9J,Completed,2026-02-28,2
975,66,993,RLFHBHY9C2WKAOK2N,Completed,2025-12-09,2
976,183,972,Z7ZB1P61W40XAZFNL,Completed,2025-09-03,4
977,45,634,1HBKOPASX4A8IQR05,Scheduled,2026-02-15,2
978,126,929,0NDESF6RUFFMDG1ZM,Scheduled,2025-03-25,1
979,57,1007,4X4QOPPAIUKZV5MB6,Completed,2025-11-30,1
980,162,898,P6V0W0FYARDOH9FLG,Completed,2025-08-22,2
981,12,1143,JREDAFA9NMJKZIBE6,Completed,2025-03-04,1
982,105,504,8LDTK2XIT3PTLOCX8,Cancelled,2025-02-19,3
983,126,390,4VCK69ET5OA5ZH353,Completed,2026-01-24,1
984,87,439,OCYHQQ1L3XW4SOQ4K,Completed,2025-07-30,3
985,108,925,O4UQ1T4J8E2LG2OKR,Cancelled,2025-12-27,1
986,51,1708,306WPUF8TQN8CHTBP,Completed,2025-10-10,2
987,78,1720,EG27B8Z65178PPQNC,Completed,2026-03-27,4
988,3,1304,DQRGV8656LJRRBR46,Scheduled,2025-06-23,1
989,51,657,JQS47DKH6IVM9P7ZO,Completed,2025-08-31,2
990,78,580,TO5QP683IDTW8MUJS,Scheduled,2025-12-26,4
991,192,1752,TVBSVF0MAET73PUE8,Completed,2025-01-29,2
992,3,1931,4EBCHNKH4GGSNELTO,Completed,2025-04-07,1
993,30,1731,DH70LCFONY4MAO196,Completed,2026-01-08,1
994,156,1605,4BB8SZESDN0KSOS9T,Completed,2025-01-18,3
995,9,364,4IRB4NQ87CE1F46UN,Cancelled,2026-01-21,3
996,72,1030,G6GO8GV7FHG6CERJ0,Cancelled,2025-01-15,1
997,45,163,UXNT48KQWYZ0ZSMB5,Completed,2025-03-11,2
998,177,1635,8JL153HUBLI6ZN814,Completed,2025-06-30,2
999,66,1780,8NVJQ71BR9GMB1NXN,Completed,2025-08-12,2
1000,123,772,W3NS5BA3E2ONDLGE9,Completed,2025-09-23,4
1001,165,188,1HZOLOQ3WORL23X6U,Cancelled,2025-10-15,4
1002,126,2,WP0AB2A72CL778899,Completed,2025-11-11,1
1003,189,1897,5LBUNJVQ71B5VVSTQ,Completed,2025-06-26,2
1004,9,192,DSGPTOIJ3KPYH8VDT,Completed,2025-07-31,3
1005,93,1095,NFQERJ2ERI29W7DD3,Completed,2025-05-11,3
1006,198,1845,6CX4G1C172Z69LN9P,Completed,2025-07-18,4
1007,147,1228,WBA5A5C51FD890123,Scheduled,2025-12-24,3
1008,63,1123,BI8M7LKJIBAFG8PLB,Completed,2025-04-08,1
1009,66,1202,2BMF6I1IECN6OUCRK,Completed,2025-03-13,2
1010,90,167,PO2YHX4ANFTCWCXMW,Scheduled,2025-12-10,3
1011,57,1206,J0Q4NRN8DY0GZ59AF,Completed,2025-06-14,1
1012,198,1258,O0KKGC4YNLXNIXCGE,Completed,2026-02-08,4
1013,126,1124,9WSELW1S0SOQFKNQ2,Scheduled,2025-10-22,1
1014,3,1532,X3ZU5BP3BD3JUFDUI,Scheduled,2025-05-05,1
1015,57,1042,YFFK0PTO5CPLSS3X5,Completed,2025-10-02,1
1016,36,1731,DH70LCFONY4MAO196,Completed,2026-04-01,2
1017,81,460,UQWTJA93V06PE8VS1,Scheduled,2025-08-12,2
1018,54,1043,W1YYTQY1JG4X7TDT7,Completed,2025-05-05,2
1019,126,515,U2QNUCKCE94C7XNTW,Completed,2026-02-09,1
1020,102,1784,Z7A8C1SO3HZKE4Y23,Completed,2025-07-23,3
1021,114,1580,HYMZGZDY5ZYDJD4WT,Completed,2026-03-06,1
1022,99,196,MT4CPRA5LUAPRA204,Completed,2025-07-05,2
1023,42,386,KOR7HT132Q04QV9AN,Completed,2025-02-10,1
1024,24,1024,VOIEQMFYNTRF92EOZ,Cancelled,2025-02-22,2
1025,12,1318,DNNPMHHQ1ZZK4AYQ9,Completed,2025-06-04,1
1026,57,586,0L9XTT7T8J6LHHN1I,Completed,2025-03-18,1
1027,126,1834,TKY0I6W12PQ4ZRPHN,Completed,2025-04-10,1
1028,147,192,RNQA880662ATYSK7Z,Scheduled,2025-05-01,3
1029,51,209,HOTX8ZQV8PH3JF5QH,Completed,2025-10-23,2
1030,51,187,VM2FGTVJOOL6YGLLE,Completed,2026-02-14,2
1031,84,908,4MNE8TNVD5RQWUYGX,Completed,2026-02-02,3
1032,198,130,SDKOVQ6UB97KUIHOH,Completed,2026-04-07,4
1033,174,1882,X3D4RCAUG2JG0ZNRL,Completed,2026-04-10,2
1034,96,925,O4UQ1T4J8E2LG2OKR,Scheduled,2025-06-14,2
1035,27,364,WUP1JSMT0JXN3041B,Completed,2025-10-10,2
1036,120,1096,SW44P5MH1CL72DLM6,Completed,2025-11-30,3
1037,168,373,L8H7ZSLTM3AWYWDLK,Completed,2026-02-24,1
1038,99,1759,5Y2KIUH1SXEJ9TL8Q,Completed,2025-08-07,2
1039,123,795,ANHKYVQEY3J7SORHH,Completed,2025-02-14,4
1040,147,1714,B4K4OY3MKKTNPPK3O,Completed,2025-02-09,3
1041,42,276,IZ12JQDE2K4FNVCC2,Scheduled,2025-05-30,1
1042,69,1868,HNME4CZSI97CQP968,Completed,2026-02-16,1
1043,66,967,H7ZMVBTAWSK0M2N6O,Completed,2026-01-25,2
1044,165,1620,XBORL4GJY1V8UZFF5,Scheduled,2025-05-09,4
1045,141,179,QOAPKEGFG5DG5B9JL,Scheduled,2025-07-12,3
1046,6,1432,26QUF6WA4X6HI97UM,Scheduled,2026-03-25,2
1047,183,581,H8HRF9XRSIB1DRMR1,Completed,2025-01-22,4
1048,87,1410,62H9F9GB3T0H46PV8,Completed,2025-11-17,3
1049,72,1919,5P4Q9SZTSWOMQJU4N,Scheduled,2026-01-12,1
1050,114,973,VXD54ZT53OZWF7AB7,Cancelled,2025-12-17,1
1051,177,681,HQNSLLDSWBXTNLBPR,Completed,2025-05-13,2
1052,12,1909,TX0MXF3H8K08S1232,Cancelled,2025-08-27,1
1053,87,1898,9M1Y097VK8AUF5ABI,Completed,2025-03-05,3
1054,60,353,146PFVRLZVJYNM5IY,Completed,2025-06-18,4
1055,90,58,X9P2YCJT3CKTBEN8M,Completed,2025-02-08,3
1056,111,507,IXJDOR4ERANUWH9IO,Completed,2025-02-13,3
1057,33,1835,P1HR0HX2MUQQVFNN5,Cancelled,2025-04-13,4
1058,6,152,AE0JE3TXZ2FXU8GOV,Cancelled,2025-10-14,2
1059,180,107,MNUHGCO8J07LFU61X,Completed,2026-04-03,3
1060,150,634,WZ9XJ5OB2ZTPMKZ89,Completed,2025-09-22,1
1061,24,1762,TYRZWE4KZJ0C07BSV,Completed,2025-07-07,2
1062,60,1170,ULWV5CWB4NAM3F9TB,Scheduled,2025-08-30,4
1063,123,1736,R42S7GB7RB7DFBBK8,Completed,2025-12-30,4
1064,60,1213,XBZLAPHC0EF3TAJB0,Scheduled,2025-07-09,4
1065,186,863,7BS850A63PE5RNAPL,Completed,2025-07-09,1
1066,75,106,N9WNE9JUVYH37RT9J,Cancelled,2025-05-11,3
1067,114,1639,SDZ6PJD1UBLC6VYAG,Completed,2025-11-04,1
1068,141,1405,OWJ706YC0NRO5S1VE,Cancelled,2025-10-03,3
1069,60,359,8YA0MKRZO9MVZP3YE,Completed,2025-10-31,4
1070,117,1219,F2KGY6YG7JZDMGSUH,Completed,2025-09-03,4
1071,60,334,RJ7RFYD8RLMWNNNH4,Scheduled,2026-01-08,4
1072,126,1251,RSR1OHS5JNK3C8EXX,Completed,2025-10-21,1
1073,57,1737,P5ILWR0BMRGV3BWLW,Completed,2025-11-28,1
1074,12,349,MTY6UK3YACVL73ADR,Cancelled,2025-04-26,1
1075,120,898,VLA0183PVC460WR4W,Completed,2025-03-03,3
1076,162,1287,YCD5QETZWMY1TOZHW,Completed,2025-06-22,2
1077,135,205,WSY3T1ZSQCG03IY5W,Completed,2025-11-04,2
1078,192,724,09C7GN66WL3JVZT90,Completed,2026-01-13,2
1079,75,767,S4PPBS7IZ2A7PI935,Scheduled,2026-02-22,3
1080,144,972,Z7ZB1P61W40XAZFNL,Completed,2025-09-09,4
1081,159,75,HK85XQ3WCAL1FZPD7,Completed,2025-08-29,1
1082,126,1148,5Z27IWE9TLLVTHVCZ,Scheduled,2025-03-25,1
1083,126,1772,YCOLSHHX6CCGDM49G,Completed,2025-01-29,1
1084,60,1020,4I8IPJ5MRGGWK64HF,Completed,2026-02-07,4
1085,84,572,WNH521X7CM4B2SJPS,Completed,2025-02-05,3
1086,132,314,RSFE78M5J05RYMN2V,Scheduled,2025-12-23,2
1087,180,1834,9U64RCOA0C2PYZYAE,Cancelled,2026-02-16,3
1088,63,218,DQN9U39FO4FUDNALT,Completed,2025-04-08,1
1089,48,972,Z7ZB1P61W40XAZFNL,Completed,2025-11-06,1
1090,66,900,069IT87ANDR4DYXK3,Cancelled,2025-11-08,2
1091,72,134,UP8ZOJUIYVM8S2PUS,Completed,2025-09-23,1
1092,198,258,36C61W4H2G1BH4JQ6,Completed,2025-04-26,4
1093,159,1073,5FDMNUMLK16JXO845,Completed,2025-08-16,1
1094,138,728,9JX2VJQSO4VA01AGT,Scheduled,2025-10-13,2
1095,87,1914,V5U687EU4UEO1LVL5,Completed,2025-05-12,3
1096,126,684,RDD3E376VERO1JL7W,Completed,2025-04-18,1
1097,66,1854,N7VN4RSAGCWZDNF47,Completed,2026-03-25,2
1098,24,1451,PR9LSEQCTKIXS7URZ,Completed,2025-02-18,2
1099,198,1046,4LOVX8CSVGVEU768T,Completed,2025-04-27,4
1100,90,334,Z902ZBEYCLZG0F66X,Completed,2025-03-06,3
1101,78,354,VE6LBJSZFJURT1KPP,Completed,2025-08-26,4
1102,162,6,3GNAXUEV0KS501234,Scheduled,2026-03-20,2
1103,87,1252,ETHEN25XSVF9LMEPK,Completed,2025-09-04,3
1104,30,694,R7QQ5UTPIE7U17A6I,Completed,2025-09-02,1
1105,18,1530,NKK8MV62Q837LV1T8,Cancelled,2025-07-23,4
1106,117,1853,EBCN5S70G0B43PB4A,Scheduled,2025-08-02,4
1107,189,75,HK85XQ3WCAL1FZPD7,Completed,2025-12-30,2
1108,129,1529,NXLK0SJ53S0JVADBK,Completed,2025-04-12,1
1109,138,845,84QPY86GA8TG1BH7E,Completed,2025-07-21,2
1110,195,64,KIAABKUWKIZVXGMNT,Completed,2025-02-26,1
1111,114,435,MAAG4OVMQKI6UW277,Completed,2025-11-15,1
1112,180,1772,YCOLSHHX6CCGDM49G,Completed,2025-06-08,3
1113,63,827,RDGXG2H9CY90ZBZ9E,Completed,2025-10-26,1
1114,30,691,OSJ7N2QLYJXYQBIDW,Scheduled,2025-06-02,1
1115,147,1117,53CNGG5UIO0IWSPWK,Completed,2025-03-03,3
1116,51,611,4FR4VV9D1HNBA0R5I,Scheduled,2025-05-09,2
1117,144,487,GHLFQEPKMJDH6CV0T,Scheduled,2026-03-27,4
1118,171,1305,NC1RKXB82Y6E4EB32,Completed,2025-07-30,2
1119,9,1546,930KRITH7PAQGLHV2,Completed,2025-09-27,3
1120,177,175,6ZG2CSYGPKAEOM51I,Completed,2025-12-01,2
1121,45,532,9WG88ZP5E3O3BHOIW,Scheduled,2026-03-22,2
1122,192,1405,OWJ706YC0NRO5S1VE,Completed,2025-01-30,2
1123,111,1604,NZTPHQ1C10EGHYIJS,Scheduled,2025-04-13,3
1124,96,1635,8JL153HUBLI6ZN814,Completed,2025-12-09,2
1125,171,97,ATF0WCLCVTZIH6LVT,Cancelled,2025-07-06,2
1126,153,1295,DPSR1GK6PQXZFP14A,Completed,2025-01-15,4
1127,156,4,XSMNLYECK3KZZZ0X8,Cancelled,2026-03-26,3
1128,96,1539,3XFVW4I7VIN3RC7DQ,Scheduled,2026-03-20,2
1129,198,918,EXQLUV95473A3HW0L,Completed,2026-02-11,4
1130,69,922,OBIN3LS8LMWCV4D22,Completed,2025-04-09,1
1131,171,470,8NWPO0N8Y2YK0YJNB,Scheduled,2025-05-18,2
1132,135,1252,ETHEN25XSVF9LMEPK,Completed,2026-01-19,2
1133,57,1326,CZBZCZ5JK954RAJP2,Completed,2026-03-06,1
1134,60,932,Z63DOZZNIJZKXBZMP,Scheduled,2025-12-06,4
1135,12,608,PUWYMEQHMWVOXUNCU,Scheduled,2026-02-18,1
1136,30,1371,K2631CQKJ2G2BT8WW,Completed,2026-03-27,1
1137,105,1647,GGJWMPFHUPG18HXF8,Scheduled,2025-12-31,3
1138,81,1228,WBA5A5C51FD890123,Completed,2025-01-11,2
1139,153,1679,XPT2IL3DG6IQC2T8Q,Completed,2025-05-06,4
1140,99,205,M4LQ82LX5X9L5RHTM,Scheduled,2025-09-22,2
1141,135,1094,07IBI8DVG6CM5L0W2,Completed,2025-04-02,2
1142,63,1228,WBA5A5C51FD890123,Completed,2026-01-29,1
1143,174,1226,3ZIC6FUU3PSQY4101,Completed,2026-02-28,2
1144,198,408,CUHYCOO09YB5SN6YO,Completed,2026-03-08,4
1145,99,1230,4SMRMWWAMER55NOJX,Completed,2025-03-26,2
1146,150,1965,JUPYUTRIK60XF63GS,Completed,2026-03-20,1
1147,111,1095,643EQPAOVKDXK32L3,Completed,2025-08-07,3
1148,33,168,9KWZJT0JY62N558Z0,Completed,2025-05-09,4
1149,195,165,UTRIBWMIMTF9IQTKO,Completed,2025-05-01,1
1150,60,995,8WQG3OS2N65SFN064,Scheduled,2025-11-24,4
1151,42,1744,L79CLJ00EXAPBO7MT,Scheduled,2025-08-14,1
1152,114,1617,E5EWYU7ZAPRR5K0CY,Completed,2025-06-18,1
1153,183,1579,XDUWOMFS0W9F45LRT,Completed,2026-02-11,4
1154,126,1613,VZY37J4PK7UO1CORK,Scheduled,2025-01-10,1
1155,138,1514,763NOWMFWGB9S2047,Completed,2026-02-07,2
1156,90,193,QHFK4U400E3RLAW9R,Completed,2025-03-31,3
1157,84,1766,P72R99VREOHTQ5Z5J,Completed,2026-04-03,3
1158,54,1477,3V6LIDULP2I2DILWK,Completed,2025-08-06,2
1159,21,1849,E1I6CCTGN69YF78YY,Cancelled,2025-06-22,1
1160,54,428,NHUXDE1S93BAQKC5X,Completed,2025-07-26,2
1161,156,9,PJFI532AXRV8QW5JI,Completed,2025-05-18,3
1162,132,763,YTXTQPFN96CVVEVVS,Completed,2025-10-22,2
1163,9,727,RF1HYAJOH0H0J5TSI,Completed,2025-10-19,3
1164,105,643,6QMQ8LAM7SQ3ZNX7J,Scheduled,2025-07-24,3
1165,87,192,RNQA880662ATYSK7Z,Completed,2025-03-08,3
1166,18,1323,CGPVOEVAWCQDHDY0E,Completed,2025-09-02,4
1167,69,1120,RYVZ2TI7HLHSB09DV,Completed,2025-01-18,1
1168,54,613,HL8RFOQ1YWUNV6V1Q,Completed,2025-03-19,2
1169,159,1440,SN7FD1DP58A6ODED3,Completed,2026-03-15,1
1170,3,903,260WJD7K4RBOXNJRF,Completed,2025-10-25,1
1171,54,990,D7GMXBZ18VEQNBNT3,Completed,2025-03-28,2
1172,54,1323,R2SN7XRX4AH1PIPMV,Scheduled,2026-04-09,2
1173,198,103,JHC3PQMDKBUGNCK2P,Completed,2025-08-20,4
1174,141,254,DV5077E8HDCMPAFIE,Completed,2025-03-19,3
1175,18,897,LQAHZDA9Q1UOITA2H,Completed,2025-11-15,4
1176,60,948,JI9CUIG655H07M12E,Scheduled,2025-03-06,4
1177,57,1423,LBNRR0EON0TFHJ9N7,Completed,2025-09-01,1
1178,126,1557,D7DVFFZ48XB40FYZU,Completed,2025-03-09,1
1179,54,1170,ULWV5CWB4NAM3F9TB,Completed,2025-03-07,2
1180,177,1200,JCLZ6ONP0WNCO616H,Scheduled,2026-01-26,2
1181,84,1432,F4CYY8YSZPL4TP2VA,Completed,2025-11-15,3
1182,69,799,JHBIH6ZRB8MCRCZ9G,Completed,2026-01-23,1
1183,93,819,LNKK6HL0SQQX3TV64,Completed,2026-02-27,3
1184,63,1304,MACMH0B29KNM66TTT,Scheduled,2025-07-30,1
1185,60,358,GM70E1Y12DNKF1HID,Completed,2025-10-11,4
1186,156,760,AUAPNCHJDVSZNWXYR,Completed,2025-03-17,3
1187,24,1084,60FV83WB6D9ALE7MA,Completed,2026-01-04,2
1188,9,1213,XBZLAPHC0EF3TAJB0,Completed,2026-02-04,3
1189,135,18,T0TG90EEUBZXUP8SX,Completed,2025-01-25,2
1190,120,1020,4I8IPJ5MRGGWK64HF,Completed,2025-08-05,3
1191,72,94,8PM8H9ATYEVP9J1CL,Completed,2025-07-29,1
1192,69,1930,HMAVGFJFUV103HSHY,Completed,2026-03-19,1
1193,57,1862,FQ2LLO9VO8QQF50TD,Completed,2026-02-14,1
1194,24,235,A2MZI034QR9JK16P4,Scheduled,2025-10-06,2
1195,36,1844,ATY7BV992C0HWUZW7,Completed,2025-01-24,2
1196,99,709,MLRIHZQKILLG00R9V,Completed,2026-03-08,2
1197,72,1966,6A6HFX3Y515DRO24P,Completed,2025-08-29,1
1198,63,1879,4F39XF68EWBF2RIIC,Completed,2026-03-16,1
1199,6,837,MKOI2X2DZHAEVA9EJ,Scheduled,2025-07-03,2
1200,27,972,Z7ZB1P61W40XAZFNL,Completed,2026-01-30,2
1201,66,444,FJ6UV9AGB8WZWO7M3,Cancelled,2025-01-29,2
1202,48,471,6GFE77VUC61DS49QI,Completed,2025-12-15,1
1203,102,1598,EDLGIL5EH2NVFLTOE,Scheduled,2026-03-07,3
1204,72,656,QVER1U8SWJ2C4PYJT,Completed,2025-04-09,1
1205,93,1329,C1AV7LT1CV4O5LQ71,Completed,2025-06-25,3
1206,105,1100,6Y856AHBMPFVJIGVH,Completed,2026-04-05,3
1207,198,597,D4TN4XW2JDXZ84N1S,Completed,2025-12-01,4
1208,90,712,X9ESBLV7YDDK2ECRM,Completed,2025-12-03,3
1209,144,425,8B3Y9SURR429JB3IR,Scheduled,2025-06-05,4
1210,36,558,M7AJ7XI8L80ZH76JB,Scheduled,2026-01-29,2
1211,30,383,KIP00QFFZ68EF7H4R,Completed,2025-10-30,1
1212,183,569,FEKTKNSP54WD8CYQU,Completed,2025-04-26,4
1213,24,197,AAQ1PXKX6Q29C3GT9,Cancelled,2026-01-02,2
1214,183,541,2F3DJ0UF1MXYSP8AG,Scheduled,2025-10-10,4
1215,42,1650,9G6V1MF8SVYG61YW0,Completed,2025-07-05,1
1216,183,1656,X4ZGN4BZ5QVLMEFUN,Completed,2025-02-12,4
1217,84,610,H4QL5859M2AU9U6NN,Scheduled,2025-09-07,3
1218,165,903,260WJD7K4RBOXNJRF,Completed,2025-10-05,4
1219,9,631,U2EPHI8EPW1GOQ0PF,Completed,2025-02-10,3
1220,162,1229,TDSGK6DN63C5471CE,Scheduled,2025-07-12,2
1221,87,560,41DSAY59UZHIORT30,Completed,2025-01-14,3
1222,78,1898,6RMOL8BBKTS1OUQ79,Completed,2025-12-01,4
1223,195,417,3NWR577PO69L1PM3O,Cancelled,2026-04-05,1
1224,24,805,63R4RTQY587UP7W0J,Completed,2025-02-11,2
1225,84,1480,GT5QPQK1NKMUGGHOU,Completed,2026-01-01,3
1226,114,92,BRRW5LL22BQXECFRW,Completed,2025-02-25,1
1227,111,1124,9WSELW1S0SOQFKNQ2,Scheduled,2025-11-19,3
1228,87,944,OB46JVK57OFEYCDYX,Completed,2025-05-25,3
1229,33,1371,K2631CQKJ2G2BT8WW,Completed,2026-02-15,4
1230,159,1404,XFLU878DK0QYGBTQN,Cancelled,2025-06-20,1
1231,156,1049,AR8XJXDE2Z65PYPNL,Scheduled,2025-09-19,3
1232,39,621,BYY4W6BA9RP6KJ3DF,Completed,2026-03-10,3
1233,45,1332,63TDOL51B5ETT7TR7,Completed,2025-06-18,2
1234,144,804,MIHC7WHYE5H9CJ71Q,Completed,2025-09-23,4
1235,6,1014,J8P5O408IHNO46TBJ,Completed,2025-03-16,2
1236,192,49,VOUMGGH3KZO5HR6PW,Completed,2025-09-10,2
1237,60,836,QB0K495DI51UE38PN,Completed,2025-03-10,4
1238,186,1555,Y32LA5A5SDZU7XZZW,Completed,2025-05-01,1
1239,198,1170,RWGGSA37RJD7HUDB4,Scheduled,2025-06-03,4
1240,57,1965,BLSPBDVRNAENRC1NN,Completed,2026-02-15,1
1241,177,335,AZ5CHG3FS95W67Y6T,Scheduled,2025-01-24,2
1242,192,230,8SK1JFMN62YBZCQ9O,Completed,2026-02-01,2
1243,66,1311,N480WRU0V9VT3FH4O,Completed,2025-04-06,2
1244,150,1046,4LOVX8CSVGVEU768T,Cancelled,2025-07-05,1
1245,33,377,LA4LH8Q0ZNJP4WLMU,Completed,2025-03-23,4
1246,42,1690,0TQJ68M523V5HBZA4,Scheduled,2025-07-26,1
1247,195,6,3GNAXUEV0KS501234,Completed,2026-03-17,1
1248,60,1782,6ZDOK9SECP16RHZHX,Completed,2025-09-05,4
1249,30,869,JP7J7JB29VM0DW8EP,Completed,2025-02-22,1
1250,9,103,JHC3PQMDKBUGNCK2P,Scheduled,2025-07-06,3
1251,198,599,61D845K2A9RM4HAU0,Completed,2025-09-06,4
1252,30,1847,24S22ZV9OGK224L32,Completed,2025-05-13,1
1253,165,1024,VOIEQMFYNTRF92EOZ,Scheduled,2025-06-10,4
1254,111,566,KCXVSOSYYILFGWXNM,Completed,2026-02-09,3
1255,147,1906,ZLW6EBVJ9WMCOPPRY,Completed,2025-10-09,3
1256,81,1938,HUXWS1OAM7FKTLTOB,Completed,2025-09-04,2
1257,147,270,5I04UOTCK3HDHU8YK,Cancelled,2025-10-04,3
1258,174,325,GXBYP8KN5QMTWMZRA,Completed,2025-08-10,2
1259,39,1161,SPPS1GC8XPVFHE7ZC,Completed,2025-06-11,3
1260,156,759,QAX3XS6Z7GTC7UY43,Completed,2025-03-11,3
1261,42,1251,BF53C6OIAA9P73DMU,Completed,2026-03-06,1
1262,147,1767,F4DW356LQV203KO8M,Completed,2025-06-14,3
1263,177,1174,MQPR67JU0N08MHAH1,Completed,2025-08-19,2
1264,135,314,RSFE78M5J05RYMN2V,Cancelled,2025-05-13,2
1265,72,1754,P7PFB8K5BOPQOTCC6,Scheduled,2025-01-30,1
1266,183,1257,6GKIDUQCLIYL5GLX2,Completed,2025-01-30,4
1267,126,266,PJNNRW6XKWFH7ELE6,Scheduled,2025-06-20,1
1268,15,1430,1P4ICK6G41RMDAZCF,Scheduled,2026-03-06,4
1269,24,578,8GFYWTG0BNR8E7T1F,Completed,2025-10-15,2
1270,66,208,1ASB50P70YOKSP7QR,Scheduled,2026-01-04,2
1271,165,808,LC9EZ0WP7SB9W4AK1,Completed,2026-02-22,4
1272,48,34,9M6MW7GBFGJE8IU4R,Completed,2026-01-04,1
1273,174,193,QHFK4U400E3RLAW9R,Completed,2025-12-31,2
1274,33,1919,5P4Q9SZTSWOMQJU4N,Completed,2025-04-19,4
1275,138,71,KUA6IDIYGIMAKECPX,Completed,2025-11-02,2
1276,177,1778,0LNTNWDT7QQY8VEKE,Cancelled,2025-11-25,2
1277,96,1888,O3TI6ZE6QARFHO2IO,Completed,2025-06-09,2
1278,99,1432,26QUF6WA4X6HI97UM,Completed,2025-01-11,2
1279,138,1838,0VGMHSASHD1M1PQK4,Completed,2026-01-16,2
1280,126,466,RROS032E83G9GM0E7,Completed,2025-04-28,1
1281,177,1421,4KNM5SMLQ1YL77JGJ,Cancelled,2025-04-14,2
1282,102,196,MT4CPRA5LUAPRA204,Completed,2026-03-07,3
1283,27,669,YK367D3FWPH662C79,Scheduled,2025-01-20,2
1284,21,377,LA4LH8Q0ZNJP4WLMU,Completed,2025-06-12,1
1285,183,1316,W844X8LNXNX9YAS78,Completed,2025-08-17,4
1286,51,208,1ASB50P70YOKSP7QR,Completed,2025-04-02,2
1287,66,1952,H9JSPM4FHGYZEWTJA,Completed,2025-05-09,2
1288,102,74,MACIDVL2UIM60OSVZ,Completed,2025-11-05,3
1289,30,1176,62TOT0DRC51XKQF25,Completed,2025-07-19,1
1290,192,969,0IMKNYG3YGC6W8R0G,Completed,2025-01-10,2
1291,117,552,IGYR40VPNUE4SMUNY,Completed,2025-06-30,4
1292,117,830,BRWQG3RJEZMNKA4NY,Scheduled,2025-08-28,4
1293,90,377,LA4LH8Q0ZNJP4WLMU,Completed,2025-11-09,3
1294,171,1100,6Y856AHBMPFVJIGVH,Completed,2026-03-27,2
1295,174,270,VKW1PSTFYJI15T6IE,Completed,2025-04-30,2
1296,81,94,ECW1W8CEPY4V2GYDV,Completed,2025-09-10,2
1297,120,505,S35H633U7LAXLM3XX,Scheduled,2025-11-25,3
1298,144,1559,GEMJG12N5YWL1J06F,Completed,2026-02-14,4
1299,36,504,88FKIRXIQA0SSK0O5,Completed,2025-02-13,2
1300,153,266,PJNNRW6XKWFH7ELE6,Completed,2025-05-26,4
1301,54,1073,5FDMNUMLK16JXO845,Completed,2025-03-09,2
1302,18,846,LNQUTSBKS765C892X,Completed,2025-06-22,4
1303,144,487,GHLFQEPKMJDH6CV0T,Scheduled,2025-12-04,4
1304,165,85,7SKY8HRS59G7IU482,Cancelled,2026-04-08,4
1305,141,739,IQJK8SG7DUGDGS13X,Scheduled,2026-02-13,3
1306,123,898,P6V0W0FYARDOH9FLG,Cancelled,2025-06-01,4
1307,36,1776,MR3CFRQ1BBPIVWX97,Completed,2025-08-17,2
1308,72,917,BUJQCKHPWH18YK755,Completed,2025-08-02,1
1309,36,770,BFFCVFCMLH4FW5LRJ,Completed,2025-11-04,2
1310,27,543,ZEZLPM6MFCHNJEGWU,Scheduled,2025-10-26,2
1311,45,1311,N480WRU0V9VT3FH4O,Scheduled,2025-04-06,2
1312,15,1441,2AUFN7ZUD7T61Z4DT,Scheduled,2025-08-08,4
1313,84,628,GTL3RW2TGB8K3IWKZ,Completed,2025-09-13,3
1314,147,1476,0UGLP2VT4B24A5O34,Completed,2025-07-08,3
1315,123,732,FZC8NZ78FY7CWBFU0,Completed,2025-02-25,4
1316,183,298,DPAWAX25KWZFUU526,Completed,2026-01-28,4
1317,162,487,GHLFQEPKMJDH6CV0T,Completed,2025-03-24,2
1318,96,48,601RIBMHSUDB66UWL,Scheduled,2025-03-06,2
1319,141,732,FZC8NZ78FY7CWBFU0,Scheduled,2025-10-10,3
1320,195,1517,51H4XSJU3LYQG8B5D,Scheduled,2025-10-23,1
1321,36,1527,5S7IFK3M3KUHXZZ48,Scheduled,2025-10-09,2
1322,123,247,GG25TY1YS51SUACJ7,Completed,2025-05-01,4
1323,129,203,I6K19LZD5NZZI4OG5,Completed,2025-04-25,1
1324,99,415,3TAI2SCU8YNPZ1SQZ,Cancelled,2025-09-29,2
1325,108,460,UQWTJA93V06PE8VS1,Completed,2025-08-29,1
1326,183,1833,HRL3PAYTDLWAV2NU4,Completed,2026-01-17,4
1327,87,1019,ONNKPFM5RMDCGQ5YN,Scheduled,2025-06-25,3
1328,123,1928,KQ9W2RRZA2V86AB2C,Scheduled,2025-05-31,4
1329,12,1360,PYGHC9BRSVC5EWWWN,Completed,2025-03-17,1
1330,9,1340,BCI1VN4MDZY5691F2,Cancelled,2026-04-10,3
1331,90,281,5MS6XQFRYR88EAI0R,Completed,2025-09-21,3
1332,96,794,JBVICW4U2QAVWL1QH,Scheduled,2025-02-26,2
1333,75,461,O7NBH101X95GV3I9T,Completed,2025-10-06,3
1334,21,1161,5SPPJ0XSB97U8CAV8,Completed,2025-04-22,1
1335,186,709,MLRIHZQKILLG00R9V,Completed,2025-03-04,1
1336,30,712,X9ESBLV7YDDK2ECRM,Completed,2025-05-21,1
1337,45,697,BN93WRIJ7WZ10ZC7H,Completed,2025-06-17,2
1338,126,1676,K9H0O1N5PONE55642,Completed,2025-05-27,1
1339,30,449,ZWUXK68Z10E0W99AU,Completed,2025-01-11,1
1340,36,1095,643EQPAOVKDXK32L3,Completed,2025-07-06,2
1341,183,1127,K6PK3INI25EV9IL2I,Completed,2025-05-04,4
1342,171,1633,BKJYYRUXCGZMRUIHJ,Completed,2025-12-16,2
1343,138,48,075WSVEZSEBAM5PP9,Completed,2026-03-03,2
1344,21,1328,P76FM7QODPQW0NKV7,Completed,2026-01-05,1
1345,105,740,XKG512EB97H1RN9GT,Completed,2025-07-23,3
1346,60,1893,TJ39G3OHJ66ZONES0,Completed,2025-08-30,4
1347,6,9,AD0Q5XVRRUVZQ6CKE,Completed,2025-04-11,2
1348,63,1332,63TDOL51B5ETT7TR7,Completed,2025-06-07,1
1349,195,1802,3QNC5GH5X2OF7MQP6,Completed,2025-12-02,1
1350,168,307,6YWW0M23MQNA4Z8K2,Completed,2025-07-16,1
1351,69,470,F6SRE5LYNI3NHNSHR,Completed,2026-01-21,1
1352,168,75,SC8V72YUC9T9UWEZL,Completed,2025-09-21,1
1353,33,1831,4WFDUSKDDR8PZ6ZPR,Scheduled,2025-10-30,4
1354,138,49,2FJ00ZS1GRRKECT5U,Completed,2025-01-27,2
1355,99,1392,6GU9AVNJWC7SVN12J,Scheduled,2025-01-14,2
1356,99,636,2X0TLVURQVXDU8G0G,Completed,2025-10-17,2
1357,15,129,LKHVYQ9B4JMW4B6RX,Cancelled,2026-03-02,4
1358,186,1953,HNWFMH2E93KUVUU79,Completed,2025-09-02,1
1359,9,397,Q5T474KJ0BU82XSV7,Completed,2025-11-16,3
1360,81,88,YAHAONOMGC0HVMKLM,Scheduled,2025-05-15,2
1361,177,1831,JRSU3CYXV8W8214QH,Completed,2025-10-02,2
1362,63,523,4PXF7Q5M4H1865P5T,Scheduled,2025-01-26,1
1363,63,1193,ICER29U5P7NI8RT75,Scheduled,2025-05-06,1
1364,93,504,8LDTK2XIT3PTLOCX8,Completed,2026-03-04,3
1365,150,1040,47AJBP7964Y458EZI,Cancelled,2025-07-15,1
1366,183,827,RDGXG2H9CY90ZBZ9E,Completed,2026-02-14,4
1367,36,1208,CYDHGKN7F429YGBR9,Scheduled,2025-02-22,2
1368,42,1456,WOCJ7M49STWI3V4TW,Completed,2026-01-09,1
1369,165,359,8YA0MKRZO9MVZP3YE,Completed,2025-10-02,4
1370,18,1684,48XEMA6JZNRFDMOCG,Completed,2025-10-08,4
1371,3,694,R7QQ5UTPIE7U17A6I,Scheduled,2025-07-11,1
1372,105,1590,YDNQU28P20CUTQTXS,Completed,2025-03-02,3
1373,111,635,ZUGU4SEF0DPZZ9AFM,Completed,2025-06-04,3
1374,171,1470,HJZD0XIKW8S31JRCU,Completed,2025-09-06,2
1375,120,1636,J182Y2AM2M1D3CMGS,Cancelled,2025-05-14,3
1376,171,306,YUMWVDNI6W0EUA86J,Scheduled,2025-04-20,2
1377,24,1202,2BMF6I1IECN6OUCRK,Completed,2025-02-03,2
1378,39,578,5TVK2DIQTYDR8ZIYU,Completed,2025-07-26,3
1379,72,509,M1V9WGF8CZN5UA4FS,Scheduled,2025-07-16,1
1380,108,625,ODSJQEU7X0U9477ZZ,Cancelled,2026-04-07,1
1381,150,247,AO966Y05W749W70AQ,Completed,2025-10-20,1
1382,21,770,T8ND5SZAM59JJ5W5J,Completed,2025-03-14,1
1383,126,1323,CGPVOEVAWCQDHDY0E,Completed,2025-05-28,1
1384,30,184,AGLK64913EHYTDRGY,Completed,2025-12-23,1
1385,51,149,PFYRIUOVCJCWZZKYQ,Completed,2025-12-23,2
1386,168,1708,306WPUF8TQN8CHTBP,Completed,2025-03-08,1
1387,174,1780,8NVJQ71BR9GMB1NXN,Cancelled,2025-02-03,2
1388,156,1876,1QN4Q7ZNXEOMRQXXI,Completed,2025-02-23,3
1389,189,1288,WZ26YB0WD7CS5UGT9,Scheduled,2025-12-07,2
1390,87,1598,JYX5RPSN5N1ZKQPWZ,Completed,2025-05-18,3
1391,6,1036,TTXRPVGI4J8Z5MFWW,Completed,2025-09-17,2
1392,27,1593,5TGZ5DU9TEYF8KHEA,Cancelled,2025-11-10,2
1393,69,498,0T07Z7CFA3J90TEPD,Scheduled,2026-03-09,1
1394,24,1759,HAAHUFPF2BIO474F9,Scheduled,2025-06-04,2
1395,159,1907,J0SEJX7OOTCSCCIFT,Completed,2025-09-05,1
1396,96,360,4MATL63TQWN7LM0AM,Completed,2025-04-20,2
1397,180,496,XU509N3KONCJI5YZ6,Completed,2026-02-04,3
1398,93,247,AO966Y05W749W70AQ,Completed,2025-06-26,3
1399,111,172,RO43QQXJY5O5GU1ZF,Completed,2025-02-23,3
1400,75,1289,T2ST460QKNWIHL38B,Completed,2025-03-17,3
1401,18,602,JTEE9B3U1B90IPV9G,Completed,2025-03-01,4
1402,165,1069,442VIPSU42QGFBVO9,Completed,2025-12-17,4
1403,153,1913,296GW7MDT0RV4V26N,Completed,2025-07-06,4
1404,144,106,1G1S6GPXZ27CSB45B,Completed,2025-11-28,4
1405,36,1371,683PJ1SWOJCNJ8DI8,Completed,2025-03-17,2
1406,81,1100,6Y856AHBMPFVJIGVH,Completed,2026-02-22,2
1407,108,1284,YLT62DB4DINMC4M4I,Cancelled,2025-02-24,1
1408,174,1742,O39UA2JK6XHAWSNF5,Completed,2026-04-04,2
1409,21,935,O1O2N1QYNEMUZRG2U,Scheduled,2025-01-27,1
1410,63,1848,9SX5PNJ6OISJBNCP3,Completed,2026-02-09,1
1411,90,1382,UZ3FC76QXB0X3NFMR,Scheduled,2026-02-12,3
1412,15,1985,QMNN2H6MYNLTHT00I,Completed,2025-08-31,4
1413,87,572,WNH521X7CM4B2SJPS,Completed,2026-02-09,3
1414,123,812,3L7YN021J5GYIA92P,Completed,2025-03-13,4
1415,48,833,MEO5P6QNAT5UV2GR3,Scheduled,2025-12-02,1
1416,21,1507,6GIXQQOJPRANCBUCW,Completed,2025-06-13,1
1417,27,1952,H9JSPM4FHGYZEWTJA,Completed,2025-06-10,2
1418,24,309,02115A2D1EM23802T,Completed,2025-12-29,2
1419,171,1601,Z98YPZQOLYL87VP0A,Completed,2025-02-04,2
1420,165,1635,8JL153HUBLI6ZN814,Completed,2025-03-07,4
1421,102,871,PA8HTKG4NIQR7BA4O,Completed,2025-08-27,3
1422,93,842,5UGCKRK4UKNJGITGV,Completed,2025-10-21,3
1423,87,1304,DQRGV8656LJRRBR46,Completed,2025-04-09,3
1424,87,110,GK7GQIJANB56I880B,Completed,2025-05-19,3
1425,15,280,KIYNZKL64KIW8EBG7,Scheduled,2025-06-19,4
1426,81,871,PA8HTKG4NIQR7BA4O,Completed,2025-12-07,2
1427,171,584,LDC70YBSSSNBVMIWK,Cancelled,2025-05-18,2
1428,165,1407,F4II1CR31G3V6BHRT,Completed,2025-03-12,4
1429,162,1293,0C1Q2UDF7KH213PW0,Scheduled,2026-02-10,2
1430,36,97,HY5NAVXSB2TRKVHP7,Completed,2025-05-01,2
1431,48,579,3P7Z3HBKY1HE4EVXT,Completed,2026-03-28,1
1432,135,1708,16ISJ1BHHX8R63QDJ,Completed,2025-05-05,2
1433,150,1318,HYCBG53HACCVS0EBK,Completed,2025-10-20,1
1434,99,1435,HXWCTXOQY9O7B8E8G,Scheduled,2025-12-12,2
1435,177,1528,N8SWP0PJD3FKVALW9,Scheduled,2025-01-23,2
1436,126,740,XKG512EB97H1RN9GT,Completed,2025-12-05,1
1437,180,1852,S8SNMRPVJHG0WQP3M,Completed,2025-11-24,3
1438,45,1089,P20XQR3QUB7YRLC2M,Scheduled,2025-11-14,2
1439,138,306,F4JHSDT9EJMNIFP7D,Completed,2025-12-22,2
1440,135,1501,MKFXPD6M85I4UV4J2,Completed,2025-04-28,2
1441,21,1476,0UGLP2VT4B24A5O34,Completed,2026-01-22,1
1442,45,360,4MATL63TQWN7LM0AM,Scheduled,2025-06-13,2
1443,63,1425,GSF6OCZK2XL38V8J4,Completed,2025-05-05,1
1444,108,1555,VFLM2J8DPVW10UWBO,Completed,2025-12-22,1
1445,165,1020,TO61QSRQ0AZA56NS3,Completed,2025-02-19,4
1446,18,861,SJE8MTL2Y73VPFNF9,Completed,2025-05-28,4
1447,33,743,1446BJ94XSBUT1IX8,Completed,2025-09-11,4
1448,123,205,GPUWH0DVFYMRPVI16,Completed,2025-02-04,4
1449,9,1651,8RRLUV1EB5O7QI0LS,Completed,2025-10-21,3
1450,183,1042,YFFK0PTO5CPLSS3X5,Cancelled,2025-03-25,4
1451,186,184,AGLK64913EHYTDRGY,Scheduled,2025-03-05,1
1452,183,827,S8QLWR5T7R3ROIAQ0,Completed,2025-10-10,4
1453,162,1393,PWVS5D4NARSAD3DHP,Completed,2026-01-09,2
1454,171,1852,MQAGGE4UVDHGNAZ3K,Scheduled,2025-07-14,2
1455,120,185,EAY3PJB4R53E74FI9,Cancelled,2025-10-18,3
1456,159,1080,9DGKSWF1IHFLRZ1HJ,Scheduled,2025-10-11,1
1457,135,164,OF0E41GWMLK9MOM3G,Completed,2026-03-09,2
1458,33,1945,LXELJYCB0BYBUG9FK,Completed,2025-11-08,4
1459,126,1304,MACMH0B29KNM66TTT,Completed,2025-12-29,1
1460,48,1514,F3ZJO3HTWTJNVL1PC,Completed,2025-01-13,1
1461,114,484,6UTO7QOM99O1Q1B8A,Completed,2026-03-18,1
1462,192,251,EMT33YTYFBK6XKJ8H,Scheduled,2025-03-28,2
1463,186,481,Q78QS08RH9X3K01X1,Completed,2025-10-20,1
1464,105,1625,KM27E1ZJQ4VYK462P,Completed,2025-12-15,3
1465,9,192,DSGPTOIJ3KPYH8VDT,Completed,2026-02-25,3
1466,24,1588,ZDMHS95JXDKUHYST6,Completed,2026-01-15,2
1467,156,804,MIHC7WHYE5H9CJ71Q,Scheduled,2025-08-22,3
1468,162,736,KDK8SQFGZHWKNJNG3,Completed,2026-03-02,2
1469,156,470,8NWPO0N8Y2YK0YJNB,Completed,2026-03-11,3
1470,117,1843,PCFZBLGFYISA68WKM,Scheduled,2025-09-14,4
1471,9,1782,6ZDOK9SECP16RHZHX,Scheduled,2025-08-25,3
1472,24,1025,XMBF70B8XJ8T2RHZE,Completed,2025-03-14,2
1473,48,784,VTNFY69FNBLB1Y3BY,Scheduled,2025-01-27,1
1474,81,205,N1VSQ51UFZ5I8NQJO,Scheduled,2025-09-17,2
1475,21,1979,SS06JWNTFA8WV124B,Cancelled,2025-04-27,1
1476,123,1558,BCIGP3Y4ZAHF9GO5U,Completed,2026-03-20,4
1477,171,900,069IT87ANDR4DYXK3,Scheduled,2025-05-13,2
1478,45,1086,LZ27INA3EEI1SR4AU,Completed,2025-11-07,2
1479,36,1318,XQZHSYR49HPEOMJYB,Scheduled,2025-02-15,2
1480,114,842,5UGCKRK4UKNJGITGV,Completed,2025-01-28,1
1481,147,1269,PCPK2B5CFK58IYAU5,Cancelled,2025-10-26,3
1482,171,1018,P807V5CXF51GF8ZFL,Scheduled,2026-01-09,2
1483,135,1710,U5U6NDD7CY9678OL0,Completed,2025-02-12,2
1484,9,1440,SN7FD1DP58A6ODED3,Completed,2025-07-29,3
1485,21,457,XFHTZ0NVPM5WA82IO,Completed,2026-01-17,1
1486,153,1714,B4K4OY3MKKTNPPK3O,Scheduled,2025-07-02,4
1487,153,284,E343D5ZOI3YJHGF6E,Completed,2025-04-16,4
1488,150,586,0L9XTT7T8J6LHHN1I,Scheduled,2025-01-23,1
1489,171,1786,WCJXWM355TG8E4LGT,Cancelled,2025-10-26,2
1490,57,515,JRNGWENNMU0QF2VTO,Completed,2026-03-08,1
1491,12,584,LDC70YBSSSNBVMIWK,Completed,2025-04-13,1
1492,120,442,H4SMGKHPPFLVE9UB9,Completed,2025-05-05,3
1493,150,130,SDKOVQ6UB97KUIHOH,Completed,2026-01-14,1
1494,36,1208,PSZNJ7KBGQ1DFP4WN,Completed,2025-11-19,2
1495,150,368,J5TX81MP15R8K5SFW,Cancelled,2025-05-17,1
1496,9,365,RAXUMQGZJR6YHC8KS,Completed,2026-03-31,3
1497,57,496,XU509N3KONCJI5YZ6,Completed,2025-04-06,1
1498,30,303,ZIFFSUXLKEMH3KIVB,Cancelled,2025-06-09,1
1499,48,258,36C61W4H2G1BH4JQ6,Cancelled,2026-02-15,1
1500,141,1084,60FV83WB6D9ALE7MA,Completed,2025-08-25,3
1501,105,468,TUG09UVU26GPSR593,Completed,2025-10-24,3
1502,24,516,1NG243JH5ISREL302,Completed,2025-04-22,2
1503,132,1579,XDUWOMFS0W9F45LRT,Scheduled,2025-11-29,2
1504,18,1477,3V6LIDULP2I2DILWK,Completed,2025-08-22,4
1505,3,606,CXO5MFGHPO16FSLG1,Completed,2025-03-28,1
1506,108,1263,VDCBZB8E8DHZ83ISH,Scheduled,2025-04-08,1
1507,30,759,QAX3XS6Z7GTC7UY43,Completed,2025-02-15,1
1508,126,1360,JWGXAAO72ZRVDTBA6,Completed,2026-02-14,1
1509,42,1318,HYCBG53HACCVS0EBK,Scheduled,2026-02-24,1
1510,60,1230,4SMRMWWAMER55NOJX,Completed,2025-04-30,4
1511,174,1514,F3ZJO3HTWTJNVL1PC,Completed,2025-04-30,2
1512,144,370,AZSJ3FE6H0YO2AWJR,Scheduled,2026-03-01,4
1513,135,1019,ONNKPFM5RMDCGQ5YN,Completed,2025-02-03,2
1514,12,1953,XI81TJBGKCF7VAEOR,Completed,2025-06-24,1
1515,93,1678,BK05976V78RR4SOM9,Completed,2026-02-17,3
1516,51,170,3NVKGAS0KVDPOAU1S,Completed,2025-05-24,2
1517,6,1013,ECBI327XDU1N5AL32,Completed,2025-07-16,2
1518,96,1126,HJUTP1IO1XKR68X8E,Completed,2025-06-12,2
1519,36,1123,XAGATUO96T1VVRKZM,Scheduled,2025-01-17,2
1520,24,1336,TN5BA26W30J9JTXT4,Cancelled,2025-10-12,2
1521,72,1017,1GCUYDED1LZ445566,Scheduled,2025-08-01,1
1522,138,711,SLCH835DF01QNE5AR,Completed,2025-12-11,2
1523,48,1311,N480WRU0V9VT3FH4O,Completed,2025-10-22,1
1524,9,1228,WBA5A5C51FD890123,Completed,2025-11-16,3
1525,192,1164,BHDPENMWO7J9WMPK3,Completed,2026-02-04,2
1526,18,1289,T2ST460QKNWIHL38B,Completed,2025-08-30,4
1527,138,1542,9RPFSOL4AO3M9RZ4W,Completed,2025-09-10,2
1528,84,316,EZRQGAW7D3G7WB12V,Completed,2025-10-27,3
1529,114,754,QAVLV3B96IX5HTZQ5,Completed,2026-04-10,1
1530,141,1813,JD264KMFVHM2SU61Q,Completed,2025-05-24,3
1531,126,1844,ATY7BV992C0HWUZW7,Completed,2025-11-26,1
1532,129,806,TUWM7PHTZYBRGW4LZ,Cancelled,2025-12-01,1
1533,90,690,H2CSZXOT30VJ1FGCB,Cancelled,2025-12-08,3
1534,57,1432,26QUF6WA4X6HI97UM,Cancelled,2025-07-02,1
1535,21,986,MQDRJ6TMG7GM7ZX31,Completed,2025-04-23,1
1536,162,734,M76BXCKCNTU63LH9N,Completed,2025-05-01,2
1537,126,268,4DLOM0G3GO6611JJP,Scheduled,2025-10-16,1
1538,24,1561,SJXKLA1PFU9F4Y1FG,Completed,2026-02-20,2
1539,57,608,67IFU0E5FBD2QTTTJ,Completed,2025-08-02,1
1540,75,898,P6V0W0FYARDOH9FLG,Cancelled,2025-01-19,3
1541,138,692,HXXOEJHJ59KCRGZ3L,Completed,2025-07-16,2
1542,3,1768,KK84XB701PO1A7F7P,Scheduled,2025-08-02,1
1543,198,1733,8W92PUYP8BMS99HP5,Completed,2025-08-31,4
1544,63,133,DSAWLQR41IQPFVX7J,Completed,2025-02-14,1
1545,105,1318,XQZHSYR49HPEOMJYB,Completed,2026-03-16,3
1546,165,538,U1A33N32INKF8S0HW,Cancelled,2025-05-09,4
1547,162,13,0NO78BWLQFMLSHVBY,Completed,2026-03-08,2
1548,147,655,FG185JNRYSM1FXDY8,Scheduled,2025-05-02,3
1549,108,830,BRWQG3RJEZMNKA4NY,Completed,2026-03-17,1
1550,198,608,67IFU0E5FBD2QTTTJ,Scheduled,2025-09-12,4
1551,117,1762,TYRZWE4KZJ0C07BSV,Completed,2025-06-08,4
1552,81,1658,C55KUH25XMDXBJQRE,Completed,2025-12-02,2
1553,99,1654,NWC6H2CJL914V1P27,Completed,2025-08-13,2
1554,186,1540,DDSCVMG9SFOWMZ8GV,Completed,2025-11-20,1
1555,102,1628,K8B3470TZ4WJ0W310,Completed,2025-06-27,3
1556,78,216,VBR1OUHQQST70GH03,Completed,2026-02-12,4
1557,93,270,NC5PL5QSUUS8AHBO7,Cancelled,2025-03-27,3
1558,3,682,V7PDBNII5DBYAOL49,Scheduled,2025-10-03,1
1559,129,1617,HSWNUAOYO5D3HG90T,Completed,2025-04-03,1
1560,69,601,FN6NKC81OS3PEKRST,Completed,2026-03-30,1
1561,63,926,7L44E0TIMUMUVMF14,Completed,2025-09-02,1
1562,123,1160,1OZNM8NGX7AIBIDF9,Completed,2025-03-29,4
1563,45,1269,9BFO58JR9M74N36WC,Completed,2025-07-27,2
1564,30,1176,Q7GW315J8RLE417MR,Completed,2025-10-01,1
1565,120,1245,NRH02T86ULAZ805AI,Completed,2025-05-09,3
1566,141,179,6BN3I0MKZRYL2MEHT,Cancelled,2025-09-29,3
1567,183,601,ABNWYNESMJAF85DUQ,Completed,2025-02-12,4
1568,132,1973,HIAM279YNXDFESRTK,Completed,2025-10-13,2
1569,60,89,CJESO2IRHHEQNEEZF,Completed,2025-06-03,4
1570,180,713,EYO5NPD2DP7WFV9L3,Cancelled,2025-07-08,3
1571,48,594,IALDCGJ71U4WSQMCQ,Completed,2025-11-02,1
1572,78,877,KV73H807E8LN97HFD,Completed,2025-07-17,4
1573,165,816,EEFSAJMOQL5EN2BI3,Completed,2025-06-25,4
1574,174,948,TZNYG5K2WLBU19RYG,Completed,2025-02-24,2
1575,96,1042,YFFK0PTO5CPLSS3X5,Completed,2026-01-11,2
1576,36,1406,3NYZVI06J8ZN1IXSX,Completed,2025-12-04,2
1577,195,1601,4PZ69P4PUIIBYI9WY,Completed,2025-11-04,1
1578,96,64,V4PH0ZWMH4D19CZBR,Scheduled,2025-12-05,2
1579,162,179,6BN3I0MKZRYL2MEHT,Completed,2025-03-28,2
1580,81,406,GSJDL5JUDUXPJU510,Completed,2025-01-19,2
1581,144,110,KHNZFQX847JSQHZKL,Completed,2025-06-04,4
1582,165,297,VVES6AWPGEKOR2F3R,Completed,2025-02-23,4
1583,198,1020,4I8IPJ5MRGGWK64HF,Completed,2025-08-28,4
1584,96,1799,9IG3ODRKTYF9JPFFS,Scheduled,2025-10-29,2
1585,120,327,OA9O2Y9FXH3B9HYFC,Completed,2026-02-12,3
1586,138,561,IUQHRIY3452V438HV,Cancelled,2025-09-16,2
1587,15,902,SCENGX1GTBB2MEBN0,Completed,2025-11-24,4
1588,174,1441,WSP5EFIPLHMKVD7JL,Scheduled,2026-04-08,2
1589,120,660,S4SJM3TFZWFV5O7SY,Completed,2025-08-17,3
1590,90,1219,F2KGY6YG7JZDMGSUH,Completed,2025-07-12,3
1591,153,1928,KQ9W2RRZA2V86AB2C,Completed,2025-11-11,4
1592,126,364,4IRB4NQ87CE1F46UN,Completed,2025-11-02,1
1593,114,473,Q4A0EXKKN1DAGN58O,Completed,2026-01-08,1
1594,120,791,MBP365W3GZEBFYC9N,Completed,2025-03-19,3
1595,183,1230,SCTRZK74A8FH5FMF6,Cancelled,2025-12-13,4
1596,192,1174,MQPR67JU0N08MHAH1,Completed,2025-06-11,2
1597,147,845,G4QRIYH6BPBFJVN0R,Completed,2025-12-16,3
1598,36,558,6H7W3HKSUETL7T8P0,Scheduled,2025-12-18,2
1599,66,1793,8DKA98KYVCINZ4EUI,Completed,2025-04-22,2
1600,93,1286,8Y5Y6TB6IC0BLBRNG,Completed,2026-03-07,3
1601,30,678,MIPRDXVNL2CFJVJQG,Cancelled,2025-07-15,1
1602,54,1700,JQA106K6YJSG0H6H0,Completed,2026-04-06,2
1603,189,75,HK85XQ3WCAL1FZPD7,Scheduled,2026-03-27,2
1604,117,581,H8HRF9XRSIB1DRMR1,Completed,2025-02-11,4
1605,102,1726,FXWZ1I6SJV5NNPM9K,Completed,2025-09-21,3
1606,147,1072,O6F4ZTPKTK7756K2M,Completed,2025-05-09,3
1607,120,1664,TE11M7HIC7IK1DH78,Scheduled,2026-02-17,3
1608,168,445,X2ZRWIZXAAZS4WKQY,Completed,2025-07-01,1
1609,45,1546,785LM7DAVEK9PFA9U,Completed,2025-10-24,2
1610,87,845,84QPY86GA8TG1BH7E,Scheduled,2025-04-25,3
1611,72,1328,97UY1GZ7JMW3B3ZHH,Completed,2025-01-12,1
1612,189,763,ZQD0XBINKR6BPX0NQ,Scheduled,2026-01-04,2
1613,90,1451,MB59UP3DHAU9N5ER2,Completed,2025-12-10,3
1614,21,1265,T7JA0KGY0MYKYWQQE,Completed,2026-02-05,1
1615,30,9,1G1YY22G455678901,Completed,2025-07-23,1
1616,141,94,ECW1W8CEPY4V2GYDV,Completed,2025-09-08,3
1617,126,1754,P7PFB8K5BOPQOTCC6,Completed,2026-03-14,1
1618,120,456,ARHHPQKI4795MB909,Completed,2025-03-23,3
1619,177,250,BVXFBMKMM9KKC1ZD2,Completed,2025-05-15,2
1620,177,1460,FFL484HGV0GO9HGAR,Completed,2026-02-14,2
1621,162,225,8NYASUWZZKJLCJK23,Completed,2025-10-26,2
1622,174,720,MUNAKQLLKN336ER8F,Scheduled,2026-03-19,2
1623,90,569,FEKTKNSP54WD8CYQU,Completed,2026-02-19,3
1624,135,29,01UHJTAMKEKP4QR0A,Completed,2025-04-09,2
1625,177,1984,XBB3CAGPKWTUGRZAZ,Completed,2025-02-06,2
1626,192,834,JYUY8Z4M1FMDVDB21,Completed,2025-01-31,2
1627,186,456,1B1W9E615AT1VMND7,Scheduled,2025-06-11,1
1628,150,1736,F2U0A19MJEPWRARKC,Completed,2025-07-17,1
1629,93,491,TLSMX38W8JU5FQVFB,Cancelled,2025-07-14,3
1630,183,720,DNQ9LNY24CDMBTB88,Completed,2025-01-31,4
1631,75,511,0YMKVQJ6VRNIF00RG,Completed,2025-06-01,3
1632,162,342,GGGY9WMMX7MSJOHUX,Completed,2025-09-18,2
1633,159,836,QB0K495DI51UE38PN,Completed,2025-12-06,1
1634,198,1043,W1YYTQY1JG4X7TDT7,Scheduled,2025-11-04,4
1635,72,720,DNQ9LNY24CDMBTB88,Completed,2025-06-01,1
1636,108,703,7V2X0GJ60PBP3SS7M,Cancelled,2025-01-30,1
1637,99,530,DHMMQZN7RS50LDN06,Cancelled,2025-12-14,2
1638,162,1123,XAGATUO96T1VVRKZM,Completed,2025-04-10,2
1639,33,1336,TN5BA26W30J9JTXT4,Completed,2025-10-01,4
1640,39,1123,VEAS0ITL12PD2Z1EK,Completed,2026-01-01,3
1641,198,1105,SQJN3T4CPTEPY03DF,Cancelled,2025-05-02,4
1642,9,566,WT742P9QS8HRC0BDK,Scheduled,2025-11-28,3
1643,126,56,1G5GI14GIEBPHX21M,Completed,2025-02-08,1
1644,138,686,A2EQL92LKXDDH3OA4,Scheduled,2026-01-26,2
1645,123,237,W1Q1VTNAWXJ91VCWD,Completed,2025-07-16,4
1646,198,1853,EBCN5S70G0B43PB4A,Completed,2026-02-25,4
1647,45,938,V8B91XWYWCUHXVLQE,Cancelled,2026-03-17,2
1648,156,1185,IHU6646S4UHU4TYBB,Completed,2025-09-25,3
1649,72,1481,I2K9SE4A46XQFVGZ4,Completed,2026-01-20,1
1650,42,1055,LUH22LTZNZZUSZBU8,Completed,2025-09-08,1
1651,147,484,DHRKGI684I5XBYIWR,Scheduled,2025-03-05,3
1652,126,608,PUWYMEQHMWVOXUNCU,Completed,2025-06-13,1
1653,132,805,TW1T10IKWX9R93WMP,Completed,2026-03-22,2
1654,186,1823,CH1C2U389M3TGZRX9,Completed,2025-06-08,1
1655,180,999,XAULXAQBC20A734DS,Completed,2025-08-17,3
1656,45,1844,ATY7BV992C0HWUZW7,Scheduled,2025-01-24,2
1657,15,1985,5MU2GL7DZHBM1C3HV,Completed,2026-03-19,4
1658,126,306,LZHCH413R8NAVRNHS,Completed,2025-06-21,1
1659,9,1704,DQ3UDH4WEHWX05OXJ,Completed,2026-03-14,3
1660,6,1598,EDLGIL5EH2NVFLTOE,Completed,2026-01-14,2
1661,72,928,LEBYN2RQFLMWA7X2H,Completed,2025-03-08,1
1662,33,1071,4VCPTK8ADWZFL30XS,Completed,2025-08-17,4
1663,195,1357,U68V80K7FEZBGOS8F,Completed,2025-03-26,1
1664,84,55,V0A6KJQCGFIG6RAJA,Completed,2026-03-15,3
1665,63,1116,ICQJUX816UAFWDQGE,Completed,2026-04-07,1
1666,183,1940,RLRFNDG4XNUPIT3B0,Cancelled,2025-07-08,4
1667,168,72,ZUZ8O13PWEHA5JWY6,Completed,2026-01-22,1
1668,150,360,4MATL63TQWN7LM0AM,Completed,2026-02-07,1
1669,84,1752,TVBSVF0MAET73PUE8,Scheduled,2025-08-20,3
1670,105,606,CXO5MFGHPO16FSLG1,Completed,2025-10-23,3
1671,45,1501,TN4IXLDI8987O0GPN,Completed,2026-03-06,2
1672,144,1066,9XV2ZW9N9QY5M6KMK,Completed,2026-03-13,4
1673,51,1451,MB59UP3DHAU9N5ER2,Scheduled,2025-08-12,2
1674,108,1506,UWA0Q7CMPXQ6VMV58,Completed,2025-02-25,1
1675,123,826,W5UL57QRK4T61NXRU,Completed,2025-09-16,4
1676,177,969,EKH08H3Z8ZAU23QJN,Completed,2025-10-27,2
1677,174,1951,URDQ53OT5PP9Y75WG,Completed,2025-09-16,2
1678,78,107,TA6KYJV4ZN63F5YHJ,Completed,2025-12-27,4
1679,138,1226,R8S6CPC0FMY69LK8B,Completed,2025-08-22,2
1680,183,22,PKSPINB01R31QXCAB,Completed,2025-04-20,4
1681,120,560,41DSAY59UZHIORT30,Completed,2025-11-11,3
1682,117,255,JZM0L602FXVQH8WAS,Completed,2025-11-13,4
1683,45,969,EKH08H3Z8ZAU23QJN,Completed,2025-05-01,2
1684,162,1036,TTXRPVGI4J8Z5MFWW,Completed,2026-01-31,2
1685,21,1030,G6GO8GV7FHG6CERJ0,Cancelled,2026-02-18,1
1686,114,1940,OWY3V1GDMV8WLQNJ5,Completed,2025-06-07,1
1687,45,1730,A27ZHW7LB2002YWHF,Completed,2025-11-15,2
1688,168,634,UE8G0TJ0WA2DENOF2,Scheduled,2025-04-22,1
1689,78,1548,H0E2EC99YGCDMPLEQ,Completed,2025-04-01,4
1690,72,920,8EQ8X0P9Y1B3JKIXD,Scheduled,2026-04-02,1
1691,171,1440,VVWOMJKMBYA2TLQFP,Completed,2025-10-09,2
1692,93,484,6UTO7QOM99O1Q1B8A,Scheduled,2025-12-11,3
1693,12,1692,3N67L4N8AAE734BVH,Completed,2025-05-06,1
1694,138,1115,9LOO5M33WQQ60FCVN,Completed,2026-01-29,2
1695,192,599,44S0MQGKVRDFUPSVL,Scheduled,2025-11-22,2
1696,51,579,U8LT39KGZSVUPY04L,Scheduled,2025-06-18,2
1697,123,1410,62H9F9GB3T0H46PV8,Completed,2025-02-01,4
1698,150,456,ARHHPQKI4795MB909,Completed,2026-02-28,1
1699,90,97,HY5NAVXSB2TRKVHP7,Completed,2025-10-21,3
1700,12,348,4517W5QVMXYMT7WXF,Completed,2025-03-17,1
1701,12,215,21BIFDOQ8TBLRH73R,Completed,2025-03-22,1
1702,81,834,2TE1YCBNQ12HKX477,Scheduled,2025-03-10,2
1703,111,973,VXD54ZT53OZWF7AB7,Completed,2025-01-28,3
1704,180,576,9VJS11HO42QQOHN1L,Completed,2025-10-16,3
1705,81,1736,F2U0A19MJEPWRARKC,Completed,2025-06-16,2
1706,108,754,QAVLV3B96IX5HTZQ5,Completed,2025-02-28,1
1707,3,206,XF2M2TAT9N336JEBT,Completed,2026-03-26,1
1708,198,1208,CYDHGKN7F429YGBR9,Scheduled,2025-06-12,4
1709,72,680,43WDM3E8F2HFTR2EG,Scheduled,2025-07-18,1
1710,195,1460,FFL484HGV0GO9HGAR,Completed,2025-03-22,1
1711,126,728,9JX2VJQSO4VA01AGT,Completed,2025-04-30,1
1712,39,1534,SQ6XB0KWD369ZMEDJ,Scheduled,2025-04-09,3
1713,39,1126,HJUTP1IO1XKR68X8E,Completed,2025-03-22,3
1714,3,1123,VEAS0ITL12PD2Z1EK,Completed,2026-03-19,1
1715,57,1374,VQQOOGM8C7O05VXU2,Completed,2025-03-07,1
1716,111,590,NATQTWRR2I8W7TF1K,Completed,2026-02-17,3
1717,135,479,IROR1MW2B5AUJGMER,Completed,2025-01-28,2
1718,87,1296,0US8NOCHCQGM3DY5B,Completed,2025-08-15,3
1719,141,379,RQNM1MD9FBK3TAX4F,Cancelled,2026-04-07,3
1720,63,205,GPUWH0DVFYMRPVI16,Scheduled,2025-02-15,1
1721,150,9,1G1YY22G455678901,Scheduled,2025-02-07,1
1722,93,445,X2ZRWIZXAAZS4WKQY,Completed,2025-11-17,3
1723,147,1679,XPT2IL3DG6IQC2T8Q,Completed,2025-08-23,3
1724,153,679,ZQQUXOE45UASC17RH,Completed,2026-03-28,4
1725,24,1973,HIAM279YNXDFESRTK,Scheduled,2025-12-06,2
1726,27,1043,CXV4YF4IM5GJEEX9H,Scheduled,2025-03-30,2
1727,141,713,EYO5NPD2DP7WFV9L3,Completed,2026-01-17,3
1728,168,767,BJR6U2EF92NH05ARH,Cancelled,2025-08-28,1
1729,42,741,J4F8AOYSSKTU72NF2,Completed,2025-05-25,1
1730,189,383,KIP00QFFZ68EF7H4R,Completed,2025-06-20,2
1731,63,952,JHD27FBPDVZT9AGO2,Completed,2025-11-29,1
1732,177,1601,Z98YPZQOLYL87VP0A,Completed,2025-12-06,2
1733,42,1625,KM27E1ZJQ4VYK462P,Cancelled,2025-04-18,1
1734,18,538,U1A33N32INKF8S0HW,Completed,2026-01-05,4
1735,120,1333,7HE4ISTEA946Z9IV9,Completed,2025-09-29,3
1736,90,1324,CHT0KCUI4VB1LVF6I,Scheduled,2025-12-26,3
1737,195,1799,1HTLUXPNX3B61RK7M,Completed,2025-08-01,1
1738,189,484,6UTO7QOM99O1Q1B8A,Completed,2025-12-14,2
1739,42,1018,SVFFB46GA90N0BDCF,Scheduled,2025-01-20,1
1740,135,1341,2DVO7YXPSUNM4N99Q,Completed,2025-07-22,2
1741,69,189,2YNWEIOQJMGSLAPK4,Completed,2026-03-15,1
1742,12,778,Z7IYU4E49JQT8CVGZ,Completed,2025-06-20,1
1743,21,950,YVFSCUKIDZ5Z7DLFN,Scheduled,2026-04-01,1
1744,150,1072,O6F4ZTPKTK7756K2M,Completed,2025-06-05,1
1745,165,1505,8JHGWSK6D37UHOYDL,Completed,2025-04-13,4
1746,147,1654,G3I2UW42G9G1VGY8L,Completed,2025-11-27,3
1747,114,1477,36I5Q4KSACCSWSCJC,Scheduled,2025-09-01,1
1748,111,24,SZ79A75QSZB2I4UB4,Completed,2025-10-19,3
1749,3,566,WT742P9QS8HRC0BDK,Scheduled,2026-01-15,1
1750,156,1643,Y3WNLY8SP5ILA4ZWP,Scheduled,2025-04-06,3
1751,3,94,ECW1W8CEPY4V2GYDV,Completed,2025-02-08,1
1752,33,1117,53CNGG5UIO0IWSPWK,Scheduled,2025-01-15,4
1753,141,138,OG2QEEYI2LAU1TCWR,Completed,2025-03-27,3
1754,153,1583,VR2HJCLZLQXQRTHZQ,Completed,2025-12-28,4
1755,93,829,5KMA6ZBJBB62PUAII,Cancelled,2026-01-06,3
1756,27,130,4GM6BE1HITEWSYVRM,Completed,2025-03-19,2
1757,144,461,O7NBH101X95GV3I9T,Completed,2025-11-06,4
1758,108,250,WZERGSR9UVMQFMK42,Completed,2025-03-30,1
1759,96,697,BN93WRIJ7WZ10ZC7H,Completed,2025-08-01,2
1760,63,286,CRABE3YVOHIBHZJTB,Cancelled,2025-08-24,1
1761,84,1371,K2631CQKJ2G2BT8WW,Scheduled,2026-04-07,3
1762,57,1065,Z9VF3S4JQ37NUPYNU,Completed,2026-03-03,1
1763,21,972,Z7ZB1P61W40XAZFNL,Completed,2025-06-17,1
1764,144,1096,DMYKLJP2RXZ1UGWBU,Completed,2026-03-21,4
1765,144,186,08GAYG33JZCTVENNB,Completed,2025-07-12,4
1766,123,1646,D3WCB712LZ9C9EY4I,Completed,2026-03-07,4
1767,45,1765,ZOADN7W38E666Q9CA,Completed,2025-12-25,2
1768,24,45,C0ZZV670W301OAWO7,Completed,2025-07-31,2
1769,51,1371,683PJ1SWOJCNJ8DI8,Completed,2025-02-26,2
1770,144,560,41DSAY59UZHIORT30,Completed,2025-11-03,4
1771,90,1301,06JZ8WUTXXOWC1WH0,Completed,2026-02-20,3
1772,90,88,YAHAONOMGC0HVMKLM,Scheduled,2025-09-28,3
1773,162,1561,2PWZ6AF1D79SCZWJ5,Completed,2025-05-14,2
1774,78,1893,TJ39G3OHJ66ZONES0,Scheduled,2025-04-07,4
1775,81,1426,QCRNXCF5SHATVK4A0,Completed,2025-03-09,2
1776,75,842,5UGCKRK4UKNJGITGV,Completed,2026-04-02,3
1777,27,734,M76BXCKCNTU63LH9N,Completed,2025-06-21,2
1778,81,970,28V6TNUT4VHZRVJJV,Scheduled,2025-04-11,2
1779,162,110,GK7GQIJANB56I880B,Scheduled,2025-05-30,2
1780,78,506,1G231ZE6QTCULXP17,Completed,2025-10-07,4
1781,9,861,SJE8MTL2Y73VPFNF9,Scheduled,2026-03-26,3
1782,81,1336,TN5BA26W30J9JTXT4,Completed,2025-08-15,2
1783,18,820,PYTLH84ELKV90O9QI,Completed,2025-06-01,4
1784,84,1148,95DFKNXZ6JX0WX975,Cancelled,2026-02-06,3
1785,159,427,QC6KCS3Q7951049ZJ,Cancelled,2026-01-17,1
1786,162,792,1BEYNXS76YBHKHM59,Completed,2025-02-19,2
1787,36,1465,L0ZPGMYWHJNXS5HVJ,Scheduled,2025-07-07,2
1788,66,237,W1Q1VTNAWXJ91VCWD,Completed,2025-12-15,2
1789,39,562,BOGQ4F1DD394B5G90,Completed,2026-03-07,3
1790,129,1066,9XV2ZW9N9QY5M6KMK,Completed,2025-09-26,1
1791,21,197,AAQ1PXKX6Q29C3GT9,Scheduled,2026-02-03,1
1792,135,567,L2RCZPTJBCXXURU8Y,Completed,2025-05-11,2
1793,78,1410,62H9F9GB3T0H46PV8,Completed,2025-04-12,4
1794,30,354,VE6LBJSZFJURT1KPP,Completed,2025-03-01,1
1795,75,1767,E8JG6O675QFOVXWX4,Cancelled,2025-03-28,3
1796,135,784,G52SFJBIMT7MIKD9M,Completed,2025-05-18,2
1797,144,343,ALHYTJHDLYX8MY6SE,Completed,2025-11-11,4
1798,84,1306,GO65GOTME6ANNDJ8V,Completed,2025-03-30,3
1799,114,957,1C745TBB1SNGOSXES,Completed,2025-01-31,1
1800,174,1014,J8P5O408IHNO46TBJ,Completed,2025-10-07,2
1801,6,456,1B1W9E615AT1VMND7,Completed,2025-03-31,2
1802,180,344,7JGQQQ75CEAHL6P3F,Completed,2025-01-29,3
1803,150,282,W6X4SFTIA98AY5DYK,Completed,2025-06-29,1
1804,69,610,WAPAI1CSPIMHDYZZR,Completed,2025-06-30,1
1805,150,1338,PADOLFNT821M0498H,Scheduled,2025-10-24,1
1806,156,142,UHGVE63EIN6HIY5KI,Scheduled,2026-02-13,3
1807,150,893,3W2QUQNS2H6CDIX9L,Cancelled,2025-11-30,1
1808,120,117,N0YB3OI8QNM538WU0,Cancelled,2026-01-10,3
1809,69,1942,DQF83YLFIF9FYMPRE,Completed,2025-05-19,1
1810,192,347,I1AUSW4TULMEH4HIT,Completed,2025-04-10,2
1811,60,763,ZQD0XBINKR6BPX0NQ,Cancelled,2025-03-27,4
1812,117,798,5N6TKGKW5TSGB02RT,Scheduled,2025-10-22,4
1813,186,1516,QKPN2ODRIQ6KVUI33,Completed,2025-02-10,1
1814,30,83,U1F3LTZBFX2CS7USI,Completed,2025-11-04,1
1815,99,1563,FULZRJJI74B943XSQ,Completed,2026-04-04,2
1816,27,1794,559CI9SESQUP64AAM,Completed,2026-02-26,2
1817,141,1371,K2631CQKJ2G2BT8WW,Completed,2025-11-29,3
1818,39,320,F1BE3I54JFZI8AIE5,Completed,2025-02-14,3
1819,33,480,YR8AKHCQFQ4SD7UGD,Scheduled,2025-11-17,4
1820,93,477,8SZAJSZ1I9FRN0OHD,Completed,2026-02-18,3
1821,33,1484,CXR33YWN638ID8E75,Cancelled,2026-01-07,4
1822,114,850,AIBIHKC55C3VJMHGB,Completed,2025-08-18,1
1823,30,1371,683PJ1SWOJCNJ8DI8,Completed,2025-11-28,1
1824,183,208,1ASB50P70YOKSP7QR,Scheduled,2025-02-04,4
1825,123,1322,KHL93XMBACCE2PAU8,Cancelled,2025-07-25,4
1826,105,841,P7S954TXRMWONWXWC,Completed,2025-04-05,3
1827,6,271,ZTG18C1SR8LG5ZW39,Completed,2026-01-18,2
1828,183,1764,F3SL6HNH260R1FP0G,Completed,2025-03-12,4
1829,75,830,Y0F07CJL3ODF7CW1X,Completed,2025-11-16,3
1830,141,861,SJE8MTL2Y73VPFNF9,Completed,2025-01-18,3
1831,108,1205,DSLR5IBXFBMTOACLR,Completed,2025-12-17,1
1832,177,1351,RW0W5B4NCTADUFBAA,Scheduled,2025-06-17,2
1833,12,904,WP5P9KBMXBF4M424Y,Cancelled,2026-03-18,1
1834,147,1695,09ULJ67U6XGZHNDGA,Completed,2025-02-16,3
1835,48,1792,QXV218KOJKFYLT3BA,Completed,2025-07-18,1
1836,33,1041,C14U2L76CRAWXV6QR,Completed,2025-08-16,4
1837,186,1460,SRVS34E54CC5PEUL2,Scheduled,2026-01-20,1
1838,54,336,HEIKJK673KF0ACVZB,Completed,2025-09-27,2
1839,63,433,7OF8X3UDX45TWDBAG,Completed,2026-01-24,1
1840,144,684,RDD3E376VERO1JL7W,Cancelled,2026-01-23,4
1841,174,1421,4KNM5SMLQ1YL77JGJ,Completed,2026-02-11,2
1842,111,1228,WBA5A5C51FD890123,Scheduled,2025-10-14,3
1843,192,899,7850TWD7W47NRKDK6,Completed,2025-01-26,2
1844,162,58,M6UE8RD4NDFAGMUBY,Scheduled,2025-03-15,2
1845,96,192,NCG8KQTLW46RC5BAX,Completed,2025-11-08,2
1846,111,874,G3SKEBJQ6EZGP4QOX,Completed,2026-03-06,3
1847,153,1688,6T3FT5VGIA1ZW6LWP,Cancelled,2025-10-13,4
1848,132,1469,R5ZPA4SE91VK4P197,Scheduled,2025-10-31,2
1849,96,1844,ATY7BV992C0HWUZW7,Cancelled,2026-03-10,2
1850,87,1083,331MGVA4E2Y0KA5MB,Completed,2025-06-22,3
1851,60,973,CQBY1O39LZQHFJ44N,Cancelled,2026-02-12,4
1852,102,286,CRABE3YVOHIBHZJTB,Completed,2025-10-26,3
1853,90,565,EL2YMHC53C4SXFJSJ,Completed,2025-02-27,3
1854,105,1787,NLXM0UC5IWAMMABUW,Completed,2025-09-11,3
1855,42,37,P0CJUWY2RWMPIBYVO,Completed,2025-06-16,1
1856,45,845,G4QRIYH6BPBFJVN0R,Completed,2025-09-07,2
1857,15,287,DMV8BM7D8ZSI179YR,Completed,2026-01-26,4
1858,192,18,T0TG90EEUBZXUP8SX,Completed,2025-04-14,2
1859,27,314,PEAPEFD2F8TVAWBG1,Completed,2025-03-17,2
1860,165,1822,2A376WPO3X7MBN163,Completed,2025-12-20,4
1861,117,811,MWNXKTR9490ASXT13,Cancelled,2025-09-11,4
1862,177,1451,5J6RW1H56KA678901,Scheduled,2026-02-24,2
1863,183,1170,ULWV5CWB4NAM3F9TB,Completed,2025-02-04,4
1864,12,1906,8U0FRY8OY781KQT2T,Completed,2025-04-16,1
1865,186,903,TE361G7AK9TZJWR66,Completed,2026-03-30,1
1866,96,1444,YIRPXKTW1P2UDU546,Completed,2025-08-11,2
1867,105,208,1ASB50P70YOKSP7QR,Scheduled,2025-10-01,3
1868,75,130,SDKOVQ6UB97KUIHOH,Completed,2025-01-21,3
1869,141,1402,06YO1PTSQB3ZYVTQR,Completed,2026-02-23,3
1870,162,184,ONJ80BT2RAHJCOX5W,Scheduled,2026-01-03,2
1871,6,1884,ZQBJNENR7AP07CPY6,Cancelled,2025-04-11,2
1872,15,64,V4PH0ZWMH4D19CZBR,Scheduled,2025-03-30,4
1873,48,860,D220V5M9LKLJYC752,Completed,2025-02-13,1
1874,54,397,1STP5MAZ75ZE9C4I5,Completed,2026-02-09,2
1875,147,365,OJZEQCW295TVBVDQQ,Completed,2026-01-31,3
1876,105,1766,P72R99VREOHTQ5Z5J,Completed,2025-07-18,3
1877,75,648,WGLJC6367Q8HT9XAG,Scheduled,2025-10-29,3
1878,75,1956,YOKUPUR4ZQFYGJ3DD,Completed,2025-09-16,3
1879,147,1793,8DKA98KYVCINZ4EUI,Completed,2025-03-03,3
1880,105,801,A30ZCDNQY2FNL4AHA,Scheduled,2025-03-21,3
1881,189,1265,X4GTXAG11IXSXRYHF,Completed,2025-10-19,2
1882,78,836,ZAJVVEPC2BSBQ6302,Completed,2025-03-14,4
1883,150,13,0NO78BWLQFMLSHVBY,Completed,2026-01-21,1
1884,63,281,5MS6XQFRYR88EAI0R,Completed,2025-03-31,1
1885,12,1932,QYTW1290YYQYR24MD,Completed,2025-03-30,1
1886,27,579,3P7Z3HBKY1HE4EVXT,Completed,2025-10-23,2
1887,9,1583,9HUAJJUHF64VKVAA9,Completed,2025-01-11,3
1888,186,1084,5TSCTNBXHHBU4F810,Completed,2026-03-13,1
1889,81,1196,ESNNXPBUW7MDWXZ03,Completed,2025-01-14,2
1890,171,1895,5AC1FBQAI8HT6G208,Completed,2025-09-27,2
1891,171,1903,QAG42UU5VQ6PQRP3L,Completed,2025-11-05,2
1892,12,1743,AAKEILJOL6Z0SXJ9Z,Completed,2026-02-25,1
1893,135,206,XF2M2TAT9N336JEBT,Completed,2026-02-06,2
1894,15,1822,FX9OED9V8UQXO6WG8,Scheduled,2025-07-09,4
1895,30,1132,EH3EMO9Q3GX13H6V7,Completed,2026-02-01,1
1896,195,569,FEKTKNSP54WD8CYQU,Completed,2025-09-09,1
1897,156,1896,8O1788U0UJH5EYXN8,Completed,2025-03-28,3
1898,192,388,JRSCWBEYCM18RI8F8,Cancelled,2025-10-25,2
1899,87,49,2FJ00ZS1GRRKECT5U,Completed,2026-02-07,3
1900,72,1925,YJE9RTJOOWWZ6RLLY,Completed,2025-04-17,1
1901,150,9,PJFI532AXRV8QW5JI,Completed,2025-08-26,1
1902,150,1451,PR9LSEQCTKIXS7URZ,Completed,2026-03-25,1
1903,12,282,W6X4SFTIA98AY5DYK,Completed,2025-09-26,1
1904,111,679,98HQZIEUW6MSD61W2,Completed,2025-03-27,3
1905,129,1908,JS3B6WUTFFHIQHL87,Completed,2026-04-09,1
1906,123,686,KBMYVFRGDV0NU7LVF,Cancelled,2025-03-26,4
1907,129,205,GPUWH0DVFYMRPVI16,Completed,2025-11-11,1
1908,147,118,3GX1YG0IQ7LGE190M,Completed,2025-11-01,3
1909,198,995,P5L6CSDQ3D81WEON8,Completed,2026-03-12,4
1910,189,112,2TKP7YHERU10QL06W,Completed,2025-08-09,2
1911,75,1110,VQ1YAOJFJ34XVJJL5,Completed,2025-11-09,3
1912,57,22,M114FIY3WFLDRIBAT,Scheduled,2025-11-26,1
1913,192,1230,KNRLAG15LG7E4YHRJ,Cancelled,2025-11-03,2
1914,33,1808,CGP7FERF9PH2546MN,Scheduled,2025-04-27,4
1915,30,56,1SJR1J2L51QS7QNKY,Scheduled,2025-10-11,1
1916,111,544,YNN18EL2MCRU963WW,Completed,2025-07-20,3
1917,132,1196,ESNNXPBUW7MDWXZ03,Completed,2025-05-23,2
1918,36,972,Z7ZB1P61W40XAZFNL,Completed,2025-09-04,2
1919,192,1687,5P8BO5LWTHNTKZ4ZB,Cancelled,2025-01-21,2
1920,15,5,INYP7DWC7TBHRKWZG,Completed,2026-04-03,4
1921,87,734,M76BXCKCNTU63LH9N,Completed,2025-04-29,3
1922,165,343,ALHYTJHDLYX8MY6SE,Completed,2026-02-02,4
1923,174,93,YLTG3PGIQUYQ7WK6K,Completed,2026-01-10,2
1924,102,1196,BPGLVBN21Q49Y7QDC,Completed,2025-05-20,3
1925,21,316,1GSOBX553385WBZLA,Completed,2025-09-21,1
1926,135,995,P5L6CSDQ3D81WEON8,Completed,2026-01-19,2
1927,111,1883,B0Z3BM21433OH8ONK,Scheduled,2026-03-25,3
1928,165,740,XKG512EB97H1RN9GT,Completed,2025-04-25,4
1929,99,1844,ATY7BV992C0HWUZW7,Completed,2025-05-03,2
1930,135,560,41DSAY59UZHIORT30,Completed,2025-11-23,2
1931,123,1154,I5F9KJZP3FW272LYM,Completed,2025-05-20,4
1932,87,1663,PAB4AG6MRS6ZJ534R,Completed,2025-07-17,3
1933,99,1644,HIY62EMZ4ET91OII9,Completed,2025-02-08,2
1934,42,1992,0U3SIF4HUAQXQ7ZYO,Completed,2025-10-03,1
1935,156,1869,FT3KSV6225IZVRRQB,Cancelled,2025-05-04,3
1936,72,78,THYZV86ZIPTT6BFSW,Scheduled,2025-07-05,1
1937,48,1940,OWY3V1GDMV8WLQNJ5,Scheduled,2026-02-09,1
1938,147,60,MDUD7BYB60N63MSF3,Completed,2025-02-25,3
1939,45,433,7OF8X3UDX45TWDBAG,Completed,2026-02-21,2
1940,69,794,JN5H1GWEFBUP6B6H4,Scheduled,2025-09-06,1
1941,153,1596,CVC42HV6TQZ4G7YMQ,Completed,2026-03-03,4
1942,138,611,KDFHYVI40WB1PWW7L,Completed,2025-11-27,2
1943,36,336,HEIKJK673KF0ACVZB,Completed,2026-04-08,2
1944,42,1703,51SR0ES3RLUGTLWMI,Completed,2025-05-18,1
1945,18,353,146PFVRLZVJYNM5IY,Completed,2025-08-26,4
1946,150,1286,8Y5Y6TB6IC0BLBRNG,Completed,2026-01-07,1
1947,3,1375,56578I5X875FM6GC5,Completed,2025-02-12,1
1948,57,556,99IP98NX0N9EZ4IFU,Cancelled,2025-09-27,1
1949,162,484,DHRKGI684I5XBYIWR,Cancelled,2025-02-11,2
1950,24,415,66WB3BLTD8SULKWVQ,Scheduled,2025-01-15,2
1951,177,475,5DPT1S83IT3O0RGMN,Cancelled,2025-06-23,2
1952,186,654,22HV8A9IJT7SLNHYU,Completed,2026-04-02,1
1953,27,1208,CYDHGKN7F429YGBR9,Completed,2025-04-04,2
1954,120,1219,F2KGY6YG7JZDMGSUH,Completed,2025-10-16,3
1955,117,1051,UI8A3YOKO1XHFZGGP,Completed,2025-11-09,4
1956,30,163,D6X1JEU60XE2SKW43,Completed,2025-09-28,1
1957,12,547,OLCJJXR4BES0O3LIM,Completed,2026-01-08,1
1958,60,1043,W1YYTQY1JG4X7TDT7,Scheduled,2025-10-21,4
1959,174,588,9TJPJEVE629JFX6I8,Cancelled,2026-03-12,2
1960,117,34,9M6MW7GBFGJE8IU4R,Scheduled,2025-08-12,4
1961,105,511,0YMKVQJ6VRNIF00RG,Completed,2025-07-14,3
1962,120,1338,PADOLFNT821M0498H,Completed,2025-12-17,3
1963,108,652,5WKCAA38HBCOO1NUW,Scheduled,2025-11-27,1
1964,198,1268,DT2SMPPNG7ACQA9V6,Scheduled,2025-09-10,4
1965,177,622,Q1DUPQUN6CIXECQW7,Cancelled,2025-07-25,2
1966,63,325,U7WNGJFMOUTT5TOAV,Completed,2025-01-25,1
1967,141,834,JYUY8Z4M1FMDVDB21,Completed,2026-03-17,3
1968,3,1669,MBJC6Q0JSSD4R3WPD,Scheduled,2025-02-20,1
1969,30,1123,BI8M7LKJIBAFG8PLB,Completed,2025-06-06,1
1970,36,1269,9BFO58JR9M74N36WC,Completed,2025-11-16,2
1971,81,1375,56578I5X875FM6GC5,Completed,2025-06-20,2
1972,27,1820,5TL1EXMI6OH4NUNE2,Completed,2025-11-10,2
1973,21,1814,L0THSVD71LEAF3405,Completed,2025-02-07,1
1974,30,1311,N480WRU0V9VT3FH4O,Completed,2026-01-02,1
1975,123,22,PKSPINB01R31QXCAB,Scheduled,2025-01-17,4
1976,36,964,FD256XFU2TF02MG3C,Completed,2025-08-13,2
1977,72,1875,9FIBV54YZLIN3NV8T,Completed,2025-08-30,1
1978,18,594,95SF3B4XRN4XMA1IG,Completed,2025-09-25,4
1979,48,535,V5DWBWX9EBAKVD2JU,Scheduled,2025-04-09,1
1980,108,620,TZST1947XJTZB922K,Scheduled,2025-12-14,1
1981,102,569,DDU0NV8GJ0JD13FBO,Completed,2025-02-16,3
1982,21,105,4FJREBSOLNTOBKOHW,Completed,2026-02-27,1
1983,12,364,WUP1JSMT0JXN3041B,Cancelled,2025-11-21,1
1984,15,1166,LB2XQSCRTETY5U0S1,Completed,2025-11-30,4
1985,99,463,UEAZQMR1LN5KYRCIW,Completed,2025-12-18,2
1986,12,1222,4VZIH8WRXBLRTYEH8,Completed,2025-09-16,1
1987,12,1336,BR5117WU5R4EUMU70,Scheduled,2025-06-29,1
1988,138,775,NUKU9H2HE2D8QJ03P,Completed,2025-08-20,2
1989,120,1009,ATIOO7V0GXYIEXHLI,Completed,2025-07-16,3
1990,144,584,LDC70YBSSSNBVMIWK,Scheduled,2025-12-23,4
1991,111,83,AC3B4LK56MER99E11,Completed,2025-12-25,3
1992,129,778,BZYPXFYPBN4QAW67L,Cancelled,2025-09-18,1
1993,81,1787,XXRL80WH60F4L88BB,Cancelled,2025-11-12,2
1994,72,1140,J68I6JOF3DV0IZJWI,Scheduled,2026-01-16,1
1995,153,260,70GGO21CVO0LH90L5,Completed,2025-09-18,4
1996,93,808,UTJWZNOC99HG3F9ED,Completed,2025-07-25,3
1997,3,130,4GM6BE1HITEWSYVRM,Scheduled,2025-02-09,1
1998,144,433,82KNJWDNMMBZEX2PD,Cancelled,2025-07-01,4
1999,141,1986,M0ZLHWG3V56QTKOCL,Scheduled,2026-01-09,3
2000,33,1577,2JRS5Q1984MUAZTSA,Completed,2025-12-18,4
