VIN #,Service ID,Cost,Date,Service Done,Employee ID
1HGBH41JXMN109186,1,85.0,2025-01-10,Oil Change,3
2T1BURHE5JC123456,2,450.0,2025-01-22,Brakes,3
5XYZU3LB1JG234567,3,120.0,2025-01-30,Oil Change,6
1FTEW1EP5JKE56789,4,680.0,2025-02-08,Tires,6
1G1YY22G455678901,5,95.0,2025-02-15,Oil Change,9
JTDKN3DU5A0345678,6,520.0,2025-02-28,Brakes,9
3C4PDCAB8LT112233,7,200.0,2025-03-12,Tires,6
1GCUYDED1LZ445566,8,750.0,2025-03-25,Tires,9
WBA5A5C51FD890123,9,110.0,2025-04-01,Oil Change,6
1N4BL4BV4KC901234,10,380.0,2025-04-10,Brakes,3
EC55S7J1SOLKOIJ7P,11,470.87,2026-02-02,Oil Change,144
VN9O9GZKR3DAGDC9Y,12,414.5,2025-05-07,Oil Change,81
37E4H3W8DQTNXLFIP,13,464.77,2025-07-27,Brakes,12
UEAZQMR1LN5KYRCIW,14,557.69,2025-10-17,Brakes,108
6I6ZO8ZJVWESHQL0F,15,120.72,2026-01-24,Oil Change,171
JQA106K6YJSG0H6H0,16,675.13,2025-09-29,Tires,78
02115A2D1EM23802T,17,808.0,2025-08-22,Tires,129
IFA2E94M2VWKZ92XX,18,163.24,2025-03-28,Oil Change,123
LZHCH413R8NAVRNHS,19,116.01,2026-01-17,Oil Change,78
0AC6NQY8SRD2XQIEC,20,125.47,2025-07-13,Tires,57
RQNM1MD9FBK3TAX4F,21,102.83,2025-10-24,Oil Change,78
ULWV5CWB4NAM3F9TB,22,833.21,2025-11-27,Brakes,39
J8LC3XVFXPZPW4HA0,23,202.92,2025-09-03,Oil Change,60
ZAJVVEPC2BSBQ6302,24,143.68,2025-01-19,Oil Change,78
5J04IZ32RKRUSJM3N,25,516.73,2025-08-02,Brakes,189
NXLK0SJ53S0JVADBK,26,351.14,2025-03-27,Brakes,69
7ICME7MYL4OVVH3GL,27,125.21,2025-03-03,Oil Change,165
V8WQMOIC8AS3WW7IO,28,129.89,2026-01-05,Tires,75
GMI06OUZIBRB9SBQR,29,390.14,2026-01-24,Brakes,45
DMEGLPZ8PH8X912MM,30,628.75,2025-11-02,Oil Change,192
VFBV9KMZH32K9SEEG,31,156.15,2026-01-12,Tires,36
8HFDRIMAKSIWRRN1X,32,507.61,2025-02-25,Tires,18
Z3AEYOVSUY1BCY3IX,33,479.66,2025-03-12,Brakes,126
M114FIY3WFLDRIBAT,34,689.01,2025-12-17,Tires,117
QL82S72CB2E9XF67D,35,440.14,2025-08-16,Brakes,33
YOKUPUR4ZQFYGJ3DD,36,87.36,2025-01-11,Oil Change,96
51H4XSJU3LYQG8B5D,37,2251.3,2025-06-21,Brakes,42
53MB98Y2X15XVH6OV,38,846.63,2026-01-11,Brakes,123
VZY37J4PK7UO1CORK,39,141.4,2025-02-25,Oil Change,93
AIBIHKC55C3VJMHGB,40,757.4,2025-04-19,Tires,126
WNOO4J4SGJDFYCU4D,41,249.04,2026-02-26,Tires,63
VOIEQMFYNTRF92EOZ,42,154.23,2025-04-25,Oil Change,111
KXTSEA7ZDOO4TK1OD,43,219.74,2025-03-18,Brakes,162
MNGFHPGG68V4WGTOT,44,273.64,2025-02-25,Oil Change,99
MACIDVL2UIM60OSVZ,45,337.24,2025-12-31,Brakes,147
JQS47DKH6IVM9P7ZO,46,87.3,2025-11-05,Oil Change,171
M6UE8RD4NDFAGMUBY,47,164.47,2026-03-04,Oil Change,108
OJZEQCW295TVBVDQQ,48,104.53,2025-04-13,Oil Change,135
TNFZMYJN1G7X0FBAV,49,857.64,2025-03-24,Tires,69
NDNOOP1DDO0QZEWEB,50,723.82,2025-01-10,Brakes,126
J5X0FCMC54AI4D41C,51,271.02,2025-10-29,Oil Change,81
MBOXZBEPDA32W1CA9,52,779.01,2026-03-30,Oil Change,84
Q7GW315J8RLE417MR,53,759.1,2026-02-25,Oil Change,90
NDNOOP1DDO0QZEWEB,54,585.7,2025-02-03,Brakes,162
UHGVE63EIN6HIY5KI,55,1407.1,2026-03-27,Brakes,75
EG27B8Z65178PPQNC,56,200.54,2025-01-11,Oil Change,123
TQTHLQLGG46OY3YTY,57,702.6,2026-01-12,Tires,180
2X0TLVURQVXDU8G0G,58,212.58,2025-06-07,Oil Change,171
KJXOR26R47Y8M6MDH,59,319.54,2025-04-08,Brakes,60
DROGUXINCHKW96DUP,60,185.87,2025-11-02,Oil Change,57
RW1GZPJOZ8HU0P64H,61,109.92,2025-05-31,Oil Change,99
BRRW5LL22BQXECFRW,62,623.51,2025-12-19,Oil Change,81
WAEGY60CG3F7LTHK8,63,115.25,2025-11-09,Oil Change,114
PA8HTKG4NIQR7BA4O,64,346.51,2025-07-31,Oil Change,15
I45G3UXCNOV0L8HPN,65,113.08,2025-04-05,Oil Change,159
859EJZ94WMINML48A,66,138.22,2025-04-02,Oil Change,30
9M1Y097VK8AUF5ABI,67,504.12,2025-02-11,Brakes,9
1IZU2AKA4CXLLEMCM,68,2110.66,2025-04-04,Brakes,51
1SDFQU1LIC3T10A5F,69,376.69,2025-03-15,Oil Change,135
1STP5MAZ75ZE9C4I5,70,596.19,2025-10-06,Oil Change,81
D5RH3L5S88AX3V68E,71,182.53,2025-09-09,Brakes,135
FS1U0K01FP12JOG70,72,89.49,2025-11-13,Oil Change,165
DCHUZLT2HHKFULDN9,73,208.62,2026-01-23,Oil Change,189
1OZNM8NGX7AIBIDF9,74,99.27,2025-06-13,Oil Change,168
SE3790G2XAE1VJ81O,75,491.02,2025-07-15,Oil Change,93
K9QPTC8WGUWLQG9G7,76,441.18,2026-02-18,Oil Change,90
ZTA8VCB38PZYNBYV5,77,153.59,2026-01-24,Oil Change,99
2AYBZOKQJOC5ZIK5O,78,179.21,2026-03-20,Oil Change,30
CM7O6N5Y7LVLJBP2O,79,103.65,2025-11-08,Oil Change,108
70HTVVQNXJNTKRXYJ,80,290.11,2025-01-17,Oil Change,45
JPZY39R3VO05JVQ1Q,81,165.72,2025-09-20,Tires,135
WH2GEFD1JR6RD3NT9,82,351.89,2025-11-10,Brakes,120
WZ9XJ5OB2ZTPMKZ89,83,2087.69,2025-10-04,Brakes,126
VYR5RGFQCX3SCPF3E,84,144.13,2025-06-06,Oil Change,189
JMXJRSVJSUH301PMO,85,497.77,2025-10-12,Oil Change,24
QB0K495DI51UE38PN,86,367.99,2025-06-01,Oil Change,51
09ULJ67U6XGZHNDGA,87,2387.17,2025-08-05,Brakes,108
IZ12JQDE2K4FNVCC2,88,91.58,2025-06-01,Oil Change,42
044TQS6TAIUHZKQWA,89,83.62,2025-05-31,Tires,69
2X0TLVURQVXDU8G0G,90,258.17,2025-07-23,Brakes,75
PARDPDX3HLFQW611F,91,221.09,2025-03-13,Oil Change,42
I0TEX6C56LVF8OG1C,92,576.21,2025-02-05,Brakes,180
TA6KYJV4ZN63F5YHJ,93,1843.55,2026-03-07,Brakes,159
D12Q65SF89O7VSYVP,94,620.73,2025-02-17,Brakes,129
CNHIR22CQ5UPUYNEB,95,1330.44,2026-01-05,Brakes,78
F9D0CYD5ZYYWGOQ6N,96,1555.75,2026-04-03,Brakes,48
SLCH835DF01QNE5AR,97,698.87,2025-04-11,Tires,141
3ZIC6FUU3PSQY4101,98,656.38,2025-04-07,Brakes,111
L2RCZPTJBCXXURU8Y,99,224.04,2026-01-26,Tires,111
07IBI8DVG6CM5L0W2,100,113.1,2025-06-16,Oil Change,153
XKYEMC11LHS98XUZ8,101,398.31,2025-11-29,Oil Change,9
QSQ0N4LKEUCST5QH1,102,535.57,2025-10-05,Oil Change,180
LN90FI8RVVIJIMAAN,103,185.58,2025-01-21,Oil Change,198
B008H3DGCUAS3OYCN,104,510.4,2025-02-02,Tires,174
N8SWP0PJD3FKVALW9,105,120.39,2025-07-04,Oil Change,36
PSZNJ7KBGQ1DFP4WN,106,101.38,2025-08-18,Oil Change,159
X2CD6HCCO1TMOJJVS,107,88.31,2025-04-09,Oil Change,129
22HV8A9IJT7SLNHYU,108,745.65,2025-05-13,Brakes,87
S4PPBS7IZ2A7PI935,109,110.54,2026-04-10,Oil Change,81
WOCJ7M49STWI3V4TW,110,1396.6,2025-06-02,Brakes,27
JI2LT32HF4U3FRCWX,111,2017.21,2025-05-13,Brakes,78
M7B2T9FH16HB4Q1JR,112,278.37,2025-09-22,Oil Change,198
LN90FI8RVVIJIMAAN,113,699.34,2026-03-22,Tires,54
8WQG3OS2N65SFN064,114,388.72,2025-03-10,Oil Change,24
M56QI2X06NR7POW6F,115,2424.59,2025-12-17,Brakes,90
FG185JNRYSM1FXDY8,116,356.84,2025-04-02,Brakes,195
SMY4M73799LV1YQES,117,156.3,2025-07-22,Oil Change,189
6H7W3HKSUETL7T8P0,118,151.71,2025-05-12,Oil Change,81
PNGXCNMYA6DM93X52,119,635.13,2025-10-15,Oil Change,126
L2RCZPTJBCXXURU8Y,120,434.41,2025-11-12,Oil Change,162
BY6UXRCH2XV0XJPL9,121,126.88,2025-08-28,Oil Change,108
9LOO5M33WQQ60FCVN,122,1406.15,2025-11-12,Brakes,51
T0TG90EEUBZXUP8SX,123,133.66,2025-04-01,Oil Change,66
TVRM9ARPXDNBT9CSE,124,1367.27,2025-03-14,Brakes,30
442VIPSU42QGFBVO9,125,118.69,2025-10-05,Oil Change,189
WCJXWM355TG8E4LGT,126,231.91,2025-09-01,Oil Change,180
OGKWAMOZHB9H5RCVM,127,513.01,2025-12-12,Brakes,183
069IT87ANDR4DYXK3,128,294.56,2025-01-19,Oil Change,21
5TSCTNBXHHBU4F810,129,280.72,2025-06-15,Brakes,81
N58EAIU0WOUDCDCQ1,130,476.87,2025-12-02,Brakes,138
DPGDE4FHM6VBSTSWJ,131,484.13,2026-01-13,Oil Change,99
UK47SS0IVM34771T1,132,1776.05,2026-03-19,Brakes,12
VBR1OUHQQST70GH03,133,859.69,2025-10-09,Tires,18
B0Z3BM21433OH8ONK,134,1342.65,2025-11-13,Brakes,42
LSEUBJ5ZI34FINJJ8,135,534.94,2025-12-10,Brakes,75
XAULXAQBC20A734DS,136,192.12,2025-07-31,Oil Change,117
MJ67P6UEAO844YP5T,137,809.33,2025-12-28,Tires,39
Q3IPNQRDLT9L1ZWV6,138,619.93,2025-05-14,Brakes,132
XH1AAA6TSXGSN3736,139,556.68,2026-01-05,Brakes,78
JRU3K744CVP0A07JF,140,812.37,2025-07-14,Tires,138
CSL20HMQV1HHNGGBW,141,616.14,2025-12-10,Brakes,174
FX9OED9V8UQXO6WG8,142,140.88,2025-03-12,Tires,177
W0J9PSDODLSNYJ31L,143,399.94,2025-08-24,Brakes,12
99IP98NX0N9EZ4IFU,144,168.24,2025-09-22,Oil Change,138
P72R99VREOHTQ5Z5J,145,765.15,2025-08-14,Brakes,18
TKF7SMQ8TPDC1OALE,146,336.41,2025-09-08,Brakes,108
MQDRJ6TMG7GM7ZX31,147,259.39,2026-03-01,Brakes,93
6J0USRLT5IJD7DSSY,148,105.64,2026-01-01,Tires,69
FN6NKC81OS3PEKRST,149,708.07,2026-02-11,Brakes,195
N1D1RZ4SW6QYA7JZ6,150,252.35,2026-02-24,Oil Change,114
4CICA5OZWDL65SQ86,151,235.97,2025-12-05,Oil Change,63
WOCJ7M49STWI3V4TW,152,265.27,2026-02-09,Oil Change,126
CNPUTT63YJL2NCINK,153,493.34,2025-03-02,Brakes,171
OL6AVM3RPMA20JEQO,154,2458.2,2025-11-19,Brakes,57
67V7LZ0YD16RNSMEY,155,788.65,2025-04-12,Tires,111
JEG87CYC1EWTEJYV6,156,651.09,2025-01-23,Brakes,90
W98O803NGSW8HLWQQ,157,211.35,2025-04-19,Oil Change,90
OBIN3LS8LMWCV4D22,158,2226.15,2026-03-30,Brakes,63
3JMKTD4V4P3GLINDC,159,109.04,2025-04-30,Oil Change,90
RYVZ2TI7HLHSB09DV,160,116.02,2025-04-26,Oil Change,117
BLET611DMTGM09L82,161,164.66,2025-01-17,Oil Change,33
N480WRU0V9VT3FH4O,162,128.52,2025-04-18,Oil Change,78
LY5TGRH2XY59EVLII,163,449.94,2025-07-25,Brakes,21
2NO86ERREUPNDN4QD,164,457.5,2025-07-24,Oil Change,66
XTG1PMCLF6E2IR3LJ,165,589.2,2025-11-10,Tires,75
P34GV4DX7BJF9RVPF,166,731.1,2025-05-20,Brakes,9
EDKWJGUYTRNV53C58,167,376.33,2025-10-16,Oil Change,48
ANHKYVQEY3J7SORHH,168,677.42,2026-03-29,Tires,3
0YMKVQJ6VRNIF00RG,169,230.76,2025-05-09,Brakes,153
2PWZ6AF1D79SCZWJ5,170,417.1,2025-04-02,Brakes,90
BK05976V78RR4SOM9,171,230.95,2025-02-24,Tires,165
RBF1ILVWQY4RNFU4V,172,102.85,2025-04-23,Oil Change,78
66WB3BLTD8SULKWVQ,173,1840.99,2026-03-29,Brakes,129
D5TC7J12NCPV2VF02,174,193.96,2025-03-20,Tires,69
ATF0WCLCVTZIH6LVT,175,592.6,2025-12-09,Tires,72
0WSWE1IQKO4VB21KD,176,2330.88,2025-10-21,Brakes,120
I0SLUTDF8U33H44P7,177,171.65,2025-08-13,Oil Change,105
KDFHYVI40WB1PWW7L,178,110.23,2025-06-18,Oil Change,99
JBVICW4U2QAVWL1QH,179,814.79,2025-10-26,Tires,150
PUWYMEQHMWVOXUNCU,180,473.09,2025-07-29,Oil Change,165
Z7PM88W1MUHDGXI4T,181,941.96,2025-02-10,Brakes,72
FOCCCUV60PLLC8RXX,182,100.73,2026-02-12,Oil Change,111
2BCLUWPZ75JBAYIVI,183,845.06,2025-10-29,Tires,180
X2CD6HCCO1TMOJJVS,184,88.56,2026-01-22,Tires,165
8W92PUYP8BMS99HP5,185,108.54,2025-03-29,Oil Change,174
0C1Q2UDF7KH213PW0,186,705.75,2025-03-20,Tires,108
9SX5PNJ6OISJBNCP3,187,656.8,2026-03-25,Brakes,15
9KWZJT0JY62N558Z0,188,220.68,2025-11-06,Brakes,18
D6X1JEU60XE2SKW43,189,487.0,2025-06-19,Brakes,138
WZ26YB0WD7CS5UGT9,190,376.04,2025-10-04,Oil Change,42
HMAVGFJFUV103HSHY,191,178.08,2025-05-16,Tires,102
AIBIHKC55C3VJMHGB,192,326.56,2025-07-10,Brakes,129
FM0O6L858PBXERXQZ,193,716.85,2025-08-25,Brakes,39
W5UL57QRK4T61NXRU,194,163.35,2025-06-05,Tires,48
FP4HTCGGAU6JWF1ZE,195,410.12,2025-05-16,Oil Change,93
0COXJFC4W86X0NU10,196,148.72,2026-02-07,Tires,189
UZ3FC76QXB0X3NFMR,197,662.19,2025-05-19,Brakes,162
XR8PI5X1ND9VXQ9OV,198,354.35,2026-03-13,Oil Change,90
67ZL59040TBVJE23Y,199,296.57,2025-04-23,Oil Change,84
9Z5VKYPE0CD20XGG6,200,161.38,2025-07-04,Oil Change,156
4FR4VV9D1HNBA0R5I,201,739.66,2025-05-10,Oil Change,81
EYM5ORDKC0J4QLQ5C,202,117.89,2025-10-29,Oil Change,150
VVES6AWPGEKOR2F3R,203,383.36,2025-06-12,Oil Change,111
H1QQLJU27KSZA029F,204,122.4,2025-06-08,Oil Change,138
NQ3LDFZ3KT4HLUATY,205,351.35,2025-01-19,Brakes,186
3QNC5GH5X2OF7MQP6,206,94.76,2026-01-30,Oil Change,135
5SGL9UK3P99RQ39LV,207,183.5,2026-03-22,Oil Change,171
PMU8PYCN439P1AUMN,208,171.42,2025-05-28,Oil Change,159
9473A46DZWMKDC3PU,209,117.64,2025-08-20,Oil Change,117
B6FSUXHSG7T07VMXV,210,416.56,2025-03-28,Brakes,84
WAPAI1CSPIMHDYZZR,211,99.16,2025-07-11,Tires,18
1FTEW1EP5JKE56789,212,140.15,2026-02-24,Oil Change,9
RMZX3R6SL1B6ULEVH,213,98.12,2025-12-04,Oil Change,162
QYTW1290YYQYR24MD,214,464.07,2025-01-28,Brakes,147
8QQZYJMHIOCZQ8ZHA,215,463.9,2025-06-12,Tires,33
MT4CPRA5LUAPRA204,216,304.01,2026-01-12,Brakes,177
2Z4JZ3AZGMIMNW0T2,217,135.02,2025-06-12,Tires,84
IV240OCIBV98R2Z00,218,124.05,2025-10-01,Oil Change,57
5TSCTNBXHHBU4F810,219,327.89,2025-03-12,Brakes,147
GM4TFLL2WWE85ZWZO,220,630.36,2025-12-15,Tires,6
9WI402G05A6F1FV9O,221,582.08,2025-10-04,Brakes,15
NZ4ZBAULQOLEKZQGL,222,834.43,2025-08-19,Brakes,132
LZHCH413R8NAVRNHS,223,571.86,2025-04-24,Tires,186
JR8DBBA5PHQE7R8WN,224,496.86,2025-02-02,Oil Change,93
F48X9Y9W0VJJT5QX0,225,219.42,2025-09-30,Tires,111
FARWYZ9SVU8ZYN73O,226,672.83,2026-02-02,Oil Change,93
6QMQ8LAM7SQ3ZNX7J,227,566.23,2026-01-05,Tires,12
Q21ZY633MEFUT71AA,228,669.19,2025-06-07,Tires,153
M0WG0CI7FEYKLHBDG,229,269.69,2025-10-15,Oil Change,174
CGJ2M0UED3ENPD7MP,230,284.97,2025-01-19,Oil Change,54
DZEEN0WZMHLBMJY47,231,155.97,2025-12-15,Oil Change,180
9Z1MPBEST2PK3P251,232,226.96,2025-05-04,Oil Change,3
EYJL298THTYQGG32P,233,1448.11,2025-12-05,Brakes,162
JMXJRSVJSUH301PMO,234,496.67,2025-04-21,Oil Change,165
ZTA8VCB38PZYNBYV5,235,117.09,2025-05-28,Oil Change,54
306WPUF8TQN8CHTBP,236,178.78,2025-11-01,Brakes,123
6J0USRLT5IJD7DSSY,237,156.93,2025-12-14,Oil Change,129
BN93WRIJ7WZ10ZC7H,238,762.45,2025-09-17,Oil Change,36
NO1IXXV7BTHFMFWLU,239,541.39,2025-09-21,Tires,90
T2ST460QKNWIHL38B,240,249.72,2026-02-05,Brakes,138
T6RP0OP18MZYRGQ6G,241,467.11,2025-12-29,Brakes,66
Y5FRB03BMJUVFOL3Z,242,241.5,2025-10-17,Brakes,105
LZHCH413R8NAVRNHS,243,469.16,2025-05-01,Tires,150
O8EWRTWXTPKLAARAQ,244,841.88,2025-06-19,Tires,159
H43IPVXUDC63A1S0F,245,279.28,2025-06-07,Oil Change,33
Y78CH4JNCFUA5TTN7,246,404.45,2025-08-26,Brakes,33
CTWCCX0ZNZ8YX08WU,247,680.99,2025-07-28,Brakes,18
07IN5ACA0A4RPQHB0,248,469.64,2025-12-29,Oil Change,90
XZYJCN72B97DAANIZ,249,424.15,2025-08-07,Oil Change,6
Q3IPNQRDLT9L1ZWV6,250,606.48,2025-04-08,Brakes,96
OL6AVM3RPMA20JEQO,251,182.92,2025-01-13,Brakes,84
4DLOM0G3GO6611JJP,252,77.07,2025-10-22,Oil Change,12
LGLT6ENNNWEZC3HSK,253,424.5,2026-02-16,Brakes,153
4DLOM0G3GO6611JJP,254,323.81,2025-04-07,Oil Change,69
E3BHC1SKDT0PPVTT7,255,352.8,2026-01-29,Brakes,120
SQ6XB0KWD369ZMEDJ,256,98.21,2025-07-19,Oil Change,108
67V7LZ0YD16RNSMEY,257,1600.98,2026-02-23,Brakes,180
T49DRI92SOBAL3PJO,258,124.83,2026-02-02,Oil Change,33
5MU2GL7DZHBM1C3HV,259,203.71,2025-07-21,Oil Change,42
3TAI2SCU8YNPZ1SQZ,260,634.06,2025-03-23,Tires,171
HSWNUAOYO5D3HG90T,261,170.82,2025-12-18,Oil Change,168
CK4CT27MZJH59MU3T,262,192.67,2026-04-06,Oil Change,30
JMXJRSVJSUH301PMO,263,658.81,2025-04-29,Brakes,192
SRLTFLAM9VCE03515,264,120.74,2025-06-15,Oil Change,51
RNHWLDARQ03M08QZ2,265,126.24,2025-11-12,Oil Change,87
56O7581NR954ZSEQ3,266,128.49,2025-07-31,Oil Change,72
DMV8BM7D8ZSI179YR,267,477.86,2026-01-27,Brakes,90
YUIENC5URW7TA9L26,268,212.55,2025-04-19,Tires,72
4LYYQ4ZXD01KEZXQK,269,134.35,2026-01-23,Oil Change,108
O39UA2JK6XHAWSNF5,270,823.9,2025-06-23,Brakes,108
SNZ70T82VRDXKKZ3S,271,150.54,2026-01-25,Oil Change,6
5TG3X3V7P6FLZ7Q3C,272,688.33,2025-05-13,Brakes,150
4KNM5SMLQ1YL77JGJ,273,1935.74,2025-09-28,Brakes,165
D12Q65SF89O7VSYVP,274,494.29,2025-12-16,Tires,165
ALGUHJ5M32N9Y1J85,275,446.69,2025-08-24,Brakes,60
TRGEBBM8DKVM4ZBVI,276,626.97,2025-11-05,Tires,69
5LBMK02U05S6HI4EK,277,199.68,2026-01-31,Oil Change,189
J0Q4NRN8DY0GZ59AF,278,464.26,2025-07-30,Brakes,60
09ULJ67U6XGZHNDGA,279,132.3,2025-02-19,Oil Change,54
P42ZANOUPZ2B49NQ0,280,1425.36,2025-10-20,Brakes,51
08GAYG33JZCTVENNB,281,136.02,2025-06-30,Oil Change,81
8EQ8X0P9Y1B3JKIXD,282,680.92,2026-02-20,Tires,126
CGP7FERF9PH2546MN,283,269.46,2026-03-20,Brakes,174
GY3LGDJZMVXACT53J,284,452.19,2025-04-14,Brakes,120
MUACFWI0BTVWQIMK2,285,294.43,2025-04-11,Oil Change,198
RNQA880662ATYSK7Z,286,241.94,2025-08-05,Tires,66
M1V9WGF8CZN5UA4FS,287,562.36,2025-06-03,Tires,171
GM4TFLL2WWE85ZWZO,288,147.96,2025-04-07,Oil Change,24
ZLW6EBVJ9WMCOPPRY,289,612.52,2025-07-26,Brakes,72
3BPC7Y55FMXH6L4BB,290,134.9,2026-02-06,Tires,114
K3T6X8F18PPFZ8QKQ,291,479.2,2025-12-30,Tires,150
J68I6JOF3DV0IZJWI,292,2397.23,2025-09-18,Brakes,189
TLSMX38W8JU5FQVFB,293,238.88,2025-08-29,Oil Change,42
NZ5NKC6SDEOI320KH,294,179.36,2025-07-24,Tires,99
QB1ASGY3FUROINB4H,295,373.64,2026-03-26,Oil Change,6
J5X0FCMC54AI4D41C,296,1981.21,2025-07-28,Brakes,45
1TTYKMBGP0ENQIHSQ,297,153.62,2025-05-24,Oil Change,3
17AQ8PSS53SUUF8XV,298,149.03,2026-01-08,Oil Change,27
NQ3LDFZ3KT4HLUATY,299,580.84,2025-09-29,Brakes,180
6CDRAQEMJM3CU5GCZ,300,534.9,2025-04-23,Brakes,75
4I8S9XE1RA02W3SVI,301,582.76,2025-07-18,Tires,150
TVBSVF0MAET73PUE8,302,76.38,2026-02-06,Oil Change,162
B404P1CD2RBN61DPS,303,699.58,2026-03-13,Brakes,57
4HXDK1429V9XKZYLM,304,122.12,2026-02-17,Oil Change,174
K1W3TOBA2N61T8KJA,305,200.25,2025-07-27,Tires,72
NCG8KQTLW46RC5BAX,306,722.19,2025-07-06,Oil Change,42
GQGK53QY3RZRL2GJO,307,863.91,2026-01-18,Brakes,57
VYC5LNMEHFR2NMETR,308,307.27,2026-02-07,Oil Change,174
LSEUBJ5ZI34FINJJ8,309,387.82,2025-11-05,Oil Change,75
TLSMX38W8JU5FQVFB,310,102.01,2025-10-27,Tires,87
DPAWAX25KWZFUU526,311,193.54,2026-01-23,Tires,102
PO2YHX4ANFTCWCXMW,312,117.84,2025-06-10,Oil Change,135
EOZ8JA0BY1TWWRW9P,313,267.18,2025-03-15,Oil Change,144
M32H6TJUMEH69AM77,314,687.27,2025-11-18,Tires,129
DHRKGI684I5XBYIWR,315,184.74,2025-08-02,Oil Change,156
4PZ69P4PUIIBYI9WY,316,601.9,2025-06-29,Brakes,75
URCXGEWDCLJTP5MLD,317,646.97,2025-05-08,Brakes,198
E8Z5WS7ALYQI8K791,318,620.32,2025-10-24,Oil Change,30
060D87LUVOMXF3C22,319,462.52,2025-12-23,Oil Change,24
MI87GW1MBPP9U8IX4,320,119.02,2025-06-25,Oil Change,39
PO2YHX4ANFTCWCXMW,321,127.17,2025-07-22,Oil Change,141
HNME4CZSI97CQP968,322,605.92,2026-04-04,Tires,24
0ZCYUOEQA3P9KP783,323,267.71,2025-12-16,Oil Change,66
RA9841E6C9RUIAYTX,324,318.27,2025-11-19,Brakes,189
JUPYUTRIK60XF63GS,325,406.58,2025-04-19,Oil Change,90
U9VGHOIV8YUMYYP9F,326,230.57,2025-04-24,Oil Change,153
NKK8MV62Q837LV1T8,327,469.89,2025-07-06,Oil Change,192
ZWNZCJS7ST5RPPGUK,328,96.51,2025-12-07,Oil Change,54
85CRXV7BPI4XPFI4X,329,113.92,2025-08-24,Oil Change,15
53G3D2LERAOVDWFW6,330,1556.06,2025-12-09,Brakes,9
09WHUJTIMNQG8CYG9,331,121.99,2026-03-08,Oil Change,111
3K78FGQSOSG862EF5,332,161.05,2025-11-28,Oil Change,174
97UY1GZ7JMW3B3ZHH,333,580.08,2025-10-17,Brakes,147
WAXTFP4K2HV72SIH1,334,166.67,2026-01-05,Tires,93
SQ40AJNMNA7DHVQSP,335,651.69,2025-05-29,Brakes,84
YEM6KQ4W4VY0LD63H,336,204.92,2025-09-06,Oil Change,120
JATT9UUUD2FTEVRTY,337,94.59,2026-01-21,Oil Change,108
7MB9J629IJ17TLHLP,338,331.29,2025-02-05,Oil Change,6
QY2WOGGIMAF0MEA2X,339,348.48,2025-11-05,Oil Change,87
ECBI327XDU1N5AL32,340,266.9,2025-12-08,Oil Change,3
XXRL80WH60F4L88BB,341,708.83,2025-10-06,Tires,27
795HFQOD6DBQ5UT8G,342,184.66,2025-06-03,Oil Change,198
TE11M7HIC7IK1DH78,343,82.44,2026-01-16,Oil Change,114
9DGKSWF1IHFLRZ1HJ,344,807.63,2025-02-27,Tires,171
P6V0W0FYARDOH9FLG,345,127.18,2026-02-14,Oil Change,45
DMEGLPZ8PH8X912MM,346,308.92,2026-01-22,Brakes,39
2JOV6PXGX4OWCYOX1,347,97.21,2025-06-04,Oil Change,60
TC975AAX1ISEFG84Q,348,169.75,2025-05-17,Oil Change,66
W98O803NGSW8HLWQQ,349,626.34,2026-02-27,Tires,45
YYQC3M5EUORPHLH9P,350,157.97,2026-02-23,Brakes,174
7PE4JTEPLBLJQ1J9G,351,494.79,2025-01-19,Tires,183
ANGZQMORELPJD2XL6,352,145.06,2026-04-09,Oil Change,36
GM70E1Y12DNKF1HID,353,341.86,2026-04-10,Brakes,81
X0SUBE4VA07YU19W2,354,95.97,2025-04-14,Oil Change,54
1GSOBX553385WBZLA,355,403.5,2025-06-03,Brakes,156
YUIENC5URW7TA9L26,356,463.41,2025-09-23,Brakes,75
W9RHAG2H4G5KTEHWL,357,418.73,2025-12-16,Brakes,138
0T66RRLK0RGGR1U36,358,90.57,2025-04-02,Oil Change,120
SQ5VJLOH6ZUX7C89K,359,242.01,2025-04-06,Oil Change,120
41DSAY59UZHIORT30,360,98.87,2025-08-05,Oil Change,159
2Z4JZ3AZGMIMNW0T2,361,141.35,2025-06-25,Oil Change,144
788J6HXDFLLOJ24WD,362,693.85,2025-08-09,Brakes,27
ZKHHAQSEMPTYKI8CK,363,108.74,2025-04-07,Oil Change,144
16YLF0MH9M8TO7IMB,364,124.39,2025-11-04,Oil Change,156
95DFKNXZ6JX0WX975,365,125.4,2025-07-09,Oil Change,54
CKKWO6ODL13JE6U06,366,472.47,2025-12-23,Oil Change,21
DB9DH0CJR1CV147BH,367,218.93,2025-06-17,Oil Change,81
K1W3TOBA2N61T8KJA,368,833.6,2025-01-16,Tires,57
R975LBKNGUG94E3DK,369,456.44,2025-03-06,Brakes,132
CL8WDGH03K31MVIIH,370,91.04,2025-10-10,Oil Change,21
VFBV9KMZH32K9SEEG,371,138.72,2026-02-13,Oil Change,81
G4SBRHN9EJVGK74WA,372,735.86,2025-11-04,Brakes,147
Z7PM88W1MUHDGXI4T,373,231.3,2025-11-15,Oil Change,6
KOR7HT132Q04QV9AN,374,380.82,2026-03-29,Brakes,144
YDNIXA327USBEICDU,375,222.94,2025-01-20,Oil Change,42
BZYPXFYPBN4QAW67L,376,500.02,2025-01-27,Brakes,90
MEETN3Z12KNQUDT96,377,233.24,2025-12-27,Oil Change,174
M2B0PXCU0A6N7V5LF,378,621.37,2026-02-18,Brakes,165
28V6TNUT4VHZRVJJV,379,101.82,2025-09-10,Tires,21
JR8DBBA5PHQE7R8WN,380,85.27,2025-10-27,Tires,48
PR9LSEQCTKIXS7URZ,381,195.54,2025-11-22,Tires,3
XDUWOMFS0W9F45LRT,382,542.39,2025-10-30,Brakes,132
R3I5W3UIOD31UV7JX,383,436.99,2025-02-12,Brakes,51
IQMAE1FGNNHQEJDQD,384,233.8,2025-01-17,Oil Change,159
7V2X0GJ60PBP3SS7M,385,340.73,2026-02-05,Oil Change,54
4MH9AV75QP2CWXHB7,386,312.42,2025-05-20,Brakes,120
XF2M2TAT9N336JEBT,387,476.76,2025-07-28,Brakes,87
KM27E1ZJQ4VYK462P,388,1512.35,2025-06-22,Brakes,123
F3SL6HNH260R1FP0G,389,426.93,2025-11-07,Brakes,12
1HZOLOQ3WORL23X6U,390,125.82,2025-06-15,Oil Change,90
HQUX761K7LID6EOX4,391,182.33,2026-03-25,Tires,183
Q9HEDWZ6DEDVPK5VM,392,187.71,2025-02-28,Brakes,168
SJXXDV8HZD25NADQ1,393,823.72,2025-06-23,Brakes,156
1TTYKMBGP0ENQIHSQ,394,452.08,2026-02-13,Oil Change,141
GK7GQIJANB56I880B,395,264.73,2026-03-19,Brakes,9
CD4VANWMH2EZTGC2M,396,150.77,2026-03-28,Oil Change,138
WPR3QAFA1I6CXLCQX,397,871.77,2025-12-26,Brakes,6
VHJ7V26NUN7I8UZ6O,398,384.11,2025-11-29,Brakes,9
H2CSZXOT30VJ1FGCB,399,128.85,2025-09-20,Oil Change,174
ULWV5CWB4NAM3F9TB,400,161.11,2025-07-25,Oil Change,135
WOCJ7M49STWI3V4TW,401,161.84,2025-01-11,Oil Change,159
W3JUU4SF1ZKY26HMC,402,1202.06,2025-03-03,Brakes,126
H8T6W7XOH27DKY7ZR,403,182.01,2025-01-20,Oil Change,123
10RI4Q8XASW4ID63B,404,122.76,2026-03-10,Oil Change,138
07IBI8DVG6CM5L0W2,405,118.63,2025-10-26,Tires,24
4VG04ELPL5SW0F35U,406,726.92,2026-03-29,Oil Change,177
FXHC2DEQUV9RPJTEU,407,167.76,2025-01-17,Oil Change,42
FFNSO94JHGNA76P77,408,246.06,2025-08-25,Oil Change,99
L0ZPGMYWHJNXS5HVJ,409,504.09,2025-05-11,Brakes,57
XBORL4GJY1V8UZFF5,410,328.49,2025-07-16,Brakes,57
JS3B6WUTFFHIQHL87,411,160.68,2025-10-15,Oil Change,63
XQOI3UNNNCY8EWYKU,412,543.28,2025-10-08,Tires,69
0UJLVKUFHUPKWUBXP,413,527.28,2025-06-28,Brakes,111
W7H2YSM20G2832YWO,414,251.46,2025-06-10,Brakes,120
ZZFC2NEDGLD0R1VYK,415,327.0,2025-02-18,Brakes,48
K6PK3INI25EV9IL2I,416,189.89,2025-04-18,Oil Change,21
0U8DLLK18ZP9BRYAS,417,153.13,2025-04-02,Tires,36
U9VGHOIV8YUMYYP9F,418,674.73,2025-09-12,Brakes,186
DB4P9CVP1SXSLU5XJ,419,137.43,2025-06-30,Oil Change,132
5SPPJ0XSB97U8CAV8,420,658.35,2025-10-10,Oil Change,141
ZWS81ESSU7INQST5L,421,513.7,2026-02-11,Oil Change,171
D4TN4XW2JDXZ84N1S,422,195.8,2026-02-28,Oil Change,87
J0SEJX7OOTCSCCIFT,423,636.0,2025-07-07,Brakes,24
D220V5M9LKLJYC752,424,75.41,2025-01-19,Oil Change,36
ZOADN7W38E666Q9CA,425,224.14,2025-05-22,Oil Change,171
SCTRZK74A8FH5FMF6,426,258.39,2025-11-12,Brakes,138
P72R99VREOHTQ5Z5J,427,639.74,2025-08-09,Brakes,39
LEBYN2RQFLMWA7X2H,428,832.87,2025-08-16,Brakes,9
HFKNGT6M7I2LM9XJ0,429,360.83,2025-02-02,Oil Change,24
W1Q1VTNAWXJ91VCWD,430,408.37,2025-09-10,Tires,3
K3T6X8F18PPFZ8QKQ,431,689.98,2025-08-29,Brakes,195
44C527DRKC2MK52US,432,827.01,2025-01-29,Tires,21
N480WRU0V9VT3FH4O,433,107.37,2025-09-17,Oil Change,186
29MKGSN81NJ68LWLH,434,484.08,2025-07-16,Oil Change,81
V5DWBWX9EBAKVD2JU,435,303.43,2025-09-15,Oil Change,177
FZME87JV30294Y0SA,436,558.26,2026-03-13,Oil Change,108
GTL3RW2TGB8K3IWKZ,437,488.85,2026-01-12,Brakes,132
2O1RFFCIDVWLWNLZY,438,118.25,2026-01-19,Oil Change,135
HJZD0XIKW8S31JRCU,439,153.01,2025-11-23,Brakes,42
T2ST460QKNWIHL38B,440,1884.11,2025-03-04,Brakes,156
DM95X7WSVITEGDX95,441,134.84,2026-01-26,Oil Change,174
CNPUTT63YJL2NCINK,442,1649.85,2025-03-18,Brakes,21
8HFDRIMAKSIWRRN1X,443,2422.54,2025-03-10,Brakes,123
H0E2EC99YGCDMPLEQ,444,141.39,2025-11-20,Oil Change,63
Y4GJ0TSRVYHHJU8XP,445,270.99,2026-03-19,Oil Change,126
JPES0FM9YHI8EIN2F,446,177.43,2025-12-14,Oil Change,174
7E2P3TLCUNZVZQ8ED,447,217.67,2025-04-05,Tires,180
XN2075QJLTZ8S7CRU,448,321.73,2025-08-01,Oil Change,39
VOUMGGH3KZO5HR6PW,449,993.54,2025-09-13,Brakes,129
O3EYGI5TQ7DBSAWTB,450,544.88,2025-02-13,Brakes,57
LJ6U6KUHZJ11ZG65R,451,498.46,2025-09-18,Brakes,174
ETNPHPAOLCO9IZ43U,452,189.13,2025-04-08,Oil Change,39
4SMRMWWAMER55NOJX,453,768.08,2025-05-25,Tires,78
Y5PRA8Q3502JNS03H,454,449.2,2025-07-09,Oil Change,90
O8EWRTWXTPKLAARAQ,455,667.59,2025-05-02,Brakes,195
0DU010EAWK7BLUFMN,456,228.03,2025-02-20,Brakes,75
U8HU46AG4S4PPFCQS,457,118.66,2025-01-31,Oil Change,45
5MEDQJN1VO7EVB3EZ,458,244.71,2026-04-09,Tires,144
FXWZ1I6SJV5NNPM9K,459,673.43,2025-02-12,Oil Change,87
HYMZGZDY5ZYDJD4WT,460,297.08,2025-07-31,Oil Change,174
1ZGWZJT5IRCHVYSO0,461,1106.39,2026-03-07,Brakes,108
4PXF7Q5M4H1865P5T,462,154.99,2025-05-15,Oil Change,42
8Y5Y6TB6IC0BLBRNG,463,511.18,2026-02-18,Oil Change,120
J7IRQ32PFQM4WV1W6,464,302.46,2025-05-17,Brakes,12
MGT3TQDKJSWO0H4NA,465,246.87,2026-02-27,Tires,147
YTAMOLQWPPAKLM7AN,466,280.47,2025-11-25,Oil Change,72
K9H0O1N5PONE55642,467,164.15,2025-09-07,Oil Change,156
MBJC6Q0JSSD4R3WPD,468,92.59,2026-03-06,Oil Change,111
62TOT0DRC51XKQF25,469,326.39,2025-09-29,Brakes,105
66X7NZCSZ2ZNROUAK,470,166.7,2025-03-17,Oil Change,12
X11LPXYSXXHZXZT5S,471,833.19,2025-03-10,Tires,69
YS735AF52WWWZTXTV,472,431.18,2025-02-12,Oil Change,114
F1P0VN3LJC0SE8ASP,473,557.47,2025-06-06,Brakes,75
ZQD0XBINKR6BPX0NQ,474,335.97,2025-12-11,Oil Change,93
YNN18EL2MCRU963WW,475,417.82,2025-08-07,Oil Change,33
4OOSOESYLA9IXIWPR,476,674.38,2025-03-09,Oil Change,153
C5E31UMUS055M6OBB,477,481.85,2025-03-15,Oil Change,111
BVXFBMKMM9KKC1ZD2,478,669.06,2025-07-16,Brakes,9
U9VGHOIV8YUMYYP9F,479,219.16,2025-10-29,Tires,75
VHJ7V26NUN7I8UZ6O,480,238.74,2025-06-10,Tires,141
KIQG35AJW4WK1INDP,481,101.38,2026-03-03,Oil Change,78
K55WCSK6OBBF1V3US,482,338.08,2025-09-08,Oil Change,18
4EBCHNKH4GGSNELTO,483,520.68,2025-02-08,Brakes,3
K8HLK5DQZ20BH76PV,484,568.35,2026-03-21,Tires,114
7JCROBR9IMZOUSI7R,485,90.27,2025-03-19,Oil Change,93
S1OKISZ0AG8L26K46,486,196.03,2025-02-17,Oil Change,45
3GO82JSOZ94EJVKLJ,487,379.38,2025-08-24,Brakes,186
7UIEYSWTZ1UHWY0CK,488,693.73,2025-07-02,Tires,69
70GGO21CVO0LH90L5,489,1481.48,2025-10-07,Brakes,174
PWJYLCHJX6UVQEK2A,490,213.43,2025-03-07,Oil Change,15
859EJZ94WMINML48A,491,150.88,2025-04-10,Tires,114
4WDPNP0XKL82NRT6Q,492,393.03,2026-01-04,Brakes,45
4KE5A4XUXVIVPO4EK,493,442.31,2025-04-15,Oil Change,99
WSPA4GE11T1WJ5ZCG,494,2214.86,2025-02-16,Brakes,66
T7JA0KGY0MYKYWQQE,495,135.77,2025-04-24,Tires,123
FTMR1N3PBFGDO8WRT,496,173.86,2026-02-21,Oil Change,174
IMTF4PX5SLOI8L7XR,497,474.29,2025-11-14,Brakes,54
3K78FGQSOSG862EF5,498,674.01,2025-03-11,Oil Change,24
7UIEYSWTZ1UHWY0CK,499,741.21,2025-09-07,Oil Change,117
E1I6CCTGN69YF78YY,500,1219.5,2026-03-31,Brakes,177
DI0GMT39F8WXE26QZ,501,102.77,2025-11-01,Oil Change,96
9ADQXTN4AB9OV1IMW,502,87.42,2025-07-08,Oil Change,45
4MZKWSC0P5HCV6VUQ,503,2183.34,2025-11-18,Brakes,126
CGPVOEVAWCQDHDY0E,504,1347.11,2025-08-31,Brakes,171
BRRW5LL22BQXECFRW,505,233.4,2025-04-30,Tires,45
PJFI532AXRV8QW5JI,506,409.8,2025-06-28,Tires,75
H7MPZCO0UDVABL5Q3,507,2437.85,2025-09-13,Brakes,162
YKNIRPGV8CK4CTE4M,508,464.14,2025-04-08,Tires,177
97RAB22OCJUFBT656,509,112.7,2025-06-27,Oil Change,171
R7AC8NT1PKF42TVNZ,510,122.69,2026-03-11,Tires,165
R8HACW841A3BLKQ29,511,685.77,2025-08-11,Brakes,15
J2VBEB16KMYUHMNZD,512,850.19,2026-04-07,Brakes,171
GN1M36HMV7NNBTCCR,513,744.16,2026-02-22,Tires,57
6ZG2CSYGPKAEOM51I,514,124.33,2025-08-02,Oil Change,123
22JM8UUZN26D3TFSS,515,491.72,2025-06-30,Oil Change,75
WAPAI1CSPIMHDYZZR,516,106.34,2025-07-01,Tires,72
QAVLV3B96IX5HTZQ5,517,156.89,2025-11-25,Oil Change,81
HJUTP1IO1XKR68X8E,518,559.51,2025-07-12,Brakes,126
JKJN670EEUNUQPRWS,519,401.28,2026-01-03,Oil Change,171
PEAPEFD2F8TVAWBG1,520,110.72,2025-06-17,Tires,12
PTVB8OKCUUTJ69U3W,521,159.83,2025-06-14,Oil Change,51
DJN7BPXG6X9GF4115,522,361.09,2025-08-07,Oil Change,126
U38BYC9TU3LB9TNMN,523,271.9,2025-02-05,Oil Change,81
J8LC3XVFXPZPW4HA0,524,126.61,2025-07-21,Oil Change,165
YIRPXKTW1P2UDU546,525,177.01,2025-11-08,Oil Change,42
P20XQR3QUB7YRLC2M,526,476.97,2025-08-23,Brakes,198
788J6HXDFLLOJ24WD,527,402.34,2025-07-17,Oil Change,111
8U0FRY8OY781KQT2T,528,166.98,2025-06-24,Oil Change,6
GVOB1Q399PD3XODC4,529,160.32,2025-07-18,Oil Change,75
CTUUD6JEP4IDMT16M,530,132.52,2025-10-21,Oil Change,96
DSQ6AGGBGVCFZWAZ2,531,708.64,2025-11-26,Oil Change,45
IH2YGVRFPLUCQWP9W,532,620.2,2025-10-06,Brakes,99
NC5PL5QSUUS8AHBO7,533,211.81,2026-03-08,Oil Change,60
9J0AIJR59317O8CQJ,534,899.46,2025-10-19,Brakes,108
1ASB50P70YOKSP7QR,535,885.45,2025-02-16,Brakes,141
TPKDZ67WHV16KLWCP,536,344.1,2025-03-09,Brakes,57
I6K19LZD5NZZI4OG5,537,723.4,2025-04-30,Brakes,9
FJ6UV9AGB8WZWO7M3,538,437.6,2025-11-02,Oil Change,54
4CICA5OZWDL65SQ86,539,1560.07,2026-01-27,Brakes,90
Q3IPNQRDLT9L1ZWV6,540,205.11,2025-01-17,Tires,156
VQLI9PQ3T0ZQZE59X,541,140.81,2025-10-03,Oil Change,96
8JHGWSK6D37UHOYDL,542,194.34,2025-07-21,Tires,153
JZM0L602FXVQH8WAS,543,665.15,2025-05-23,Tires,147
VGXEGCSX6640TAB0J,544,167.54,2025-05-19,Oil Change,99
NO1IXXV7BTHFMFWLU,545,518.32,2025-04-10,Tires,93
GVIFCUI4DE7UC22Y9,546,308.4,2025-05-09,Oil Change,45
KBMYVFRGDV0NU7LVF,547,758.91,2025-07-17,Tires,81
Y3WNLY8SP5ILA4ZWP,548,419.74,2026-03-07,Brakes,159
WT742P9QS8HRC0BDK,549,239.42,2025-05-01,Oil Change,135
H7HW52UMUQYOERM4A,550,160.86,2026-01-15,Oil Change,153
MTY6UK3YACVL73ADR,551,98.86,2025-01-26,Oil Change,6
Y7UXC32WB1SPVY1PO,552,242.82,2026-02-03,Tires,21
BHDPENMWO7J9WMPK3,553,870.96,2025-04-30,Brakes,3
FA90C3XF6IHCM5S7L,554,848.6,2025-12-30,Tires,99
DB4P9CVP1SXSLU5XJ,555,656.95,2025-08-22,Brakes,12
SQ40AJNMNA7DHVQSP,556,222.81,2025-01-28,Oil Change,42
QXX9OWQFHEFHH6D70,557,157.29,2025-02-26,Tires,72
9M1Y097VK8AUF5ABI,558,372.65,2026-02-19,Brakes,78
0DU010EAWK7BLUFMN,559,197.64,2025-06-06,Oil Change,165
KHNZFQX847JSQHZKL,560,432.99,2025-01-18,Brakes,153
TKJWX5ZMKVU1AJTOC,561,636.58,2025-03-26,Brakes,84
P679PWBLXJLBGAJH0,562,110.78,2025-06-03,Oil Change,189
RTCAQXGHG5TC9G70M,563,84.42,2025-05-06,Tires,159
XXRL80WH60F4L88BB,564,406.19,2025-04-23,Oil Change,132
YIK3Y7WCN0GAOJI21,565,686.68,2026-02-27,Oil Change,123
P8T0Y94P7T8CXNIN8,566,330.39,2026-04-04,Oil Change,132
CQBY1O39LZQHFJ44N,567,131.57,2025-02-06,Oil Change,72
KURKJKLW88JAZM087,568,83.85,2026-03-01,Oil Change,51
KIQG35AJW4WK1INDP,569,369.24,2025-11-21,Oil Change,93
CUBCX2KVR3MPPIAKT,570,694.92,2025-04-17,Brakes,18
ZHCFEBVNBASV2WCDC,571,138.99,2025-08-01,Oil Change,33
DSAWLQR41IQPFVX7J,572,88.08,2026-03-08,Oil Change,153
LFSMCY257JUFXM9N5,573,2427.65,2026-02-25,Brakes,12
65SPE4YOFXKVGUBP9,574,377.88,2025-04-16,Brakes,132
6UERDB08XGY3G5FC6,575,160.63,2025-01-23,Oil Change,96
TN5BA26W30J9JTXT4,576,522.99,2025-07-27,Brakes,198
3DXC2TE30L3HCGK1L,577,258.85,2025-10-21,Brakes,102
VEAS0ITL12PD2Z1EK,578,578.73,2025-03-13,Brakes,93
PWWGY8S0OK13BFO0T,579,901.22,2025-02-05,Brakes,102
IL71QW97SMIOESGH4,580,1977.34,2025-09-14,Brakes,51
FAVZNI6T03FPKL1CO,581,85.53,2025-06-13,Tires,30
FAS6MQCSUIH542B89,582,325.19,2025-07-29,Oil Change,21
JRU3K744CVP0A07JF,583,87.95,2025-09-08,Oil Change,144
8SZAJSZ1I9FRN0OHD,584,229.85,2025-02-25,Tires,57
WAEGY60CG3F7LTHK8,585,162.56,2025-10-04,Oil Change,39
F4JHSDT9EJMNIFP7D,586,325.52,2025-03-15,Brakes,129
097R717FKISTCMRR6,587,527.43,2025-08-13,Brakes,168
7L0EMTDB2D3XNEBN3,588,423.43,2025-05-20,Oil Change,120
ZD5LJ8YCLYIJA8GAL,589,469.56,2026-01-19,Brakes,39
Z7PM88W1MUHDGXI4T,590,717.02,2026-02-22,Tires,132
H43IPVXUDC63A1S0F,591,185.53,2025-06-18,Oil Change,81
DBRZYR5A9J3LZ82ZM,592,128.76,2025-08-05,Oil Change,108
S3VBCKBM4OCPA1RTU,593,96.24,2025-12-31,Oil Change,21
4PXF7Q5M4H1865P5T,594,472.35,2025-09-07,Brakes,117
K7BD306S4CM46K63H,595,88.71,2026-03-05,Tires,153
MK7B8A7JD4LDTE93C,596,102.88,2025-08-05,Oil Change,111
K9FQZKXF75E2I9BRS,597,538.37,2025-05-22,Brakes,69
3P7Z3HBKY1HE4EVXT,598,129.54,2025-04-12,Oil Change,39
S4PPBS7IZ2A7PI935,599,212.48,2025-06-09,Brakes,51
2G8AH011D0F4ASK3V,600,306.09,2025-10-14,Brakes,99
OXEEINIWAO8MMUNCZ,601,92.09,2025-05-02,Oil Change,45
72G703LSMLNUYJ1ZG,602,295.21,2025-07-21,Oil Change,120
I7PAZLR3I8FN375EJ,603,401.63,2026-01-03,Brakes,114
ICER29U5P7NI8RT75,604,391.01,2025-07-06,Oil Change,174
9TJPJEVE629JFX6I8,605,157.17,2025-05-08,Oil Change,168
QOAPKEGFG5DG5B9JL,606,159.61,2026-02-14,Oil Change,60
RLFHBHY9C2WKAOK2N,607,236.2,2025-03-22,Tires,21
SE0Z67HM6OD9944TP,608,98.4,2025-08-12,Oil Change,189
5VS77Q3WV1WOT6N40,609,692.9,2025-01-25,Brakes,42
X3D4RCAUG2JG0ZNRL,610,204.71,2026-03-29,Oil Change,123
SNUM1S08HBV9AJNTF,611,103.32,2025-01-20,Oil Change,72
56578I5X875FM6GC5,612,1749.75,2025-05-15,Brakes,177
URQCQLK470UN0MXYO,613,240.42,2025-05-18,Oil Change,48
YK367D3FWPH662C79,614,197.66,2025-01-15,Tires,63
9KTLWH9SJK0UJJ1A0,615,1729.21,2025-09-12,Brakes,129
R18B6P0DZ4AEF9K04,616,499.87,2026-02-27,Brakes,51
IROR1MW2B5AUJGMER,617,167.64,2026-03-13,Oil Change,132
ESNNXPBUW7MDWXZ03,618,114.62,2025-01-23,Oil Change,36
C0ZZV670W301OAWO7,619,175.72,2025-02-20,Oil Change,183
BPGLVBN21Q49Y7QDC,620,81.0,2025-08-22,Oil Change,141
W9RHAG2H4G5KTEHWL,621,196.47,2025-06-03,Oil Change,21
2VXPRWZMEMJ4KYLHW,622,183.37,2025-09-05,Oil Change,96
JCLZ6ONP0WNCO616H,623,149.6,2025-08-06,Oil Change,81
247PL4ZQWSWAKJVMT,624,205.82,2025-10-04,Oil Change,15
BJR6U2EF92NH05ARH,625,108.9,2025-05-04,Tires,135
WOCJ7M49STWI3V4TW,626,1854.78,2025-10-22,Brakes,189
NLNATH50WGVHEK0X8,627,791.15,2026-02-25,Oil Change,150
7FLWN61EKBKGFXUOC,628,522.52,2025-02-14,Oil Change,189
QO19BM5UXYUDP3S0R,629,364.17,2025-10-17,Brakes,117
V9LI8UX0WEJC9O98O,630,712.73,2025-05-13,Brakes,99
YYQC3M5EUORPHLH9P,631,99.7,2026-03-09,Oil Change,66
MKOI2X2DZHAEVA9EJ,632,92.9,2025-01-19,Tires,132
4KRXJ6G05U4J1O1LB,633,403.23,2025-10-22,Tires,186
ZBOCNN5A0BZQAJ6NH,634,590.47,2026-04-08,Brakes,87
E1I6CCTGN69YF78YY,635,140.65,2025-07-18,Oil Change,150
K9FQZKXF75E2I9BRS,636,384.25,2025-06-09,Oil Change,138
8DKA98KYVCINZ4EUI,637,153.84,2026-03-13,Oil Change,51
0D5QYC09AMGPPCJ1O,638,788.6,2025-12-25,Tires,123
1OZNM8NGX7AIBIDF9,639,177.81,2025-06-30,Oil Change,78
G3I2UW42G9G1VGY8L,640,146.82,2025-10-25,Oil Change,57
KUA6IDIYGIMAKECPX,641,181.07,2025-06-19,Oil Change,42
PARDPDX3HLFQW611F,642,224.02,2025-05-19,Tires,108
3TKA7NCJR0ICTD44N,643,424.58,2026-02-13,Brakes,81
R4FTZ9ZYSQSHI7K8R,644,613.88,2025-08-29,Tires,99
MEVOKKC5FIO1D0ZRC,645,206.54,2026-03-11,Tires,159
ZBOCNN5A0BZQAJ6NH,646,84.54,2026-02-12,Tires,87
5SPPJ0XSB97U8CAV8,647,154.33,2025-08-31,Oil Change,195
43V1ARVU0QZV3UHPB,648,547.74,2026-01-24,Brakes,21
N9WNE9JUVYH37RT9J,649,2162.55,2025-07-20,Brakes,69
PYTLH84ELKV90O9QI,650,198.44,2025-02-25,Tires,27
RP6CIOQ54ZSETBN5B,651,439.49,2025-08-23,Brakes,132
683PJ1SWOJCNJ8DI8,652,760.97,2025-04-02,Oil Change,114
GHLFQEPKMJDH6CV0T,653,164.43,2025-06-24,Brakes,189
9HAQ241KGF2WBC6J5,654,277.34,2025-07-25,Oil Change,33
TPKDZ67WHV16KLWCP,655,325.51,2025-04-11,Brakes,198
TRGEBBM8DKVM4ZBVI,656,865.78,2025-03-15,Brakes,93
IN01K0EPRKHCEZW7Y,657,231.79,2025-08-03,Oil Change,51
INYP7DWC7TBHRKWZG,658,685.37,2025-02-24,Brakes,135
2IO9EP991ETD3SREK,659,185.09,2025-05-24,Oil Change,195
2FNO0GHQJVYJOVZWZ,660,387.59,2026-02-11,Oil Change,147
GA8NGQOZEKDHY2LMO,661,827.87,2025-12-27,Tires,129
YIPL28DTVKA2ELH3N,662,166.34,2025-01-30,Oil Change,84
RNQA880662ATYSK7Z,663,225.33,2025-11-21,Oil Change,144
M4B5QHITS7PZFBFJV,664,694.2,2026-01-05,Tires,159
XD8OTHVD4ZE5SQTVV,665,274.54,2025-02-02,Oil Change,42
CG7WDQUCM4LTO1RHP,666,140.91,2025-10-30,Oil Change,165
DBJHWM1R3IOT3BGUB,667,1112.11,2025-02-05,Brakes,114
VFBV9KMZH32K9SEEG,668,87.72,2025-03-22,Tires,165
KTYKZ2QZTX34FLTM6,669,1633.52,2025-10-25,Brakes,21
RJCZQS0FBL4SVNVPY,670,144.47,2025-01-14,Oil Change,138
QAX3XS6Z7GTC7UY43,671,101.13,2025-10-06,Oil Change,156
1TTYKMBGP0ENQIHSQ,672,700.05,2025-10-12,Tires,153
DSAWLQR41IQPFVX7J,673,158.79,2025-01-19,Tires,114
BN93WRIJ7WZ10ZC7H,674,578.14,2025-02-09,Oil Change,129
9WI402G05A6F1FV9O,675,314.44,2026-04-09,Oil Change,195
EQ0MNJR9XK3KOV8Q3,676,102.98,2025-05-19,Oil Change,120
S3TFWCP0MO5WD6O9H,677,526.34,2025-10-26,Oil Change,162
P5ILWR0BMRGV3BWLW,678,98.21,2026-03-12,Oil Change,15
IF770RP88T3OQXHGG,679,211.84,2025-12-29,Tires,189
8JL153HUBLI6ZN814,680,103.8,2025-08-16,Oil Change,192
0ZCYUOEQA3P9KP783,681,745.06,2026-04-08,Brakes,162
J0XS3ZS4946NYH4HD,682,226.43,2025-05-08,Brakes,153
OZKB90GTKITQFJ24A,683,101.54,2025-06-03,Oil Change,165
RG1H8K6DKJ2MEUMOX,684,400.67,2026-03-16,Oil Change,15
PWVS5D4NARSAD3DHP,685,775.68,2025-05-11,Tires,141
LC9EZ0WP7SB9W4AK1,686,311.45,2025-07-08,Oil Change,18
R2SN7XRX4AH1PIPMV,687,305.83,2025-06-07,Brakes,141
CMPMY7UMB35QKRU0C,688,119.77,2025-10-30,Oil Change,117
UEAZQMR1LN5KYRCIW,689,499.74,2025-10-11,Tires,45
3QI7X190A8B8L9ZN3,690,155.27,2025-01-22,Tires,15
498N480Z9FGPWC4FK,691,159.79,2025-04-11,Oil Change,180
I0H7S65J8RSKV92FQ,692,375.26,2025-12-10,Brakes,30
NKQ6B8W4AVFNE1PCH,693,420.34,2025-09-18,Oil Change,57
XR8PI5X1ND9VXQ9OV,694,119.94,2025-11-11,Oil Change,147
TC975AAX1ISEFG84Q,695,108.56,2026-04-01,Oil Change,114
P0CJUWY2RWMPIBYVO,696,139.34,2025-11-16,Oil Change,120
BASL25AX9E0JHZPI7,697,683.37,2026-03-16,Oil Change,6
QKPN2ODRIQ6KVUI33,698,857.69,2026-03-17,Brakes,135
3ICCGFROJXBIAFS5Y,699,185.35,2025-07-20,Oil Change,129
53MB98Y2X15XVH6OV,700,587.72,2025-10-03,Tires,114
HSPA7QZ2DS7TJJWS3,701,114.91,2025-05-29,Oil Change,51
HQMFJ8ORQGQUV8CPC,702,193.98,2025-03-19,Oil Change,132
J68I6JOF3DV0IZJWI,703,532.33,2025-06-18,Brakes,150
NNU5QP26FXYFWCHOT,704,1218.02,2025-06-28,Brakes,54
785LM7DAVEK9PFA9U,705,412.6,2025-06-17,Brakes,129
MISKT4JI3180WRZIS,706,216.52,2025-10-05,Tires,177
FFNSO94JHGNA76P77,707,117.64,2025-11-28,Oil Change,84
HLWH89KY1JNIBUQE7,708,890.2,2025-02-20,Brakes,66
9SX5PNJ6OISJBNCP3,709,570.95,2025-02-24,Oil Change,57
CJESO2IRHHEQNEEZF,710,220.51,2025-04-16,Tires,120
3DVIRMZJGR0QN32FF,711,140.95,2025-03-12,Oil Change,183
L7LI40POMUQ9DBWB4,712,1712.41,2026-04-03,Brakes,6
ANHKYVQEY3J7SORHH,713,1012.75,2026-01-04,Brakes,6
3S7Z00UK0EBAW0BJP,714,163.53,2026-02-07,Oil Change,30
060D87LUVOMXF3C22,715,704.77,2025-11-05,Tires,27
YTXTQPFN96CVVEVVS,716,662.78,2025-01-11,Brakes,60
L8WC3GW8JTXE5FSQA,717,683.49,2025-05-01,Brakes,171
I5F9KJZP3FW272LYM,718,557.79,2025-01-19,Tires,171
DPAWAX25KWZFUU526,719,170.69,2025-10-04,Oil Change,147
ZBOCNN5A0BZQAJ6NH,720,128.29,2025-12-10,Oil Change,159
IWM84J25FK5DSJSRS,721,515.67,2025-05-04,Oil Change,198
ZLLTROCX75RVMN5CK,722,154.36,2026-03-29,Brakes,90
D7GMXBZ18VEQNBNT3,723,838.42,2025-12-17,Tires,168
CKKWO6ODL13JE6U06,724,150.71,2025-02-18,Oil Change,117
K3CZAXI5NGMA5T78Q,725,1856.23,2026-03-31,Brakes,60
JRNGWENNMU0QF2VTO,726,642.23,2026-03-09,Tires,42
CZBZCZ5JK954RAJP2,727,254.86,2025-04-10,Oil Change,198
TZST1947XJTZB922K,728,612.08,2025-06-06,Oil Change,39
HYMZGZDY5ZYDJD4WT,729,602.47,2025-12-30,Tires,30
PCP8H4CHNJFRMPMSX,730,116.5,2025-03-18,Oil Change,81
IXJDOR4ERANUWH9IO,731,735.49,2026-01-22,Brakes,123
DSQ6AGGBGVCFZWAZ2,732,164.22,2025-03-07,Oil Change,129
IZ12JQDE2K4FNVCC2,733,694.99,2026-03-14,Oil Change,21
63R4RTQY587UP7W0J,734,535.62,2025-05-13,Brakes,3
E1I6CCTGN69YF78YY,735,115.47,2025-09-20,Oil Change,153
XH1AAA6TSXGSN3736,736,539.26,2025-08-27,Brakes,15
TKY0I6W12PQ4ZRPHN,737,243.72,2025-05-24,Tires,141
RNMZ84KX036OHHS7F,738,146.83,2025-12-17,Oil Change,189
CJBL9K6SAHWCBU1UR,739,1887.96,2026-03-13,Brakes,114
3ZFSJLOZ6GGCGMYRO,740,475.47,2025-06-28,Oil Change,75
IF770RP88T3OQXHGG,741,340.23,2026-01-15,Brakes,72
4P9U78EVLT9FDV3WP,742,119.47,2025-07-31,Oil Change,168
TROB9WEV82K17HKSF,743,206.1,2026-01-24,Oil Change,168
YORBQB0J8YWS6BXOR,744,100.52,2026-01-13,Oil Change,39
UX8M1WI6X1P8PXZ6J,745,101.7,2026-03-07,Oil Change,48
ZKHHAQSEMPTYKI8CK,746,113.57,2025-10-25,Oil Change,135
CZBZCZ5JK954RAJP2,747,496.01,2026-04-04,Brakes,183
MAAG4OVMQKI6UW277,748,483.54,2025-08-04,Brakes,120
YC0SJ7X45VNOBEKDI,749,339.7,2025-05-16,Brakes,108
YESM0LHAUQ52BDXKV,750,267.89,2025-12-20,Oil Change,147
5USBM4MPKWB4SK10H,751,740.44,2026-01-31,Brakes,36
56O7581NR954ZSEQ3,752,222.9,2026-02-10,Tires,78
U8HU46AG4S4PPFCQS,753,673.18,2025-07-19,Oil Change,180
8VMB8CDYLP81OM784,754,203.03,2025-03-31,Oil Change,36
4VQSP3P9VA188HAR6,755,231.8,2025-08-07,Oil Change,63
UZ3FC76QXB0X3NFMR,756,214.78,2025-10-05,Oil Change,138
CV1ORHYZ17I332QVA,757,1010.44,2025-02-10,Brakes,138
3QNC5GH5X2OF7MQP6,758,410.12,2025-09-01,Oil Change,102
XPYPG85LG0NS6XBK9,759,670.67,2025-05-11,Oil Change,171
VVES6AWPGEKOR2F3R,760,238.71,2025-06-04,Tires,90
16YLF0MH9M8TO7IMB,761,496.53,2025-03-09,Oil Change,48
D5MY6854ED5SCK50H,762,597.33,2025-05-04,Brakes,63
N6J85A8Z7IO1EOBRM,763,274.75,2025-02-08,Brakes,12
5VXGSDW7UO5LQ6PKY,764,97.59,2025-11-13,Tires,24
YKNIRPGV8CK4CTE4M,765,470.48,2025-04-23,Brakes,90
DQRGV8656LJRRBR46,766,77.27,2025-04-25,Oil Change,66
ZIFFSUXLKEMH3KIVB,767,361.02,2025-07-27,Oil Change,129
YSBJP1IN7L6E0HRIR,768,317.64,2025-08-27,Oil Change,24
YKNIRPGV8CK4CTE4M,769,436.58,2025-02-26,Brakes,3
8PM8H9ATYEVP9J1CL,770,96.07,2025-11-16,Oil Change,198
VBR1OUHQQST70GH03,771,267.3,2025-01-15,Brakes,198
U1XCGPDCCSID1TPRF,772,325.63,2025-04-25,Oil Change,69
BR1REN3V80V30YLCX,773,580.47,2026-04-04,Brakes,60
51SR0ES3RLUGTLWMI,774,854.41,2025-08-14,Tires,123
0NO78BWLQFMLSHVBY,775,1081.93,2025-08-06,Brakes,81
JN5H1GWEFBUP6B6H4,776,161.77,2025-05-04,Oil Change,57
Y3WNLY8SP5ILA4ZWP,777,1811.61,2025-10-26,Brakes,6
BPGLVBN21Q49Y7QDC,778,304.78,2025-07-23,Brakes,81
3XQNXS91VKX5W53PR,779,661.05,2025-07-10,Tires,15
6ZDOK9SECP16RHZHX,780,111.43,2025-01-15,Oil Change,9
P96HZMIZSIXJPOIX7,781,525.13,2026-03-12,Tires,135
5VXGSDW7UO5LQ6PKY,782,1350.53,2025-12-20,Brakes,135
RQNM1MD9FBK3TAX4F,783,677.04,2025-12-16,Brakes,129
BPGLVBN21Q49Y7QDC,784,129.79,2026-01-28,Oil Change,120
PADOLFNT821M0498H,785,265.48,2025-08-21,Oil Change,96
RRYKHA51UCPJ4SDI8,786,752.5,2025-12-17,Tires,27
H4SMGKHPPFLVE9UB9,787,487.04,2025-05-31,Oil Change,111
BLSPBDVRNAENRC1NN,788,154.81,2026-01-04,Tires,129
4I8IPJ5MRGGWK64HF,789,107.16,2025-01-20,Oil Change,180
1BXOUHA7D0FXFZSB4,790,428.04,2025-09-28,Oil Change,90
RXAOGDBE2SQBYWCU1,791,157.73,2025-07-31,Oil Change,84
SU1HQLEGOA1I4DLAS,792,348.32,2025-02-06,Oil Change,57
DQRGV8656LJRRBR46,793,391.07,2026-03-29,Brakes,45
H43IPVXUDC63A1S0F,794,351.0,2025-02-22,Brakes,183
IF770RP88T3OQXHGG,795,370.49,2025-11-01,Brakes,69
W5CEILQTXDA6F7UFW,796,119.65,2025-01-19,Oil Change,87
DQ3PMJ42S1XZSQ5OL,797,228.41,2025-12-11,Tires,105
W4ZRL5NFTLU0M23Z3,798,686.98,2025-05-29,Brakes,96
4VCK69ET5OA5ZH353,799,114.34,2026-03-27,Oil Change,48
TYFPW7C84WJYORDZC,800,1515.24,2026-01-23,Brakes,21
78JGEUZGW5TNYWD1N,801,658.89,2025-09-20,Oil Change,195
CUBCX2KVR3MPPIAKT,802,216.5,2025-09-02,Oil Change,126
SNZ70T82VRDXKKZ3S,803,245.17,2026-03-15,Tires,6
K3T6X8F18PPFZ8QKQ,804,104.01,2025-08-31,Oil Change,84
AUURDLS03BAOE5C1G,805,1538.67,2025-01-30,Brakes,189
KFJYESDYOC8JHDDS8,806,740.5,2025-11-30,Brakes,150
F9KTD1B4JBYEXI5FA,807,331.15,2025-11-12,Brakes,63
V8WQMOIC8AS3WW7IO,808,395.4,2026-01-21,Brakes,117
MJ67P6UEAO844YP5T,809,550.41,2025-10-17,Tires,147
YCOLSHHX6CCGDM49G,810,532.21,2025-09-05,Oil Change,36
YQMJT5VQHTU60IA01,811,93.8,2026-01-28,Tires,111
Q3IPNQRDLT9L1ZWV6,812,713.22,2025-04-27,Tires,99
B4W5Y69IOZNTO74BQ,813,657.62,2025-04-07,Brakes,9
8OHU2J488WQOK2QD5,814,2160.19,2025-05-24,Brakes,111
I0SLUTDF8U33H44P7,815,274.74,2026-01-13,Oil Change,27
OAN1426GHJHQ0N3OM,816,2112.95,2025-01-30,Brakes,153
QRU0W4AGV0NX8V3RS,817,250.09,2025-10-22,Oil Change,60
6UAEEL1PWE38SEIXS,818,479.76,2025-04-21,Oil Change,21
SW6E0I99XB0MS9Y8T,819,123.77,2025-07-25,Oil Change,66
QHFK4U400E3RLAW9R,820,350.22,2026-01-05,Brakes,159
PTVB8OKCUUTJ69U3W,821,319.63,2025-11-29,Brakes,144
763NOWMFWGB9S2047,822,376.03,2025-09-18,Brakes,66
DR50B72Q23EV6JFOX,823,366.46,2025-07-23,Brakes,162
TXGQS1AYGAPJ4UKY2,824,102.37,2025-04-29,Oil Change,129
2F3DJ0UF1MXYSP8AG,825,88.45,2026-01-26,Oil Change,18
01C3II1MELK5P3SOB,826,287.38,2025-09-19,Oil Change,177
89JK0XDZVQR8BLP0J,827,378.85,2026-01-04,Brakes,144
TLSMX38W8JU5FQVFB,828,283.4,2025-10-08,Oil Change,75
61D845K2A9RM4HAU0,829,104.75,2025-12-03,Oil Change,177
V5U687EU4UEO1LVL5,830,320.5,2026-01-29,Brakes,60
HZRDV5F8DTE5IW4X2,831,237.97,2025-10-21,Oil Change,81
L95OZA97G14KJKMHR,832,791.04,2025-10-31,Tires,57
M1V9WGF8CZN5UA4FS,833,700.94,2025-01-31,Brakes,189
STU377PD69HK18P81,834,158.18,2025-02-06,Oil Change,108
BVE9W4XD4QY9NTNLG,835,268.54,2025-09-23,Oil Change,63
WGLJC6367Q8HT9XAG,836,668.28,2026-01-07,Oil Change,96
Y7UXC32WB1SPVY1PO,837,338.62,2025-05-23,Brakes,159
1B1W9E615AT1VMND7,838,115.47,2025-07-09,Oil Change,111
F4DW356LQV203KO8M,839,90.52,2026-01-04,Oil Change,159
1ASB50P70YOKSP7QR,840,441.59,2026-03-19,Tires,135
P96HZMIZSIXJPOIX7,841,493.65,2025-06-18,Oil Change,96
QMNN2H6MYNLTHT00I,842,81.01,2025-03-20,Oil Change,51
JTEE9B3U1B90IPV9G,843,563.11,2026-01-26,Brakes,162
56O7581NR954ZSEQ3,844,102.46,2025-04-12,Oil Change,117
247PL4ZQWSWAKJVMT,845,772.58,2025-08-20,Brakes,177
7S7VLF9VSIWLFVHTO,846,324.57,2025-09-11,Brakes,6
RMZX3R6SL1B6ULEVH,847,236.42,2025-09-05,Tires,24
M0ZLHWG3V56QTKOCL,848,349.79,2025-02-04,Brakes,123
5TGZ5DU9TEYF8KHEA,849,224.89,2025-06-09,Oil Change,108
MAAG4OVMQKI6UW277,850,833.54,2026-03-10,Brakes,162
9ATT08989OA0INF2D,851,666.72,2026-03-16,Brakes,141
RNMZ84KX036OHHS7F,852,563.06,2025-06-21,Tires,195
HKMNDPA7G7ZM4D4VW,853,533.21,2025-08-25,Oil Change,126
591VELOBY2NS0UCI4,854,627.61,2026-03-06,Brakes,156
VN9O9GZKR3DAGDC9Y,855,596.76,2026-03-16,Brakes,96
591VELOBY2NS0UCI4,856,444.02,2025-06-15,Oil Change,114
MN1FBZATTX3VQS88Z,857,502.55,2026-03-01,Brakes,6
8GFYWTG0BNR8E7T1F,858,284.87,2025-08-15,Brakes,75
EWFTEQCWPNEO09OVG,859,481.35,2025-05-31,Tires,162
3BPC7Y55FMXH6L4BB,860,162.22,2025-04-13,Oil Change,153
EZRQGAW7D3G7WB12V,861,416.73,2025-04-25,Oil Change,183
NRJQ4JPGBBD3GMHIG,862,591.47,2025-06-20,Brakes,18
SJXXDV8HZD25NADQ1,863,514.6,2025-08-12,Oil Change,78
RQNM1MD9FBK3TAX4F,864,228.86,2025-09-15,Tires,135
BKJYYRUXCGZMRUIHJ,865,1757.77,2026-04-04,Brakes,72
731AJLFTMPCH0DBEI,866,234.79,2025-08-11,Oil Change,42
VTNFY69FNBLB1Y3BY,867,151.92,2026-01-21,Oil Change,60
ERQ56G8RQ29R8U47N,868,247.68,2025-11-20,Oil Change,18
Y3S07BXVEXM6K0BCK,869,158.58,2025-05-01,Oil Change,114
WP0AB2A72CL778899,870,309.87,2025-10-29,Brakes,15
I6XRMAPW7B4GT39B5,871,111.66,2025-03-08,Oil Change,78
5H9ZMX95I9FUFYGR3,872,174.69,2025-06-22,Tires,45
YMQ57AMU8J729LKSA,873,328.11,2025-07-22,Oil Change,3
XC8RLC3FRB3MTOBQH,874,227.24,2025-09-14,Tires,165
KXX5R8KJ08A1JVMO8,875,475.38,2025-11-05,Brakes,156
U8HU46AG4S4PPFCQS,876,108.75,2025-05-22,Oil Change,30
HUC7JHZMMVFFJTMEA,877,756.0,2026-02-02,Brakes,66
4F39XF68EWBF2RIIC,878,2252.06,2026-01-02,Brakes,72
8KVW7WXXZ2YV05IC2,879,546.43,2026-02-18,Brakes,99
OJZEQCW295TVBVDQQ,880,159.11,2025-07-14,Oil Change,192
9M6MW7GBFGJE8IU4R,881,101.74,2025-06-03,Tires,174
LEBYN2RQFLMWA7X2H,882,152.24,2026-03-23,Oil Change,54
4VCPTK8ADWZFL30XS,883,761.42,2025-10-17,Tires,198
WOY4TDN89Y66V5BCM,884,482.57,2026-01-05,Oil Change,60
95SF3B4XRN4XMA1IG,885,258.69,2025-01-15,Oil Change,189
RGRO95V6709WF56GT,886,633.76,2025-09-20,Brakes,111
YK367D3FWPH662C79,887,142.52,2025-08-22,Oil Change,3
YUIENC5URW7TA9L26,888,206.6,2025-10-14,Brakes,168
LNU9NVJL63GDASHAR,889,189.22,2025-11-06,Oil Change,66
6UERDB08XGY3G5FC6,890,2067.27,2025-08-10,Brakes,33
HZRDV5F8DTE5IW4X2,891,523.69,2025-04-22,Brakes,90
QAVLV3B96IX5HTZQ5,892,454.11,2025-06-08,Brakes,45
5N6TKGKW5TSGB02RT,893,80.53,2025-03-07,Tires,198
YJE9RTJOOWWZ6RLLY,894,221.11,2025-07-24,Oil Change,138
OZ3OCTN9IRSG50MBY,895,819.92,2025-10-20,Brakes,114
JWGXAAO72ZRVDTBA6,896,190.76,2025-11-23,Oil Change,168
JZM0L602FXVQH8WAS,897,210.53,2026-02-14,Oil Change,33
SN0IKVOEBQFEKE5GI,898,111.04,2026-02-17,Oil Change,108
VLJDXC0HBZ1W8EWVZ,899,553.74,2025-10-20,Brakes,192
JRNGWENNMU0QF2VTO,900,123.26,2025-08-31,Oil Change,96
2PWZ6AF1D79SCZWJ5,901,262.69,2025-09-26,Oil Change,156
KH6WF8TTU0TZH6I6P,902,175.93,2025-01-22,Oil Change,69
3TKCKXSQXYG9IVWP4,903,1636.36,2026-03-05,Brakes,12
GN1M36HMV7NNBTCCR,904,153.83,2025-08-13,Oil Change,69
8SK1JFMN62YBZCQ9O,905,581.59,2025-09-11,Brakes,66
5TSCTNBXHHBU4F810,906,828.72,2025-12-23,Brakes,84
R42S7GB7RB7DFBBK8,907,157.03,2025-01-26,Oil Change,162
306WPUF8TQN8CHTBP,908,1868.26,2026-03-18,Brakes,96
FARWYZ9SVU8ZYN73O,909,101.24,2025-02-21,Oil Change,54
NZIHOJXQB6X5VADYM,910,643.48,2025-12-09,Brakes,51
R8S6CPC0FMY69LK8B,911,716.86,2025-06-23,Brakes,21
HSWNUAOYO5D3HG90T,912,295.96,2025-08-20,Oil Change,21
643EQPAOVKDXK32L3,913,322.0,2025-06-05,Brakes,72
1D84PL4L4OSXJSZJ2,914,119.14,2026-01-06,Tires,63
CTUUD6JEP4IDMT16M,915,114.15,2025-10-15,Tires,165
X4GTXAG11IXSXRYHF,916,181.99,2025-11-01,Oil Change,162
RSR1OHS5JNK3C8EXX,917,520.36,2025-05-21,Oil Change,192
LSEUBJ5ZI34FINJJ8,918,296.28,2025-09-09,Oil Change,117
0BPWURCGN8MT9H9MF,919,146.3,2025-04-14,Oil Change,6
AUURDLS03BAOE5C1G,920,499.23,2025-04-02,Oil Change,30
QZKRPU29U2IOIN08J,921,434.6,2025-10-11,Brakes,174
J0SEJX7OOTCSCCIFT,922,424.81,2025-11-02,Brakes,3
ODSJQEU7X0U9477ZZ,923,196.57,2025-07-25,Oil Change,39
UP8ZOJUIYVM8S2PUS,924,639.23,2026-02-24,Brakes,144
2KRYUFNZ1799TOASG,925,176.48,2025-03-16,Oil Change,135
Y7UXC32WB1SPVY1PO,926,92.4,2025-09-16,Oil Change,195
TKJWX5ZMKVU1AJTOC,927,94.22,2025-04-24,Tires,198
CV1ORHYZ17I332QVA,928,573.78,2025-05-10,Oil Change,27
5USBM4MPKWB4SK10H,929,334.56,2025-01-26,Brakes,3
RROS032E83G9GM0E7,930,217.09,2025-07-11,Brakes,15
8EQ8X0P9Y1B3JKIXD,931,169.64,2025-03-30,Oil Change,60
SJO4L2A6WNHJ7THOC,932,676.66,2025-09-22,Tires,30
TVBSVF0MAET73PUE8,933,1123.6,2025-06-06,Brakes,102
5USBM4MPKWB4SK10H,934,166.98,2025-11-23,Oil Change,21
6UTO7QOM99O1Q1B8A,935,1869.73,2025-09-04,Brakes,114
EW6IKAD7FDPOLKBRI,936,151.41,2025-05-17,Brakes,117
0UJLVKUFHUPKWUBXP,937,198.0,2025-10-17,Oil Change,3
PPG5BI535N12L8WQ3,938,486.17,2026-01-24,Brakes,63
PCFZBLGFYISA68WKM,939,107.72,2025-12-20,Oil Change,93
BJJK6WBWPKJ0L9HK6,940,873.09,2025-04-07,Tires,6
PWVS5D4NARSAD3DHP,941,1409.26,2025-05-18,Brakes,51
B4W5Y69IOZNTO74BQ,942,126.72,2025-01-30,Oil Change,42
0U8DLLK18ZP9BRYAS,943,439.37,2025-11-07,Brakes,126
D3OFHVHNVRWWBP0EO,944,196.42,2025-12-27,Oil Change,60
RDGXG2H9CY90ZBZ9E,945,147.22,2025-10-26,Oil Change,18
ME9V5CMV2LHK18FG1,946,328.43,2025-12-24,Oil Change,105
MJ67P6UEAO844YP5T,947,185.02,2025-02-27,Tires,177
OE9FIKKAN5R698OQ9,948,258.45,2026-03-14,Oil Change,174
F9D0CYD5ZYYWGOQ6N,949,105.25,2026-02-05,Oil Change,27
N2TE6058KFSB4W539,950,354.73,2025-04-08,Brakes,105
9WSELW1S0SOQFKNQ2,951,260.33,2026-02-22,Oil Change,177
2RD92DH4A57DRSURH,952,472.69,2026-02-12,Brakes,48
6NCDDJG03TMFA1UN1,953,131.37,2025-05-13,Tires,183
LGLT6ENNNWEZC3HSK,954,177.69,2026-02-12,Brakes,6
0D6QWHX8D26H5CWKN,955,164.68,2025-05-12,Oil Change,186
Z0DTH6EKXLGFM8UE3,956,108.16,2025-10-26,Oil Change,99
BEHZ6YHT6LBVL9E9W,957,216.54,2025-10-20,Tires,156
1WXJFHQOR4AP05A04,958,284.22,2025-07-13,Oil Change,111
IZ12JQDE2K4FNVCC2,959,798.81,2025-03-25,Tires,96
70HTVVQNXJNTKRXYJ,960,171.57,2025-04-06,Oil Change,75
4OURY36ZBHUFVZFZB,961,501.64,2025-07-09,Oil Change,195
OG2QEEYI2LAU1TCWR,962,109.06,2025-11-30,Oil Change,108
1HBKOPASX4A8IQR05,963,246.19,2026-03-13,Oil Change,126
XZ600VEOTAB5I45LI,964,133.28,2025-03-16,Oil Change,111
ANHKYVQEY3J7SORHH,965,882.85,2025-05-20,Brakes,72
N3VK4OZ7KSB65PV03,966,720.55,2025-10-11,Tires,42
1GCUYDED1LZ445566,967,298.24,2026-03-06,Oil Change,147
6ZDOK9SECP16RHZHX,968,188.98,2026-03-15,Oil Change,9
ATY7BV992C0HWUZW7,969,244.15,2025-07-20,Oil Change,123
2JRS5Q1984MUAZTSA,970,126.93,2026-02-14,Tires,63
1HGBH41JXMN109186,971,235.69,2025-05-11,Oil Change,6
ZO0YO5EH8WK8FH7UM,972,615.05,2025-01-16,Oil Change,48
6113NA95FJJ3U3Z61,973,535.8,2025-02-26,Brakes,189
WOY4TDN89Y66V5BCM,974,244.08,2025-08-26,Oil Change,162
1C745TBB1SNGOSXES,975,669.15,2025-02-25,Tires,105
ZHCFEBVNBASV2WCDC,976,116.67,2026-03-05,Oil Change,123
4P9U78EVLT9FDV3WP,977,675.8,2025-06-21,Oil Change,60
I0TEX6C56LVF8OG1C,978,164.92,2026-02-17,Oil Change,72
IWM84J25FK5DSJSRS,979,310.07,2025-05-18,Oil Change,180
NYNT184JW7FVF4UTA,980,161.29,2025-06-01,Oil Change,141
9WSELW1S0SOQFKNQ2,981,675.59,2025-04-01,Oil Change,138
TA6KYJV4ZN63F5YHJ,982,93.77,2025-08-06,Tires,9
IMTF4PX5SLOI8L7XR,983,468.87,2025-12-31,Oil Change,198
TUWM7PHTZYBRGW4LZ,984,186.97,2026-01-24,Tires,126
37SSW2TJW4M9R7IQ3,985,857.1,2025-08-19,Brakes,15
6QMQ8LAM7SQ3ZNX7J,986,139.28,2025-01-24,Oil Change,135
GHLFQEPKMJDH6CV0T,987,1128.82,2025-08-22,Brakes,192
7L0EMTDB2D3XNEBN3,988,236.21,2025-04-03,Oil Change,108
4JWIZ0QMJZ80YCMH0,989,180.54,2026-03-07,Oil Change,63
55JJGXUJWDQSS5VVS,990,104.28,2026-03-08,Oil Change,87
HL8RFOQ1YWUNV6V1Q,991,263.54,2026-03-31,Oil Change,114
YORBQB0J8YWS6BXOR,992,279.19,2025-07-15,Oil Change,159
HRL3PAYTDLWAV2NU4,993,835.31,2025-10-17,Brakes,27
A2EQL92LKXDDH3OA4,994,177.21,2025-12-26,Oil Change,183
M0WG0CI7FEYKLHBDG,995,310.6,2025-06-12,Oil Change,114
06E4RZFGL06CD7XJZ,996,146.21,2026-02-09,Oil Change,156
R4FTZ9ZYSQSHI7K8R,997,175.37,2025-12-17,Oil Change,30
UK47SS0IVM34771T1,998,638.42,2025-05-11,Brakes,150
CYDHGKN7F429YGBR9,999,213.46,2026-01-23,Oil Change,3
H8HRF9XRSIB1DRMR1,1000,131.82,2025-12-02,Oil Change,114
UWE18PUVKJASWOOWH,1001,195.25,2025-12-27,Oil Change,18
BXBHRAEF51CZXQ5YN,1002,2271.41,2025-06-28,Brakes,63
PCFZBLGFYISA68WKM,1003,553.29,2025-10-15,Brakes,45
4KNM5SMLQ1YL77JGJ,1004,796.73,2026-03-13,Tires,42
FA90C3XF6IHCM5S7L,1005,92.08,2025-09-24,Oil Change,69
NWFOTE3K0P8TVSPVQ,1006,794.78,2025-07-19,Oil Change,60
S7GTZW8CVDQ1QV2JC,1007,582.81,2025-06-29,Brakes,18
H0E2EC99YGCDMPLEQ,1008,263.07,2025-04-13,Oil Change,30
SVFFB46GA90N0BDCF,1009,839.32,2026-03-26,Tires,99
WWD16694M4J4IZASW,1010,99.34,2025-06-01,Tires,111
XM20DYCF17LSFBX4Q,1011,116.35,2026-01-04,Oil Change,189
T9GZ1T10W7L44IJH1,1012,136.24,2025-02-21,Tires,51
EYJL298THTYQGG32P,1013,96.31,2025-06-27,Oil Change,84
DW203CL0X3MMUTA6X,1014,349.13,2025-07-26,Oil Change,15
QLEMFZPM53A7ONY7N,1015,440.84,2025-07-07,Brakes,87
NFQERJ2ERI29W7DD3,1016,709.62,2025-04-29,Tires,51
PHNC7MZ3VKSDAC165,1017,394.84,2025-10-25,Brakes,135
T0TG90EEUBZXUP8SX,1018,357.44,2025-04-13,Brakes,72
44C527DRKC2MK52US,1019,421.17,2026-03-05,Brakes,54
FDHH8FF9X5BT8TUCH,1020,103.04,2025-04-29,Oil Change,141
KDFHYVI40WB1PWW7L,1021,119.16,2025-07-07,Tires,72
OJZEQCW295TVBVDQQ,1022,92.69,2025-11-04,Oil Change,27
MDUD7BYB60N63MSF3,1023,1793.32,2025-03-14,Brakes,42
2JOV6PXGX4OWCYOX1,1024,591.9,2025-06-05,Tires,183
D4TN4XW2JDXZ84N1S,1025,377.0,2025-11-17,Oil Change,21
0NO78BWLQFMLSHVBY,1026,146.3,2025-08-19,Oil Change,15
XL2ECCDPTPXA6ADQH,1027,138.91,2026-03-11,Oil Change,198
OWJ706YC0NRO5S1VE,1028,603.54,2025-10-29,Brakes,9
SVX06O72MPQ1S6TG2,1029,310.74,2025-12-12,Brakes,75
RHCG71UD6A4SZIUZ8,1030,114.46,2025-02-15,Oil Change,144
KDFHYVI40WB1PWW7L,1031,156.91,2025-05-09,Oil Change,54
M88XJZ1Q9HZDXOICL,1032,174.73,2026-01-18,Oil Change,84
9HAQ241KGF2WBC6J5,1033,647.55,2025-05-25,Brakes,168
HKMNDPA7G7ZM4D4VW,1034,495.09,2025-01-22,Brakes,141
XZYJCN72B97DAANIZ,1035,144.66,2025-10-17,Oil Change,33
9884CO57PZZC527AD,1036,204.35,2025-03-30,Oil Change,63
FN6NKC81OS3PEKRST,1037,270.13,2025-03-16,Oil Change,6
4ICL2D7EYP5FYNNW5,1038,128.72,2025-01-20,Oil Change,45
N0YB3OI8QNM538WU0,1039,623.41,2025-07-31,Brakes,195
I45G3UXCNOV0L8HPN,1040,719.5,2025-05-26,Brakes,153
OMQ7KDF41VEPD5J8J,1041,380.31,2025-03-19,Brakes,87
H7J5A6ZQ0BHTXJ366,1042,239.76,2025-03-18,Oil Change,192
3JMKTD4V4P3GLINDC,1043,533.82,2025-06-29,Tires,111
YAHAONOMGC0HVMKLM,1044,436.04,2025-04-15,Brakes,165
2944X3GNMAVMLBRB2,1045,119.95,2025-10-03,Oil Change,105
A9YOL7PIH03JB99QP,1046,183.44,2025-05-02,Brakes,63
U00TOJSOWAPQ9ZT2N,1047,590.07,2026-03-16,Brakes,87
84QPY86GA8TG1BH7E,1048,181.83,2025-12-22,Oil Change,12
23GPPSKWWA5PD5GSO,1049,188.33,2025-11-26,Oil Change,27
ZN9KTWOHCPGF9S5PM,1050,155.45,2026-03-11,Oil Change,36
9JX2VJQSO4VA01AGT,1051,278.38,2025-11-30,Oil Change,87
LUH22LTZNZZUSZBU8,1052,446.23,2026-02-20,Oil Change,123
T8S3AXTZDNP2EBRM0,1053,126.56,2025-07-26,Tires,129
QHTO5P6U4ZVEE04R5,1054,262.03,2025-11-11,Oil Change,150
U3DH88G6ZU8HXJ6WY,1055,2162.5,2025-04-05,Brakes,72
GVOB1Q399PD3XODC4,1056,131.12,2025-08-01,Oil Change,72
8QVL53YXDN148AORL,1057,316.04,2025-01-10,Brakes,42
CN8EHZBA5C7KUXFDG,1058,663.12,2025-10-26,Brakes,105
IWM84J25FK5DSJSRS,1059,1626.93,2025-05-06,Brakes,72
FU1TA7WJYVMA2B7QK,1060,356.05,2025-09-27,Oil Change,51
ZR1BXK4W5SIH1WUNL,1061,260.51,2025-12-17,Brakes,165
5VS77Q3WV1WOT6N40,1062,177.94,2025-04-13,Oil Change,177
SJXXDV8HZD25NADQ1,1063,477.2,2025-11-16,Brakes,15
KNRLAG15LG7E4YHRJ,1064,116.89,2026-03-06,Oil Change,33
W9RHAG2H4G5KTEHWL,1065,299.19,2025-12-19,Oil Change,75
ONJ80BT2RAHJCOX5W,1066,138.1,2026-02-23,Oil Change,36
A2MZI034QR9JK16P4,1067,552.71,2026-01-27,Brakes,9
5DPT1S83IT3O0RGMN,1068,141.5,2025-01-13,Oil Change,105
WMJ4RGC77EFO1VNSP,1069,136.13,2025-04-15,Tires,84
044TQS6TAIUHZKQWA,1070,2117.77,2025-10-08,Brakes,93
I8NFF7EP1RK3K6UQU,1071,611.76,2025-05-26,Tires,177
CGP7FERF9PH2546MN,1072,108.2,2025-03-30,Oil Change,12
Q7GW315J8RLE417MR,1073,243.66,2025-05-10,Brakes,12
8B0122Y2FH248Y1GA,1074,204.71,2025-12-29,Tires,150
GXBYP8KN5QMTWMZRA,1075,121.68,2025-04-24,Oil Change,111
I0TEX6C56LVF8OG1C,1076,611.07,2025-07-24,Brakes,18
JATT9UUUD2FTEVRTY,1077,683.28,2025-09-05,Tires,15
5P4Q9SZTSWOMQJU4N,1078,587.05,2025-01-29,Brakes,51
78JGEUZGW5TNYWD1N,1079,1378.52,2025-06-11,Brakes,15
PUHS9JZH5CDAI0DP3,1080,337.25,2025-07-30,Brakes,156
MAAG4OVMQKI6UW277,1081,322.22,2025-11-17,Brakes,87
OFANM2XTVWXSYT2OM,1082,714.31,2026-01-20,Brakes,63
YS735AF52WWWZTXTV,1083,255.19,2025-06-01,Oil Change,138
MEO5P6QNAT5UV2GR3,1084,99.54,2025-03-16,Oil Change,165
XFHTZ0NVPM5WA82IO,1085,363.18,2025-09-30,Oil Change,60
PKSPINB01R31QXCAB,1086,160.35,2026-01-23,Brakes,171
FVVC3Z4DLS47SOELF,1087,418.88,2026-01-13,Oil Change,126
X9ESBLV7YDDK2ECRM,1088,1222.95,2026-02-16,Brakes,189
9U64RCOA0C2PYZYAE,1089,247.56,2025-06-01,Oil Change,63
JYX5RPSN5N1ZKQPWZ,1090,443.71,2025-02-03,Brakes,24
LGLT6ENNNWEZC3HSK,1091,257.34,2026-02-06,Brakes,114
6NCDDJG03TMFA1UN1,1092,503.62,2025-10-20,Brakes,132
F9KTD1B4JBYEXI5FA,1093,246.93,2025-08-13,Oil Change,78
B8LWJOWIHBBTKXRJR,1094,1498.25,2026-03-15,Brakes,126
IV240OCIBV98R2Z00,1095,422.54,2025-09-10,Oil Change,165
KKJ1OTJKKM955RMTE,1096,250.79,2025-12-28,Oil Change,63
BFSJIWS709C8G89AJ,1097,97.53,2026-02-22,Oil Change,150
JRNGWENNMU0QF2VTO,1098,857.65,2025-08-13,Brakes,87
7J85PDDXOQYPKMBS5,1099,382.47,2025-08-02,Oil Change,120
UQJ90KZQ5NYWA604U,1100,144.11,2025-09-03,Oil Change,186
M8NOV9SWA66MJ62S7,1101,708.72,2025-11-09,Brakes,48
SMY4M73799LV1YQES,1102,887.66,2025-06-07,Brakes,27
TX0MXF3H8K08S1232,1103,2227.17,2025-04-05,Brakes,39
0S9QEZQVVNYDE7UJL,1104,554.22,2026-02-19,Tires,138
UVT6P2TEG1AHEJPKK,1105,208.67,2026-02-26,Oil Change,159
OBIN3LS8LMWCV4D22,1106,166.07,2025-03-10,Oil Change,123
SJXKLA1PFU9F4Y1FG,1107,496.16,2025-07-31,Brakes,72
QXX9OWQFHEFHH6D70,1108,339.32,2025-11-28,Brakes,153
3TKA7NCJR0ICTD44N,1109,81.15,2025-06-08,Oil Change,93
LBNRR0EON0TFHJ9N7,1110,450.25,2025-03-20,Oil Change,120
XKG512EB97H1RN9GT,1111,572.7,2025-07-20,Oil Change,30
SJXXDV8HZD25NADQ1,1112,124.41,2025-09-26,Oil Change,6
9IG3ODRKTYF9JPFFS,1113,1998.55,2025-11-06,Brakes,93
2JOV6PXGX4OWCYOX1,1114,213.6,2025-02-06,Tires,174
04CTMX45VFE2N5TKI,1115,281.68,2025-08-19,Oil Change,90
CQBY1O39LZQHFJ44N,1116,654.62,2026-01-15,Tires,39
QXX9OWQFHEFHH6D70,1117,104.03,2025-10-19,Oil Change,195
OLCJJXR4BES0O3LIM,1118,159.27,2025-05-18,Brakes,189
EIXK60EXGPD5O95H1,1119,130.35,2025-05-18,Tires,108
WZ9XJ5OB2ZTPMKZ89,1120,456.71,2025-08-18,Brakes,69
Q0WYL9CP5AZT8BX1B,1121,506.31,2025-03-09,Tires,177
4KE5A4XUXVIVPO4EK,1122,539.54,2025-04-09,Brakes,66
PMU8PYCN439P1AUMN,1123,477.98,2025-12-06,Oil Change,21
BF53C6OIAA9P73DMU,1124,159.82,2025-07-27,Tires,36
S4PPBS7IZ2A7PI935,1125,663.26,2025-11-30,Brakes,174
7CV0CMW8CA36NQOE9,1126,394.35,2025-06-04,Brakes,66
7S7VLF9VSIWLFVHTO,1127,205.17,2025-11-26,Oil Change,18
M7AF5V8GT2QD17XQH,1128,592.24,2025-07-29,Brakes,126
W844X8LNXNX9YAS78,1129,128.3,2025-08-07,Oil Change,123
WYX5K00X423ZG54UJ,1130,1609.95,2025-04-23,Brakes,60
VPX0B12R9Z9QGJLL2,1131,580.06,2025-12-16,Tires,9
XNBJSA18XSPGRDL8T,1132,127.38,2025-09-22,Oil Change,48
IQMAE1FGNNHQEJDQD,1133,474.58,2026-03-09,Oil Change,33
HFKNGT6M7I2LM9XJ0,1134,149.5,2026-02-09,Oil Change,99
BPGLVBN21Q49Y7QDC,1135,102.84,2025-07-17,Oil Change,138
QHTO5P6U4ZVEE04R5,1136,796.78,2025-11-27,Brakes,81
AO966Y05W749W70AQ,1137,106.89,2025-11-12,Oil Change,180
MR3CFRQ1BBPIVWX97,1138,679.37,2025-02-23,Oil Change,48
JPZY39R3VO05JVQ1Q,1139,161.49,2025-02-01,Oil Change,78
S35H633U7LAXLM3XX,1140,181.14,2025-02-28,Tires,168
V8B91XWYWCUHXVLQE,1141,137.66,2025-11-21,Tires,156
T0TG90EEUBZXUP8SX,1142,560.13,2025-08-09,Brakes,93
NHUXDE1S93BAQKC5X,1143,520.08,2025-10-01,Brakes,27
XDI4N7NGYJ0YHG3PU,1144,531.89,2026-04-10,Brakes,174
CHT0KCUI4VB1LVF6I,1145,2052.14,2025-11-29,Brakes,162
XRRB26ABA9WM64ZY4,1146,128.21,2025-03-25,Oil Change,129
1PQGG47QPYW8B7ZYA,1147,275.51,2025-06-10,Oil Change,114
KEGR0BO7CV91SIWWV,1148,128.73,2025-05-21,Oil Change,144
4LOVX8CSVGVEU768T,1149,118.87,2025-09-30,Oil Change,168
QZKRPU29U2IOIN08J,1150,590.16,2025-03-16,Brakes,78
3YKOAUD1YNRA6K321,1151,303.94,2025-05-20,Oil Change,141
P1HR0HX2MUQQVFNN5,1152,674.35,2025-03-21,Brakes,6
J182Y2AM2M1D3CMGS,1153,159.73,2025-09-16,Oil Change,39
4I8S9XE1RA02W3SVI,1154,1880.72,2025-09-01,Brakes,18
KM27E1ZJQ4VYK462P,1155,358.45,2026-04-08,Oil Change,63
XAGATUO96T1VVRKZM,1156,235.91,2025-05-31,Oil Change,126
M7VAX6F7CM4QXCTLC,1157,892.73,2025-02-01,Brakes,138
XKG512EB97H1RN9GT,1158,673.17,2026-02-08,Tires,42
JPES0FM9YHI8EIN2F,1159,599.01,2025-12-22,Tires,162
INF3UL5EFNYXYD77W,1160,420.0,2025-10-27,Tires,9
817DVOHUNHQIEVAG0,1161,102.55,2025-10-22,Oil Change,69
YQAV72PZ35RCSS5QA,1162,258.35,2025-06-06,Brakes,135
4BB8SZESDN0KSOS9T,1163,402.51,2026-01-20,Brakes,156
0R6356TSI3FJ1U3D4,1164,523.32,2026-02-08,Brakes,6
0T07Z7CFA3J90TEPD,1165,166.96,2025-02-04,Oil Change,177
TIJ7DRB6QJZDB07DE,1166,384.4,2025-02-15,Brakes,102
SN7FD1DP58A6ODED3,1167,151.03,2025-12-10,Oil Change,102
4HXDK1429V9XKZYLM,1168,303.58,2025-07-29,Oil Change,15
JBVICW4U2QAVWL1QH,1169,153.13,2025-12-15,Oil Change,129
KEGR0BO7CV91SIWWV,1170,205.62,2025-07-22,Oil Change,90
SAYJ7G8ULCJJM8X1V,1171,94.08,2025-10-01,Tires,33
22HV8A9IJT7SLNHYU,1172,2271.71,2025-08-28,Brakes,138
NQ3LDFZ3KT4HLUATY,1173,742.09,2025-03-17,Brakes,27
4VQSP3P9VA188HAR6,1174,178.01,2025-01-31,Brakes,48
BCIGP3Y4ZAHF9GO5U,1175,491.15,2025-10-20,Brakes,156
N1VSQ51UFZ5I8NQJO,1176,118.28,2025-06-19,Oil Change,72
ERQ56G8RQ29R8U47N,1177,127.55,2025-01-21,Oil Change,15
3E1RQFQAR0M7ZWB9G,1178,489.32,2026-02-17,Oil Change,3
O39UA2JK6XHAWSNF5,1179,108.68,2025-09-05,Oil Change,75
2Z4JZ3AZGMIMNW0T2,1180,485.72,2026-01-09,Brakes,171
UJ01GWIZSJOQPX02B,1181,157.97,2025-07-28,Oil Change,171
XPT2IL3DG6IQC2T8Q,1182,248.03,2025-09-15,Tires,12
56578I5X875FM6GC5,1183,378.94,2025-07-05,Oil Change,99
YISE7GU81HCQQUJOM,1184,740.46,2026-02-24,Brakes,108
VVI0N5ZUNBLFPA11X,1185,368.88,2025-08-18,Brakes,27
XRRB26ABA9WM64ZY4,1186,358.29,2025-12-19,Oil Change,75
8763W93GXXZZGRPK1,1187,438.16,2025-10-08,Oil Change,132
KCXVSOSYYILFGWXNM,1188,141.28,2025-09-21,Oil Change,180
YJE9RTJOOWWZ6RLLY,1189,693.12,2025-05-08,Tires,9
JBVICW4U2QAVWL1QH,1190,529.98,2025-04-07,Oil Change,105
D5RH3L5S88AX3V68E,1191,300.77,2025-01-23,Brakes,123
X3D4RCAUG2JG0ZNRL,1192,150.82,2025-03-01,Oil Change,63
MIHC7WHYE5H9CJ71Q,1193,97.21,2025-06-13,Oil Change,162
RP6CIOQ54ZSETBN5B,1194,514.47,2025-10-04,Brakes,186
FUJ5P60BFT948C9DP,1195,253.17,2025-08-26,Oil Change,39
T5LKZSMX02Z8IHXZX,1196,1997.97,2025-02-10,Brakes,180
IROR1MW2B5AUJGMER,1197,810.04,2025-07-19,Brakes,12
I0SLUTDF8U33H44P7,1198,119.97,2025-10-30,Oil Change,174
YA0BBM37H051VVP4E,1199,550.04,2025-08-22,Tires,168
AABOE7H4VITI3FX93,1200,349.11,2025-06-24,Oil Change,129
T2AOWDWWFK4PYLPIQ,1201,532.64,2025-12-02,Oil Change,108
RGRO95V6709WF56GT,1202,605.72,2025-11-11,Brakes,105
MIPRDXVNL2CFJVJQG,1203,1790.88,2026-03-31,Brakes,147
GA8NGQOZEKDHY2LMO,1204,383.25,2025-11-19,Brakes,96
ERQ56G8RQ29R8U47N,1205,423.09,2025-02-18,Tires,150
3V3NU44VIRE7JYRWU,1206,367.67,2026-02-04,Brakes,195
RRYKHA51UCPJ4SDI8,1207,89.7,2025-05-06,Oil Change,99
V8B91XWYWCUHXVLQE,1208,1887.44,2025-01-21,Brakes,93
7UIEYSWTZ1UHWY0CK,1209,786.27,2025-04-01,Brakes,147
WT49T7N02VKJCCDCI,1210,353.72,2025-10-22,Oil Change,75
QNKTLEAJUJJX9RSRW,1211,1336.61,2026-02-20,Brakes,78
LN90FI8RVVIJIMAAN,1212,269.39,2025-11-12,Oil Change,39
RK8I34LBL92WIKC8J,1213,254.34,2025-06-17,Brakes,66
075WSVEZSEBAM5PP9,1214,129.69,2025-07-30,Oil Change,75
WUP1JSMT0JXN3041B,1215,102.98,2025-12-20,Oil Change,9
HKMNDPA7G7ZM4D4VW,1216,153.85,2025-02-13,Oil Change,129
4KRXJ6G05U4J1O1LB,1217,378.04,2025-06-13,Brakes,54
HL8RFOQ1YWUNV6V1Q,1218,147.47,2025-05-16,Oil Change,39
H0E2EC99YGCDMPLEQ,1219,130.15,2025-11-04,Oil Change,183
XXRL80WH60F4L88BB,1220,260.72,2025-09-23,Oil Change,150
DMYKLJP2RXZ1UGWBU,1221,173.81,2025-02-12,Tires,189
YM5DOOH17GIWQ0UC1,1222,181.91,2025-08-01,Oil Change,198
9AX8SICV4YH0KHINR,1223,774.56,2025-12-15,Oil Change,180
A2EQL92LKXDDH3OA4,1224,254.54,2025-09-18,Oil Change,48
8YA0MKRZO9MVZP3YE,1225,291.22,2025-12-24,Oil Change,75
C0TSN9KXL5ITE1PND,1226,183.73,2025-09-07,Tires,66
763NOWMFWGB9S2047,1227,222.54,2025-04-21,Oil Change,147
PVYE9NK6UGL6KB6KH,1228,635.45,2025-06-03,Tires,99
YIRPXKTW1P2UDU546,1229,479.58,2025-04-03,Tires,153
YUIENC5URW7TA9L26,1230,705.05,2025-12-20,Tires,153
QC6KCS3Q7951049ZJ,1231,447.85,2025-11-08,Brakes,147
PR9LSEQCTKIXS7URZ,1232,426.76,2025-06-25,Brakes,117
7E2P3TLCUNZVZQ8ED,1233,566.36,2025-07-31,Tires,162
1B1W9E615AT1VMND7,1234,831.59,2025-02-17,Tires,69
MWNXKTR9490ASXT13,1235,102.99,2025-10-05,Oil Change,150
4VQSP3P9VA188HAR6,1236,81.08,2025-04-29,Oil Change,27
BCIGP3Y4ZAHF9GO5U,1237,252.95,2025-10-09,Brakes,174
G52SFJBIMT7MIKD9M,1238,180.85,2025-01-17,Oil Change,6
SN7FD1DP58A6ODED3,1239,634.81,2025-11-04,Tires,195
3JMKTD4V4P3GLINDC,1240,784.64,2025-05-13,Tires,12
72G703LSMLNUYJ1ZG,1241,86.05,2025-05-29,Oil Change,150
QAVLV3B96IX5HTZQ5,1242,158.38,2026-02-13,Oil Change,78
PR9LSEQCTKIXS7URZ,1243,272.79,2025-10-29,Oil Change,147
HSWNUAOYO5D3HG90T,1244,490.66,2025-12-15,Oil Change,45
LEBYN2RQFLMWA7X2H,1245,2053.79,2026-01-09,Brakes,162
YC0SJ7X45VNOBEKDI,1246,105.9,2026-02-04,Oil Change,81
0D6QWHX8D26H5CWKN,1247,515.67,2025-04-29,Brakes,72
M1V9WGF8CZN5UA4FS,1248,704.94,2025-04-21,Tires,159
X5C5DEODGO7NSI29C,1249,147.72,2026-03-24,Tires,144
KKJ1OTJKKM955RMTE,1250,174.79,2025-03-16,Oil Change,132
DPAWAX25KWZFUU526,1251,154.14,2025-09-21,Oil Change,69
QO2DWKZCHU6WHBPRI,1252,385.25,2026-02-14,Brakes,135
TKF7SMQ8TPDC1OALE,1253,692.85,2026-01-30,Tires,117
S35H633U7LAXLM3XX,1254,510.57,2025-12-20,Brakes,30
PJNNRW6XKWFH7ELE6,1255,800.34,2026-02-18,Brakes,99
1HC7CYYWG3V068B7T,1256,644.54,2026-02-14,Brakes,39
YLTG3PGIQUYQ7WK6K,1257,355.19,2025-11-14,Oil Change,192
RGRO95V6709WF56GT,1258,1579.44,2026-02-06,Brakes,153
HEQK4AO8C8YSUWSZ3,1259,121.08,2025-03-22,Oil Change,132
OC3VAQMZ6YWY84OAR,1260,473.19,2026-01-10,Oil Change,57
DQF83YLFIF9FYMPRE,1261,178.3,2025-06-13,Oil Change,3
5TGZ5DU9TEYF8KHEA,1262,1404.59,2025-03-26,Brakes,141
P34CO44VY1EHGBPZN,1263,100.83,2026-01-14,Oil Change,81
TW1T10IKWX9R93WMP,1264,594.7,2025-04-17,Brakes,15
VOIEQMFYNTRF92EOZ,1265,520.58,2025-12-22,Brakes,42
T6RP0OP18MZYRGQ6G,1266,121.54,2025-10-16,Tires,45
M32H6TJUMEH69AM77,1267,657.64,2025-10-15,Brakes,174
SVFFB46GA90N0BDCF,1268,393.55,2026-01-24,Brakes,138
GVK4IJPASS89J1XPV,1269,178.52,2025-07-13,Tires,96
3JMKTD4V4P3GLINDC,1270,151.93,2025-05-14,Tires,123
Y8OK5986QRWG0V61O,1271,174.72,2025-01-26,Oil Change,171
BPGLVBN21Q49Y7QDC,1272,235.63,2026-02-24,Oil Change,30
D12Q65SF89O7VSYVP,1273,274.32,2025-11-08,Oil Change,72
ZR1BXK4W5SIH1WUNL,1274,1180.04,2025-01-13,Brakes,6
MV7W4TC4V9KBWQLDK,1275,212.2,2026-02-04,Tires,198
EBCN5S70G0B43PB4A,1276,129.08,2025-08-19,Oil Change,39
331MGVA4E2Y0KA5MB,1277,497.74,2025-12-16,Oil Change,30
L0ZPGMYWHJNXS5HVJ,1278,665.97,2025-04-08,Brakes,174
0AN3XAKQ7PE1HOLW0,1279,109.36,2025-03-11,Oil Change,189
4517W5QVMXYMT7WXF,1280,2032.54,2025-12-16,Brakes,135
EVWHNR7EVO9K09G8T,1281,353.95,2026-01-25,Brakes,180
2JRS5Q1984MUAZTSA,1282,75.49,2025-06-14,Oil Change,177
ATIOO7V0GXYIEXHLI,1283,531.57,2026-03-26,Brakes,36
FEKTKNSP54WD8CYQU,1284,229.88,2025-02-10,Tires,189
ONJ80BT2RAHJCOX5W,1285,168.84,2026-01-01,Oil Change,105
O3EYGI5TQ7DBSAWTB,1286,167.27,2026-01-15,Oil Change,60
4FJREBSOLNTOBKOHW,1287,117.22,2025-02-17,Oil Change,6
CGJ2M0UED3ENPD7MP,1288,621.21,2025-12-30,Brakes,180
LBYTTQI0BA94W00SJ,1289,323.97,2025-08-19,Oil Change,96
YCOLSHHX6CCGDM49G,1290,598.74,2025-11-01,Brakes,111
EUONQL6V3M2C47GOT,1291,348.65,2025-01-20,Oil Change,141
3IB0A4G7YLO6OSMD8,1292,123.19,2025-05-13,Oil Change,30
AZSJ3FE6H0YO2AWJR,1293,162.58,2025-10-25,Oil Change,42
0QISAWS48UET4C9Z2,1294,582.15,2025-03-18,Brakes,39
FUAI98T1EGETXST60,1295,473.1,2025-03-12,Brakes,78
OWJ706YC0NRO5S1VE,1296,501.69,2026-01-21,Brakes,126
K7ATK6MQKR9BUPHNN,1297,498.04,2025-10-19,Brakes,180
FG185JNRYSM1FXDY8,1298,145.15,2025-09-28,Oil Change,141
1G1S6GPXZ27CSB45B,1299,1833.96,2025-05-30,Brakes,30
ZLE8SX86B066SXCA7,1300,188.98,2025-01-24,Tires,171
QB1ASGY3FUROINB4H,1301,554.15,2025-10-18,Oil Change,66
XTG1PMCLF6E2IR3LJ,1302,583.59,2025-12-16,Oil Change,93
F1P0VN3LJC0SE8ASP,1303,83.52,2025-10-12,Tires,24
TJ39G3OHJ66ZONES0,1304,146.34,2025-03-16,Oil Change,36
WSY3T1ZSQCG03IY5W,1305,379.97,2025-07-03,Oil Change,126
6WCSLBGOSVZU1D03C,1306,465.51,2025-09-02,Tires,15
V9LI8UX0WEJC9O98O,1307,341.48,2025-09-10,Oil Change,78
DBJHWM1R3IOT3BGUB,1308,99.39,2026-03-18,Oil Change,156
SDZ6PJD1UBLC6VYAG,1309,144.72,2025-07-08,Oil Change,135
P256WEV8DUPO54JZS,1310,179.25,2025-09-14,Tires,174
C2YKCJSYMDVPWW4V2,1311,307.24,2026-01-16,Brakes,132
Y3WNLY8SP5ILA4ZWP,1312,425.52,2025-11-05,Oil Change,15
E8Z5WS7ALYQI8K791,1313,580.12,2025-04-01,Oil Change,12
LZHCH413R8NAVRNHS,1314,120.38,2025-10-22,Oil Change,171
NRZBDW59UMFRQUDLT,1315,108.69,2025-06-19,Oil Change,165
6A6HFX3Y515DRO24P,1316,540.07,2025-01-15,Tires,78
0US8NOCHCQGM3DY5B,1317,427.6,2025-05-09,Brakes,66
MIPRDXVNL2CFJVJQG,1318,241.46,2025-07-25,Brakes,78
Y4GJ0TSRVYHHJU8XP,1319,365.21,2025-06-20,Brakes,90
FULZRJJI74B943XSQ,1320,891.94,2025-12-09,Brakes,72
SVX06O72MPQ1S6TG2,1321,78.02,2025-11-10,Oil Change,57
SQ6XB0KWD369ZMEDJ,1322,100.58,2025-07-08,Oil Change,60
4FR4VV9D1HNBA0R5I,1323,260.54,2025-04-28,Oil Change,111
3XXTT8F2D6FX6SPUW,1324,161.38,2025-01-24,Oil Change,117
6I6ZO8ZJVWESHQL0F,1325,418.27,2025-07-16,Brakes,162
A27ZHW7LB2002YWHF,1326,393.38,2025-12-15,Oil Change,6
B0Z3BM21433OH8ONK,1327,183.06,2026-02-17,Tires,84
R8HACW841A3BLKQ29,1328,696.93,2025-01-16,Brakes,138
MP68M8MBSSB9NOOV1,1329,235.42,2025-09-07,Tires,150
8OCOY81WXNT8646UU,1330,723.28,2025-11-05,Oil Change,81
9Z5VKYPE0CD20XGG6,1331,769.73,2026-01-22,Tires,33
UWE18PUVKJASWOOWH,1332,112.28,2025-10-03,Oil Change,108
DB4P9CVP1SXSLU5XJ,1333,1159.72,2025-06-17,Brakes,66
70HTVVQNXJNTKRXYJ,1334,610.68,2026-03-12,Oil Change,156
NUKU9H2HE2D8QJ03P,1335,145.89,2025-01-14,Tires,42
XSMNLYECK3KZZZ0X8,1336,1996.75,2025-10-25,Brakes,60
HIY62EMZ4ET91OII9,1337,163.75,2025-02-28,Oil Change,21
930KRITH7PAQGLHV2,1338,143.49,2025-04-13,Oil Change,183
SNUM1S08HBV9AJNTF,1339,465.92,2025-07-14,Oil Change,192
FN6NKC81OS3PEKRST,1340,110.31,2025-01-15,Oil Change,141
66X7NZCSZ2ZNROUAK,1341,216.9,2026-01-29,Tires,165
WGLJC6367Q8HT9XAG,1342,138.3,2025-07-28,Tires,21
Q0GSV6O2TKGSSPT9J,1343,175.38,2025-06-11,Brakes,27
UI8A3YOKO1XHFZGGP,1344,147.75,2025-06-16,Tires,57
ICQJUX816UAFWDQGE,1345,332.72,2026-03-09,Brakes,99
NARM5XPFWYSVCVHLG,1346,116.46,2025-11-29,Oil Change,24
24PM6TKDMIYHR5HE0,1347,136.2,2025-10-09,Oil Change,75
YK367D3FWPH662C79,1348,372.44,2025-11-02,Brakes,6
THYZV86ZIPTT6BFSW,1349,831.52,2025-10-20,Tires,18
MQAGGE4UVDHGNAZ3K,1350,128.72,2025-07-18,Oil Change,51
NLNATH50WGVHEK0X8,1351,444.54,2025-03-26,Brakes,81
J9U79QE5UXXWNRJ31,1352,778.52,2026-02-25,Tires,195
KNDJP3A52JE334455,1353,129.08,2025-11-01,Oil Change,96
U37SB2JUJJDQ125HH,1354,120.65,2025-07-20,Oil Change,174
RXF71L4N8LW1I1XZA,1355,2227.8,2025-08-23,Brakes,24
VM2FGTVJOOL6YGLLE,1356,1444.06,2025-04-10,Brakes,27
HY5NAVXSB2TRKVHP7,1357,205.9,2025-11-07,Oil Change,117
CZBZCZ5JK954RAJP2,1358,196.69,2025-01-27,Oil Change,153
442VIPSU42QGFBVO9,1359,555.31,2025-05-18,Brakes,189
SBG6MB31THPDUAIEL,1360,96.0,2026-02-19,Oil Change,117
6Y856AHBMPFVJIGVH,1361,237.46,2026-03-10,Oil Change,15
C0X3A7VLB5FHBC8S0,1362,151.49,2025-03-27,Oil Change,6
AZSJ3FE6H0YO2AWJR,1363,1187.45,2025-12-15,Brakes,81
GMI06OUZIBRB9SBQR,1364,125.6,2025-10-06,Oil Change,33
LBNRR0EON0TFHJ9N7,1365,229.14,2026-03-26,Oil Change,123
3HQ913SPPK0KQ8M22,1366,373.85,2025-03-07,Brakes,24
Z7A8C1SO3HZKE4Y23,1367,275.85,2025-05-18,Oil Change,183
S8QLWR5T7R3ROIAQ0,1368,215.98,2026-03-15,Oil Change,189
BFSJIWS709C8G89AJ,1369,624.74,2025-02-09,Brakes,87
MQ7RDDZE84R6HDJLR,1370,181.06,2025-10-21,Tires,150
VKW1PSTFYJI15T6IE,1371,135.67,2026-04-02,Oil Change,195
1ZGWZJT5IRCHVYSO0,1372,464.67,2025-07-14,Brakes,96
5TSCTNBXHHBU4F810,1373,480.46,2026-04-04,Oil Change,177
3ICCGFROJXBIAFS5Y,1374,244.62,2025-01-20,Tires,108
XDI4N7NGYJ0YHG3PU,1375,2488.61,2025-04-02,Brakes,81
IV240OCIBV98R2Z00,1376,640.61,2025-06-12,Brakes,147
SMY4M73799LV1YQES,1377,171.04,2026-01-01,Tires,57
M76BXCKCNTU63LH9N,1378,143.47,2025-07-05,Oil Change,48
V5DWBWX9EBAKVD2JU,1379,750.46,2026-02-20,Tires,69
XM20DYCF17LSFBX4Q,1380,437.56,2025-03-18,Oil Change,165
46R365G2WTOG8OEKP,1381,87.96,2026-01-23,Oil Change,192
WZ9XJ5OB2ZTPMKZ89,1382,184.22,2025-02-15,Oil Change,9
8B3Y9SURR429JB3IR,1383,504.34,2025-12-09,Brakes,21
GL3UZ890PTXSVFO43,1384,93.2,2025-10-19,Oil Change,12
4OURY36ZBHUFVZFZB,1385,388.47,2025-06-22,Brakes,150
WAEGY60CG3F7LTHK8,1386,354.39,2025-05-06,Oil Change,153
RTCAQXGHG5TC9G70M,1387,141.15,2025-11-24,Oil Change,108
WAPAI1CSPIMHDYZZR,1388,248.22,2025-10-17,Oil Change,120
U00TOJSOWAPQ9ZT2N,1389,1394.1,2025-09-13,Brakes,159
DSAWLQR41IQPFVX7J,1390,862.5,2025-05-19,Brakes,102
3W2QUQNS2H6CDIX9L,1391,760.74,2025-02-19,Tires,117
MAAG4OVMQKI6UW277,1392,121.76,2025-05-03,Oil Change,156
ZBOCNN5A0BZQAJ6NH,1393,152.98,2025-09-21,Oil Change,180
QSZIBYE1JWTS8OS42,1394,212.55,2025-09-21,Oil Change,36
H2CSZXOT30VJ1FGCB,1395,2044.23,2026-03-27,Brakes,129
YESM0LHAUQ52BDXKV,1396,188.44,2025-03-23,Tires,156
06JZ8WUTXXOWC1WH0,1397,279.28,2025-06-09,Oil Change,33
YS735AF52WWWZTXTV,1398,509.64,2025-04-07,Brakes,90
JZM0L602FXVQH8WAS,1399,150.67,2025-02-10,Oil Change,15
09WHUJTIMNQG8CYG9,1400,1980.36,2026-03-17,Brakes,180
M76BXCKCNTU63LH9N,1401,499.89,2025-06-21,Brakes,177
0NDESF6RUFFMDG1ZM,1402,378.11,2025-08-22,Brakes,132
BF53C6OIAA9P73DMU,1403,164.97,2025-05-02,Oil Change,114
I1AUSW4TULMEH4HIT,1404,271.02,2025-11-17,Brakes,54
8763W93GXXZZGRPK1,1405,162.53,2025-09-28,Oil Change,189
T89UVNEHWMMS0RYGY,1406,317.75,2025-09-24,Brakes,195
VR2HJCLZLQXQRTHZQ,1407,126.7,2025-07-31,Oil Change,72
L8H7ZSLTM3AWYWDLK,1408,96.67,2025-04-21,Oil Change,66
B404P1CD2RBN61DPS,1409,187.0,2025-07-16,Brakes,135
YK367D3FWPH662C79,1410,757.93,2025-03-07,Tires,54
7BS850A63PE5RNAPL,1411,401.29,2025-05-24,Brakes,108
4OOSOESYLA9IXIWPR,1412,120.79,2026-03-07,Oil Change,171
CXV4YF4IM5GJEEX9H,1413,776.25,2025-11-07,Brakes,177
KJWIIIJF8V27PO89C,1414,98.09,2025-11-28,Oil Change,108
5AGO4GXN9CD5HV0UM,1415,127.84,2025-06-06,Oil Change,186
W6X4SFTIA98AY5DYK,1416,132.68,2025-06-15,Oil Change,186
MKOI2X2DZHAEVA9EJ,1417,109.31,2025-12-28,Oil Change,168
0U8DLLK18ZP9BRYAS,1418,673.1,2025-08-07,Brakes,177
M7VAX6F7CM4QXCTLC,1419,453.12,2026-03-11,Brakes,114
KNDJP3A52JE334455,1420,164.06,2025-07-04,Oil Change,114
ECW1W8CEPY4V2GYDV,1421,186.9,2025-06-15,Oil Change,174
C908GVIJISAMVEM3Q,1422,519.68,2025-02-28,Brakes,87
SFDU8QOPXOI77AELB,1423,182.4,2025-12-01,Oil Change,9
HMAVGFJFUV103HSHY,1424,536.21,2026-04-06,Oil Change,12
0QISAWS48UET4C9Z2,1425,481.14,2025-11-03,Brakes,132
MV9YXROMDOX33WSF3,1426,440.48,2025-09-14,Oil Change,120
54JL0DW6JUJ37WETI,1427,154.96,2025-07-26,Oil Change,105
D93X6H3N1BDWAMC12,1428,461.17,2025-10-22,Brakes,51
3JOX31SQEAX1CDEWR,1429,841.73,2025-06-14,Brakes,66
4SMRMWWAMER55NOJX,1430,552.32,2026-01-16,Oil Change,36
XVXZ6ILF9PSKJOUGK,1431,167.55,2025-05-26,Oil Change,66
0R6356TSI3FJ1U3D4,1432,137.52,2025-11-26,Oil Change,21
V06KVH3AH0WZREF75,1433,619.06,2025-06-04,Brakes,168
RU6E24OUCB0PJO6RQ,1434,158.1,2025-12-05,Oil Change,165
7DDGYRKOZA5JG44U9,1435,201.74,2025-01-29,Tires,51
HUC7JHZMMVFFJTMEA,1436,477.71,2026-04-05,Brakes,150
7L0EMTDB2D3XNEBN3,1437,428.28,2026-02-19,Oil Change,33
C08LO17847KWKF5MY,1438,431.3,2025-03-15,Oil Change,159
OAN1426GHJHQ0N3OM,1439,120.95,2025-07-25,Tires,75
FD256XFU2TF02MG3C,1440,89.89,2025-09-10,Tires,93
L7LI40POMUQ9DBWB4,1441,415.54,2025-08-25,Oil Change,9
JQA106K6YJSG0H6H0,1442,735.99,2025-01-31,Brakes,114
PADOLFNT821M0498H,1443,560.75,2025-03-10,Brakes,117
0ZV4R2260TW5CJA27,1444,449.79,2025-08-14,Brakes,171
P96HZMIZSIXJPOIX7,1445,138.05,2025-04-30,Oil Change,84
3K78FGQSOSG862EF5,1446,156.27,2025-11-27,Oil Change,78
HQUX761K7LID6EOX4,1447,373.5,2026-01-29,Oil Change,63
8NWPO0N8Y2YK0YJNB,1448,103.99,2025-03-13,Oil Change,63
P34CO44VY1EHGBPZN,1449,715.83,2025-05-31,Brakes,6
KIAABKUWKIZVXGMNT,1450,340.32,2025-06-03,Brakes,117
YQMJT5VQHTU60IA01,1451,109.8,2026-03-28,Oil Change,114
MQPR67JU0N08MHAH1,1452,490.14,2025-05-04,Brakes,30
U68V80K7FEZBGOS8F,1453,177.09,2025-09-03,Tires,36
YS735AF52WWWZTXTV,1454,533.29,2025-12-07,Tires,183
YTXTQPFN96CVVEVVS,1455,95.96,2026-01-10,Tires,87
FN6NKC81OS3PEKRST,1456,261.48,2025-09-24,Oil Change,6
TKY0I6W12PQ4ZRPHN,1457,525.01,2025-11-10,Brakes,174
E5EWYU7ZAPRR5K0CY,1458,664.12,2026-03-12,Brakes,138
8B0122Y2FH248Y1GA,1459,284.93,2025-07-04,Oil Change,33
NRZBDW59UMFRQUDLT,1460,2332.51,2025-06-27,Brakes,144
1HGBH41JXMN109186,1461,203.39,2025-09-27,Oil Change,84
MNUHGCO8J07LFU61X,1462,225.73,2025-04-07,Tires,129
WP0AB2A72CL778899,1463,573.79,2025-03-26,Brakes,117
Y5PRA8Q3502JNS03H,1464,127.73,2026-01-16,Oil Change,78
53MB98Y2X15XVH6OV,1465,260.46,2025-09-28,Oil Change,72
XDI4N7NGYJ0YHG3PU,1466,321.38,2025-01-25,Brakes,6
CXV4YF4IM5GJEEX9H,1467,471.2,2025-02-27,Brakes,78
3DVIRMZJGR0QN32FF,1468,1278.02,2025-10-03,Brakes,27
DSAWLQR41IQPFVX7J,1469,500.47,2026-03-20,Tires,138
JDPU56YHHERK4BVU8,1470,120.67,2026-03-03,Oil Change,114
2Z4JZ3AZGMIMNW0T2,1471,852.81,2025-01-22,Brakes,30
JQA106K6YJSG0H6H0,1472,106.11,2025-07-01,Tires,99
XF2M2TAT9N336JEBT,1473,645.86,2025-12-17,Oil Change,189
YTAMOLQWPPAKLM7AN,1474,447.99,2025-03-19,Oil Change,177
QSZIBYE1JWTS8OS42,1475,563.79,2025-02-21,Brakes,84
CCYMNKCRC52CKBTKM,1476,501.33,2026-02-02,Oil Change,15
RSIPQ4DEEBZX7YTN3,1477,231.47,2025-11-14,Oil Change,33
5UGCKRK4UKNJGITGV,1478,114.76,2025-11-27,Oil Change,180
K55WCSK6OBBF1V3US,1479,664.79,2025-05-24,Tires,111
2RXUIT9Q0327MN1LK,1480,94.74,2026-01-30,Oil Change,75
BCI1VN4MDZY5691F2,1481,123.88,2026-04-02,Oil Change,15
XR8PI5X1ND9VXQ9OV,1482,238.64,2025-11-22,Tires,180
5VXGSDW7UO5LQ6PKY,1483,95.13,2026-03-18,Oil Change,9
37J6OFSEUI283PO21,1484,130.14,2025-03-21,Oil Change,39
4EZCHBTIQ172KTBUW,1485,563.65,2025-10-03,Oil Change,24
1FTEW1EP5JKE56789,1486,675.92,2026-04-06,Tires,57
AS69SPVTS4P28ULGQ,1487,741.8,2025-06-01,Tires,12
VOIEQMFYNTRF92EOZ,1488,482.58,2025-08-22,Oil Change,198
9LOO5M33WQQ60FCVN,1489,739.36,2026-04-02,Tires,168
89JK0XDZVQR8BLP0J,1490,242.91,2025-10-23,Tires,12
FZME87JV30294Y0SA,1491,388.99,2026-04-08,Brakes,144
LC9EZ0WP7SB9W4AK1,1492,695.28,2025-03-31,Oil Change,42
GG25TY1YS51SUACJ7,1493,569.47,2025-08-12,Brakes,180
1G5GI14GIEBPHX21M,1494,244.89,2025-07-25,Oil Change,186
SN0IKVOEBQFEKE5GI,1495,78.51,2026-03-30,Oil Change,57
GZ260MICVUZ7OPQVI,1496,650.71,2025-07-18,Brakes,135
260WJD7K4RBOXNJRF,1497,115.77,2025-09-20,Oil Change,108
UVT6P2TEG1AHEJPKK,1498,113.21,2025-11-09,Oil Change,21
ENBF32SH1S8RY0443,1499,442.49,2025-06-21,Oil Change,111
UQJ90KZQ5NYWA604U,1500,98.37,2026-01-04,Tires,54
WDDEHFHLJ5P1GTRCV,1501,560.15,2025-07-27,Brakes,99
Q3IPNQRDLT9L1ZWV6,1502,160.89,2025-03-11,Oil Change,150
OI7FXZWPLJ27TPBL1,1503,93.64,2025-10-14,Oil Change,51
0NDESF6RUFFMDG1ZM,1504,273.86,2026-04-10,Oil Change,21
8U0FRY8OY781KQT2T,1505,819.32,2025-11-06,Tires,78
OI7FXZWPLJ27TPBL1,1506,113.67,2025-03-15,Tires,36
DQRGV8656LJRRBR46,1507,145.96,2025-10-17,Oil Change,15
DI0GMT39F8WXE26QZ,1508,372.94,2025-07-18,Brakes,135
HUC7JHZMMVFFJTMEA,1509,198.51,2025-05-10,Oil Change,180
WAEGY60CG3F7LTHK8,1510,155.04,2025-06-14,Tires,42
8YA0MKRZO9MVZP3YE,1511,659.67,2025-07-17,Brakes,96
NO1IXXV7BTHFMFWLU,1512,560.57,2025-05-05,Brakes,75
QKM94I9JY52TTCE4A,1513,123.65,2026-03-04,Oil Change,102
ATWUSYBJDJHSXT0IB,1514,380.82,2025-07-20,Brakes,72
1MEKW52D3ZV8EIBGD,1515,234.56,2025-03-21,Tires,90
D7DVFFZ48XB40FYZU,1516,135.54,2026-01-04,Tires,9
VPX0B12R9Z9QGJLL2,1517,117.12,2026-01-28,Oil Change,93
NWC6H2CJL914V1P27,1518,410.67,2026-03-24,Tires,120
YSJGEBI7GWAZT8CDZ,1519,350.37,2025-05-24,Brakes,72
URQCQLK470UN0MXYO,1520,123.64,2025-07-10,Oil Change,189
E0I0E3E7RI9A1AF77,1521,911.73,2026-01-04,Brakes,60
VJTT1REDA71QDDPQG,1522,160.72,2025-12-17,Tires,102
5290QAUFDI8TSHA77,1523,469.46,2025-05-27,Brakes,84
1N4BL4BV4KC901234,1524,2470.28,2025-09-11,Brakes,84
S2RAWR81B50VRAAGM,1525,201.27,2025-02-15,Oil Change,186
0BML27ITB7DMZCUAJ,1526,292.68,2025-05-23,Oil Change,138
I5C4IJ7MZR7GR4E7G,1527,302.88,2025-09-11,Brakes,69
QKM94I9JY52TTCE4A,1528,815.46,2026-03-11,Tires,147
DB9DH0CJR1CV147BH,1529,112.88,2025-05-21,Oil Change,108
8SZAJSZ1I9FRN0OHD,1530,547.16,2025-06-27,Oil Change,15
W6WC461E4330Z7IJT,1531,376.71,2026-03-29,Brakes,87
ZNKUJO13ZCIYDJX8Y,1532,384.81,2025-12-29,Brakes,90
I0TEX6C56LVF8OG1C,1533,731.77,2026-02-23,Oil Change,3
Q5T474KJ0BU82XSV7,1534,113.11,2025-07-03,Oil Change,138
SQ40AJNMNA7DHVQSP,1535,394.48,2025-01-28,Brakes,60
E343D5ZOI3YJHGF6E,1536,475.79,2025-05-06,Brakes,78
JA9M9MD94MSXTJVN9,1537,169.17,2026-03-14,Oil Change,198
XBB3CAGPKWTUGRZAZ,1538,396.48,2025-02-15,Brakes,96
7CSPJCYT7TLUVS93A,1539,384.89,2025-06-02,Brakes,195
D3ZY0ROM63WTKPMKD,1540,248.76,2025-10-16,Oil Change,57
882270ZQZ20LI776Z,1541,417.6,2025-03-04,Oil Change,18
VN9O9GZKR3DAGDC9Y,1542,183.05,2025-05-09,Tires,180
1N4BL4BV4KC901234,1543,172.41,2025-04-27,Oil Change,150
MJL6277MMBQX5KENP,1544,595.59,2026-02-11,Oil Change,15
Y32LA5A5SDZU7XZZW,1545,503.98,2025-05-20,Brakes,27
HFKNGT6M7I2LM9XJ0,1546,747.32,2025-05-29,Brakes,24
MSE6MEL2Q9UHFQLHI,1547,515.84,2025-03-14,Tires,150
442VIPSU42QGFBVO9,1548,85.69,2026-04-02,Tires,33
KBOLX598GQ1GDLRWV,1549,164.38,2026-01-28,Tires,123
YISE7GU81HCQQUJOM,1550,668.67,2025-11-04,Brakes,72
ZQBJNENR7AP07CPY6,1551,404.02,2025-11-11,Brakes,144
1NG243JH5ISREL302,1552,582.51,2025-05-16,Brakes,138
MQAGGE4UVDHGNAZ3K,1553,716.95,2025-06-26,Brakes,138
S8SNMRPVJHG0WQP3M,1554,155.3,2026-02-26,Oil Change,105
8SK1JFMN62YBZCQ9O,1555,2190.61,2026-04-03,Brakes,105
PUHS9JZH5CDAI0DP3,1556,594.75,2026-01-03,Brakes,117
ILEXA4UQ442QPPAPX,1557,430.39,2025-07-07,Oil Change,108
ID5TBF1TQIV7Z9P2U,1558,383.68,2025-06-27,Brakes,171
2IO9EP991ETD3SREK,1559,1221.96,2025-05-18,Brakes,87
U8LT39KGZSVUPY04L,1560,135.78,2025-07-28,Oil Change,90
ICQJUX816UAFWDQGE,1561,431.09,2025-08-01,Oil Change,81
5J04IZ32RKRUSJM3N,1562,268.27,2026-01-04,Oil Change,96
763NOWMFWGB9S2047,1563,861.28,2026-03-25,Tires,18
JKJN670EEUNUQPRWS,1564,129.37,2026-01-24,Oil Change,9
9WG88ZP5E3O3BHOIW,1565,548.63,2026-02-22,Tires,198
JOFMEUBT5HZS1V5IO,1566,138.94,2025-12-29,Oil Change,168
U3PCY3TVHZ50DBQOE,1567,443.36,2025-01-30,Oil Change,57
U7WNGJFMOUTT5TOAV,1568,725.47,2025-01-16,Brakes,48
W1Q1VTNAWXJ91VCWD,1569,691.57,2025-12-08,Tires,135
MYQ0LNP4DMW8AF46R,1570,192.76,2025-02-26,Oil Change,168
0P6NFPQF9E4MNB7N8,1571,711.59,2025-08-30,Brakes,18
7O8P3TDC9TO7S0KLB,1572,89.56,2025-12-29,Oil Change,12
VQQOOGM8C7O05VXU2,1573,507.63,2026-01-15,Brakes,48
CAEKOK1YXMN0040TC,1574,85.53,2025-11-14,Tires,162
I1AUSW4TULMEH4HIT,1575,259.45,2025-04-17,Oil Change,171
EEKS9AXPDI6J67RMT,1576,128.93,2026-02-05,Oil Change,198
RCPBTQISSOLRLSEUF,1577,145.77,2025-09-29,Oil Change,171
FJ6UV9AGB8WZWO7M3,1578,98.84,2026-02-11,Tires,198
IALDCGJ71U4WSQMCQ,1579,2094.03,2025-09-08,Brakes,75
BFFCVFCMLH4FW5LRJ,1580,622.26,2025-08-24,Brakes,150
I7JDQ1P3HS598DQPL,1581,112.86,2025-05-16,Oil Change,186
PYGHC9BRSVC5EWWWN,1582,795.85,2025-07-19,Tires,51
E0I0E3E7RI9A1AF77,1583,105.79,2025-07-16,Oil Change,60
5J04IZ32RKRUSJM3N,1584,835.64,2025-05-31,Tires,183
5KMA6ZBJBB62PUAII,1585,415.36,2025-02-24,Oil Change,96
K9H0O1N5PONE55642,1586,486.3,2025-07-31,Brakes,81
4WFDUSKDDR8PZ6ZPR,1587,290.55,2025-10-24,Oil Change,84
ILEXA4UQ442QPPAPX,1588,104.77,2025-03-16,Oil Change,90
ZAJM1JSSTDVEL3CUK,1589,628.58,2025-08-17,Brakes,171
ZNKUJO13ZCIYDJX8Y,1590,438.42,2025-09-01,Brakes,177
CGP7FERF9PH2546MN,1591,432.87,2025-04-13,Oil Change,150
OC3VAQMZ6YWY84OAR,1592,402.95,2025-09-03,Oil Change,198
4FJREBSOLNTOBKOHW,1593,139.76,2025-07-17,Oil Change,174
EL2YMHC53C4SXFJSJ,1594,101.28,2025-05-08,Oil Change,144
W0J9PSDODLSNYJ31L,1595,92.13,2026-01-31,Oil Change,114
FEWGGWOJNZMEOT0CM,1596,387.55,2025-10-23,Oil Change,66
S7AT3WE4V6RBJNE17,1597,278.31,2025-11-29,Oil Change,141
VVES6AWPGEKOR2F3R,1598,464.0,2025-02-05,Oil Change,105
URCXGEWDCLJTP5MLD,1599,563.44,2025-02-19,Tires,66
SRVS34E54CC5PEUL2,1600,744.63,2026-02-09,Brakes,75
5ZHOHW806OZD32VPT,1601,244.2,2025-10-09,Brakes,93
1HRIGJK3YXT7WU14H,1602,767.04,2026-01-20,Oil Change,39
7HE4ISTEA946Z9IV9,1603,378.07,2025-01-16,Oil Change,99
1O5B99WWJK6002OX8,1604,276.97,2025-04-22,Oil Change,135
5SHGFYA8RDBURDEJA,1605,510.59,2025-10-18,Tires,60
CMPMY7UMB35QKRU0C,1606,181.47,2026-02-07,Brakes,180
QXV218KOJKFYLT3BA,1607,558.1,2025-04-28,Brakes,120
1MEKW52D3ZV8EIBGD,1608,77.3,2025-09-27,Oil Change,18
3BPC7Y55FMXH6L4BB,1609,174.67,2026-03-06,Oil Change,171
TXGQS1AYGAPJ4UKY2,1610,343.74,2026-02-08,Oil Change,108
E8JG6O675QFOVXWX4,1611,98.93,2026-01-24,Tires,66
65Q0NIZ9VGMXXHQG9,1612,1679.45,2025-08-13,Brakes,78
H0CZFQDFWELO500XP,1613,118.23,2025-08-02,Oil Change,96
SRLTFLAM9VCE03515,1614,410.69,2025-03-11,Oil Change,177
ATY7BV992C0HWUZW7,1615,437.19,2025-05-10,Tires,27
S3VBCKBM4OCPA1RTU,1616,90.46,2026-02-03,Oil Change,3
UPH1HFT308342JAXT,1617,149.4,2026-04-10,Oil Change,183
BJJK6WBWPKJ0L9HK6,1618,772.12,2025-04-02,Oil Change,45
MW89F31A9X3MTPHK8,1619,522.5,2025-04-07,Oil Change,54
Q5T474KJ0BU82XSV7,1620,2398.38,2026-01-19,Brakes,12
YLTG3PGIQUYQ7WK6K,1621,366.71,2026-02-15,Brakes,141
22JM8UUZN26D3TFSS,1622,725.51,2025-07-03,Brakes,108
Z0DTH6EKXLGFM8UE3,1623,183.43,2025-08-26,Oil Change,195
SJXXDV8HZD25NADQ1,1624,174.56,2026-02-12,Oil Change,171
N1YHPIPPJHBNWHJO6,1625,290.88,2025-04-01,Oil Change,96
9DGKSWF1IHFLRZ1HJ,1626,616.47,2025-05-02,Tires,114
QHTO5P6U4ZVEE04R5,1627,222.89,2025-03-15,Oil Change,36
M2B0PXCU0A6N7V5LF,1628,150.58,2025-05-21,Oil Change,117
6BN3I0MKZRYL2MEHT,1629,2040.16,2025-09-03,Brakes,45
TTAE6KENJFSD55CG5,1630,641.01,2025-08-04,Oil Change,156
ZUZ8O13PWEHA5JWY6,1631,535.01,2025-07-23,Brakes,84
I6K19LZD5NZZI4OG5,1632,658.22,2025-12-18,Brakes,12
QRU0W4AGV0NX8V3RS,1633,123.4,2025-06-02,Oil Change,45
XXRL80WH60F4L88BB,1634,757.58,2025-06-03,Tires,195
OT8UDGZEHWHGXQ8WV,1635,138.87,2025-11-07,Oil Change,42
DJN7BPXG6X9GF4115,1636,102.5,2025-04-10,Oil Change,81
KURKJKLW88JAZM087,1637,470.33,2025-11-12,Oil Change,180
PA8HTKG4NIQR7BA4O,1638,383.84,2025-01-22,Brakes,177
3DJIODSGXXVFU7AK9,1639,174.1,2025-09-01,Oil Change,105
OC3VAQMZ6YWY84OAR,1640,635.19,2025-01-14,Tires,75
KIQG35AJW4WK1INDP,1641,2181.88,2025-08-24,Brakes,69
ZLLTROCX75RVMN5CK,1642,2148.42,2025-01-11,Brakes,141
0IMKNYG3YGC6W8R0G,1643,447.99,2025-12-13,Tires,90
8LDTK2XIT3PTLOCX8,1644,120.79,2025-02-16,Oil Change,51
N1YHPIPPJHBNWHJO6,1645,582.81,2026-04-10,Tires,42
K3CZAXI5NGMA5T78Q,1646,325.19,2025-12-29,Brakes,129
T8S3AXTZDNP2EBRM0,1647,429.28,2026-01-22,Tires,129
RUU6YC1D7PQ2JNX2F,1648,129.85,2025-07-03,Oil Change,168
YLTG3PGIQUYQ7WK6K,1649,181.27,2025-07-14,Oil Change,174
RW1GZPJOZ8HU0P64H,1650,77.56,2025-03-29,Oil Change,153
4BB8SZESDN0KSOS9T,1651,485.14,2025-06-11,Oil Change,114
4CICA5OZWDL65SQ86,1652,306.02,2025-12-09,Brakes,21
YSBJP1IN7L6E0HRIR,1653,84.86,2026-02-12,Tires,63
UWA0Q7CMPXQ6VMV58,1654,879.96,2025-08-19,Tires,186
PKSPINB01R31QXCAB,1655,619.9,2026-02-27,Tires,69
L2RCZPTJBCXXURU8Y,1656,569.14,2025-12-18,Brakes,177
GA96K5FVS1ZABQYW6,1657,420.68,2025-06-01,Oil Change,138
6GU9AVNJWC7SVN12J,1658,117.66,2025-05-31,Oil Change,186
H7ZMVBTAWSK0M2N6O,1659,2094.99,2025-08-24,Brakes,99
06YO1PTSQB3ZYVTQR,1660,133.01,2025-11-25,Oil Change,3
R5ZPA4SE91VK4P197,1661,191.04,2026-01-11,Tires,90
3JMKTD4V4P3GLINDC,1662,194.07,2025-04-27,Oil Change,81
72G703LSMLNUYJ1ZG,1663,1005.99,2025-05-14,Brakes,114
TBJW6RUNLSIL8TR4M,1664,125.68,2025-01-28,Oil Change,87
DF38GK9XW0PO9XEO4,1665,411.11,2025-08-29,Brakes,6
TZNYG5K2WLBU19RYG,1666,709.73,2025-08-23,Brakes,192
SJO4L2A6WNHJ7THOC,1667,249.59,2025-06-15,Tires,84
SU1HQLEGOA1I4DLAS,1668,112.24,2026-01-07,Oil Change,6
ZAJM1JSSTDVEL3CUK,1669,2133.96,2026-03-15,Brakes,27
JI5YJYHQ8549VLAAE,1670,140.27,2025-05-12,Oil Change,186
J8LC3XVFXPZPW4HA0,1671,485.37,2025-04-25,Brakes,90
XZ600VEOTAB5I45LI,1672,496.49,2025-06-17,Brakes,198
TW1T10IKWX9R93WMP,1673,115.47,2025-10-30,Oil Change,30
FEWGGWOJNZMEOT0CM,1674,554.08,2026-04-05,Tires,6
AUAPNCHJDVSZNWXYR,1675,154.79,2025-10-17,Oil Change,159
QAX3XS6Z7GTC7UY43,1676,1357.75,2026-02-23,Brakes,33
U9L9CDP6VUW8X9YUQ,1677,336.97,2025-03-08,Brakes,21
KXX5R8KJ08A1JVMO8,1678,654.7,2025-05-21,Brakes,159
3E1RQFQAR0M7ZWB9G,1679,372.2,2025-10-08,Brakes,90
MAAG4OVMQKI6UW277,1680,141.57,2025-12-18,Oil Change,180
U68V80K7FEZBGOS8F,1681,114.89,2025-05-20,Oil Change,42
X2ZRWIZXAAZS4WKQY,1682,179.65,2025-12-29,Oil Change,108
Y32LA5A5SDZU7XZZW,1683,195.54,2025-03-21,Oil Change,18
X9ESBLV7YDDK2ECRM,1684,77.82,2025-06-11,Oil Change,126
6YYASAWTI3EBIGZSD,1685,1578.83,2025-08-20,Brakes,60
OJZEQCW295TVBVDQQ,1686,314.73,2025-01-12,Brakes,57
PADOLFNT821M0498H,1687,457.8,2025-03-16,Brakes,156
175VBSVHRE82NZD0X,1688,734.83,2025-02-15,Tires,156
NN6CXZYLXJDM4U6DV,1689,122.84,2025-09-18,Tires,129
T8WP8167IYGLQDKHQ,1690,197.14,2026-01-25,Oil Change,126
KUA6IDIYGIMAKECPX,1691,447.02,2025-05-01,Oil Change,60
ATWUSYBJDJHSXT0IB,1692,288.22,2025-01-11,Oil Change,111
NWC6H2CJL914V1P27,1693,472.9,2025-12-12,Tires,18
7GYK6VEIR72EIEA59,1694,503.62,2026-04-01,Brakes,63
IXJDOR4ERANUWH9IO,1695,116.08,2025-11-19,Oil Change,111
44S0MQGKVRDFUPSVL,1696,87.65,2025-06-06,Oil Change,105
CTWCCX0ZNZ8YX08WU,1697,468.26,2025-09-06,Brakes,84
FOCCCUV60PLLC8RXX,1698,430.04,2025-03-31,Tires,162
HIUGH7FMKJKAEB4B3,1699,658.93,2025-10-29,Tires,66
I8NFF7EP1RK3K6UQU,1700,316.67,2025-06-13,Brakes,108
37SSW2TJW4M9R7IQ3,1701,575.12,2026-01-21,Tires,84
6UTO7QOM99O1Q1B8A,1702,608.41,2025-09-13,Tires,192
4I8IPJ5MRGGWK64HF,1703,394.32,2025-06-16,Oil Change,162
1HBKOPASX4A8IQR05,1704,511.32,2025-07-12,Brakes,45
51D07UE221UWCIRRL,1705,105.18,2025-12-21,Oil Change,66
O8KRBOQDBENGSYNJK,1706,120.3,2025-01-22,Oil Change,132
J86OJ7BGYTXOFSQXZ,1707,689.37,2025-04-06,Tires,162
S3VBCKBM4OCPA1RTU,1708,498.91,2025-07-31,Brakes,186
JTDKN3DU5A0345678,1709,392.25,2026-03-08,Brakes,90
WXD02E8P10I660LRX,1710,272.5,2026-03-22,Oil Change,180
U7WNGJFMOUTT5TOAV,1711,205.25,2025-12-01,Oil Change,153
4VZIH8WRXBLRTYEH8,1712,183.92,2025-12-25,Tires,93
JS3B6WUTFFHIQHL87,1713,145.03,2026-01-23,Oil Change,21
HDZB5V9M5RK1LZTCE,1714,332.37,2025-08-26,Oil Change,186
3HQ913SPPK0KQ8M22,1715,164.6,2025-12-17,Oil Change,81
98HQZIEUW6MSD61W2,1716,1228.95,2025-02-03,Brakes,42
ETHEN25XSVF9LMEPK,1717,498.36,2025-10-26,Brakes,126
A27ZHW7LB2002YWHF,1718,149.73,2026-03-01,Oil Change,102
OGKWAMOZHB9H5RCVM,1719,647.32,2026-02-06,Tires,156
CXV4YF4IM5GJEEX9H,1720,161.69,2026-04-10,Oil Change,114
M8NOV9SWA66MJ62S7,1721,2207.76,2025-12-24,Brakes,75
H8VSQ9C8KOO8UJ6YX,1722,85.95,2025-02-08,Oil Change,72
WZ26YB0WD7CS5UGT9,1723,111.86,2026-01-04,Oil Change,84
9WEBXR8SVJEENDQKQ,1724,663.28,2026-02-19,Brakes,81
LZHCH413R8NAVRNHS,1725,390.38,2025-10-26,Brakes,162
7SKY8HRS59G7IU482,1726,398.61,2025-08-05,Oil Change,84
9KTLWH9SJK0UJJ1A0,1727,857.64,2026-01-21,Tires,117
O8B010I9AUZQ67OKT,1728,369.73,2025-07-13,Brakes,39
C0ZZV670W301OAWO7,1729,464.44,2025-07-05,Oil Change,81
2T1BURHE5JC123456,1730,142.81,2025-12-12,Oil Change,3
61X2KW11QS2RW5JQ6,1731,394.54,2025-12-16,Brakes,84
FXHC2DEQUV9RPJTEU,1732,409.92,2025-11-26,Oil Change,27
GGGY9WMMX7MSJOHUX,1733,109.77,2025-02-11,Oil Change,12
ZQQUXOE45UASC17RH,1734,115.58,2025-06-23,Oil Change,24
XF2M2TAT9N336JEBT,1735,417.35,2025-05-08,Brakes,78
ONJ80BT2RAHJCOX5W,1736,156.99,2025-04-04,Oil Change,147
O99PT5RUUMIC17XBE,1737,792.17,2025-08-22,Brakes,192
W1Q1VTNAWXJ91VCWD,1738,209.5,2025-09-18,Tires,123
YCOLSHHX6CCGDM49G,1739,157.97,2025-11-14,Tires,60
PJFI532AXRV8QW5JI,1740,285.83,2026-02-06,Brakes,66
X2ZRWIZXAAZS4WKQY,1741,478.08,2025-11-27,Oil Change,81
D12Q65SF89O7VSYVP,1742,553.15,2026-04-06,Brakes,27
QGN90PO2Z8NV7L38R,1743,2239.47,2026-03-30,Brakes,132
Y9YJVYAECCOB5RTYF,1744,359.81,2025-12-31,Oil Change,66
TKY0I6W12PQ4ZRPHN,1745,154.22,2026-02-28,Oil Change,9
PR9LSEQCTKIXS7URZ,1746,1801.12,2025-04-20,Brakes,195
X2CD6HCCO1TMOJJVS,1747,621.46,2026-03-22,Tires,111
NRH02T86ULAZ805AI,1748,125.1,2026-02-16,Oil Change,24
6NCDDJG03TMFA1UN1,1749,116.58,2025-09-18,Oil Change,45
SJXKLA1PFU9F4Y1FG,1750,294.64,2025-07-15,Oil Change,60
PKSPINB01R31QXCAB,1751,151.27,2025-10-01,Oil Change,171
EEKS9AXPDI6J67RMT,1752,470.47,2025-07-08,Oil Change,108
6UJCJJGC5450WFQ0E,1753,1976.71,2026-03-20,Brakes,168
8HFDRIMAKSIWRRN1X,1754,592.09,2025-09-19,Brakes,66
SLCH835DF01QNE5AR,1755,2073.57,2026-02-25,Brakes,33
ABNWYNESMJAF85DUQ,1756,178.13,2025-08-04,Oil Change,102
DROGUXINCHKW96DUP,1757,390.41,2025-07-09,Brakes,177
MKOI2X2DZHAEVA9EJ,1758,387.41,2025-04-19,Oil Change,126
RUU6YC1D7PQ2JNX2F,1759,235.78,2025-07-29,Tires,45
JPZY39R3VO05JVQ1Q,1760,366.94,2025-12-15,Brakes,57
DDSCVMG9SFOWMZ8GV,1761,156.74,2025-01-23,Oil Change,9
J0Q4NRN8DY0GZ59AF,1762,194.97,2025-03-08,Oil Change,132
YSJGEBI7GWAZT8CDZ,1763,172.09,2025-07-05,Oil Change,132
M76BXCKCNTU63LH9N,1764,120.27,2025-11-15,Oil Change,60
0GCQ8CGYNK2Z19Y3W,1765,133.43,2025-09-22,Oil Change,84
CMPMY7UMB35QKRU0C,1766,663.38,2025-07-18,Tires,126
XH1AAA6TSXGSN3736,1767,821.41,2026-02-26,Tires,150
I7JDQ1P3HS598DQPL,1768,514.23,2025-08-31,Oil Change,159
RDRPXLR9Q02BL068F,1769,249.59,2025-10-12,Tires,18
PTVB8OKCUUTJ69U3W,1770,105.85,2025-10-18,Oil Change,33
2T1BURHE5JC123456,1771,468.39,2025-01-18,Oil Change,81
P3TMX0UTKR0YQ84TN,1772,324.41,2025-09-11,Brakes,42
K622J5MTAJ51Q3TRF,1773,349.95,2025-04-23,Brakes,162
IQW37UD20DRQLYCP1,1774,98.94,2025-07-07,Oil Change,3
88FKIRXIQA0SSK0O5,1775,775.52,2025-04-11,Oil Change,54
GSJDL5JUDUXPJU510,1776,428.99,2025-09-06,Oil Change,42
IHU6646S4UHU4TYBB,1777,116.42,2026-03-15,Tires,90
OWJ706YC0NRO5S1VE,1778,116.93,2025-04-01,Oil Change,168
3HQ913SPPK0KQ8M22,1779,81.84,2025-07-23,Oil Change,48
3E1RQFQAR0M7ZWB9G,1780,2140.27,2025-11-21,Brakes,87
E343D5ZOI3YJHGF6E,1781,224.47,2025-01-27,Oil Change,78
60FV83WB6D9ALE7MA,1782,134.1,2026-01-13,Oil Change,69
IFA2E94M2VWKZ92XX,1783,462.08,2025-11-12,Brakes,72
0Y1UUHBGO3Q9VCDHH,1784,2246.47,2025-12-07,Brakes,120
2JOV6PXGX4OWCYOX1,1785,222.6,2025-09-25,Tires,72
8WT0NSNKW0KYZN2OS,1786,95.8,2026-03-13,Oil Change,177
6GFE77VUC61DS49QI,1787,768.26,2025-04-17,Tires,90
8OCOY81WXNT8646UU,1788,113.66,2025-06-29,Oil Change,156
601RIBMHSUDB66UWL,1789,215.27,2025-10-23,Brakes,192
9884CO57PZZC527AD,1790,122.23,2025-03-13,Oil Change,174
H7MPZCO0UDVABL5Q3,1791,645.89,2025-07-30,Oil Change,3
23GPPSKWWA5PD5GSO,1792,177.33,2025-08-09,Oil Change,192
XQ9XFQ7GC8F9LKBWN,1793,2402.88,2026-02-28,Brakes,129
RKRKYSQLVZDS84OP7,1794,478.74,2025-03-05,Brakes,96
GZ260MICVUZ7OPQVI,1795,244.74,2025-08-05,Oil Change,171
JWGXAAO72ZRVDTBA6,1796,176.98,2026-01-07,Oil Change,150
4VCPTK8ADWZFL30XS,1797,493.75,2025-09-07,Oil Change,81
THYZV86ZIPTT6BFSW,1798,187.89,2026-02-19,Oil Change,180
1TPH9X4WBW56ANHCA,1799,116.55,2026-01-14,Oil Change,108
9XZ9X71TD6C31I2S9,1800,110.78,2025-03-16,Oil Change,21
FT3KSV6225IZVRRQB,1801,81.05,2025-10-06,Oil Change,198
D12Q65SF89O7VSYVP,1802,117.7,2026-02-19,Oil Change,186
0S9QEZQVVNYDE7UJL,1803,1480.81,2025-07-19,Brakes,141
F1BE3I54JFZI8AIE5,1804,606.69,2025-05-01,Brakes,180
ZUGU4SEF0DPZZ9AFM,1805,121.01,2025-05-11,Tires,66
JSHUJUVXA1ZFTK1X9,1806,719.13,2025-05-26,Tires,99
H2CSZXOT30VJ1FGCB,1807,150.21,2025-03-07,Oil Change,75
HUC7JHZMMVFFJTMEA,1808,402.14,2025-04-28,Oil Change,171
0T66RRLK0RGGR1U36,1809,124.86,2025-06-08,Oil Change,183
09C7GN66WL3JVZT90,1810,261.54,2025-11-15,Brakes,93
SW6E0I99XB0MS9Y8T,1811,129.62,2025-01-19,Oil Change,42
YNN18EL2MCRU963WW,1812,200.26,2025-12-13,Tires,132
7YQ2I02S1PONJ9CAN,1813,163.53,2025-05-25,Oil Change,36
FQ2LLO9VO8QQF50TD,1814,154.88,2025-10-10,Oil Change,90
VLA0183PVC460WR4W,1815,1607.22,2025-03-06,Brakes,69
FM0O6L858PBXERXQZ,1816,110.76,2025-06-07,Oil Change,81
TTXRPVGI4J8Z5MFWW,1817,753.67,2025-10-26,Tires,168
SJXKLA1PFU9F4Y1FG,1818,183.27,2025-01-28,Oil Change,75
EOZ8JA0BY1TWWRW9P,1819,369.93,2025-03-12,Oil Change,144
E6SVYBP3BENLAZPYK,1820,80.5,2026-02-14,Oil Change,198
M2B0PXCU0A6N7V5LF,1821,138.96,2025-02-24,Oil Change,3
9SP8AEPJFP5ZMOJGT,1822,433.05,2025-09-15,Brakes,48
XBB3CAGPKWTUGRZAZ,1823,263.33,2025-04-24,Oil Change,189
QXV218KOJKFYLT3BA,1824,269.07,2025-05-21,Oil Change,3
8VMB8CDYLP81OM784,1825,248.79,2025-04-14,Oil Change,177
M29GJ45Z9KMZ86J0X,1826,436.01,2025-05-22,Brakes,165
O2IAGM3J9KIGI3J2H,1827,210.34,2025-11-24,Oil Change,192
9FRFIXJQX0ACNNIIQ,1828,94.11,2026-03-17,Oil Change,39
JZ7LZ5IMGRVVJGEM3,1829,176.59,2025-01-20,Oil Change,15
RQNM1MD9FBK3TAX4F,1830,120.07,2026-03-05,Oil Change,93
8QVL53YXDN148AORL,1831,453.18,2026-02-04,Brakes,63
PCP8H4CHNJFRMPMSX,1832,734.38,2025-11-26,Brakes,60
GA96K5FVS1ZABQYW6,1833,458.1,2025-01-15,Oil Change,174
59ZYCG0IF11X8WVMC,1834,204.38,2026-02-11,Tires,18
4JWIZ0QMJZ80YCMH0,1835,443.2,2025-10-12,Oil Change,165
ZEXDQNFWT5KR1B336,1836,430.55,2025-04-13,Oil Change,24
7S7VLF9VSIWLFVHTO,1837,151.79,2025-08-25,Tires,138
BW0QX9JH69SEH2PKI,1838,305.75,2026-02-20,Oil Change,189
H2DCSZVD4DCD6AL8D,1839,536.74,2026-02-18,Oil Change,84
WZERGSR9UVMQFMK42,1840,246.94,2025-06-02,Oil Change,42
43WDM3E8F2HFTR2EG,1841,151.79,2026-04-03,Tires,174
U1F3LTZBFX2CS7USI,1842,586.23,2025-09-24,Brakes,6
R18B6P0DZ4AEF9K04,1843,1917.68,2025-08-19,Brakes,147
2AUFN7ZUD7T61Z4DT,1844,400.97,2025-01-28,Brakes,81
HQNSLLDSWBXTNLBPR,1845,150.29,2025-11-29,Oil Change,171
R78VB9KAJN4RSL1II,1846,560.9,2025-01-14,Brakes,159
DC5OVL6BRZ4283I5T,1847,726.88,2025-04-21,Brakes,171
EC9VQSIX9RVD59Z3H,1848,268.82,2026-02-22,Oil Change,30
5VS77Q3WV1WOT6N40,1849,125.34,2025-09-04,Oil Change,45
R5ZPA4SE91VK4P197,1850,851.48,2025-06-09,Tires,84
TO61QSRQ0AZA56NS3,1851,132.11,2025-03-23,Oil Change,126
MISKT4JI3180WRZIS,1852,701.58,2025-12-14,Brakes,84
QAG42UU5VQ6PQRP3L,1853,890.27,2025-12-23,Brakes,111
PADOLFNT821M0498H,1854,641.28,2025-07-04,Oil Change,33
QNKTLEAJUJJX9RSRW,1855,302.51,2026-03-18,Oil Change,90
9L3LFAHZLC5M7HDEA,1856,218.75,2025-08-18,Oil Change,153
JKJN670EEUNUQPRWS,1857,154.13,2025-08-04,Oil Change,147
GM4TFLL2WWE85ZWZO,1858,153.36,2025-04-12,Oil Change,111
Z7PM88W1MUHDGXI4T,1859,531.45,2025-05-18,Brakes,18
H8T6W7XOH27DKY7ZR,1860,180.08,2025-04-02,Oil Change,120
AHPF7KOG240EWELYD,1861,1826.88,2025-08-01,Brakes,3
JGAQP6WTD3XG0ZQEQ,1862,94.12,2025-02-15,Oil Change,105
3W2QUQNS2H6CDIX9L,1863,158.33,2025-08-20,Oil Change,33
2NDRNDE59PX6SMFGV,1864,594.95,2026-03-08,Brakes,141
FD256XFU2TF02MG3C,1865,108.38,2025-10-29,Oil Change,111
FUJ5P60BFT948C9DP,1866,895.98,2025-01-25,Brakes,27
RXAOGDBE2SQBYWCU1,1867,467.85,2026-01-14,Brakes,93
01C3II1MELK5P3SOB,1868,143.2,2025-11-23,Oil Change,45
JRSU3CYXV8W8214QH,1869,108.23,2025-10-12,Oil Change,6
W0J9PSDODLSNYJ31L,1870,638.13,2025-01-23,Brakes,75
8LDTK2XIT3PTLOCX8,1871,1193.86,2025-12-20,Brakes,183
D29JPCDJ0Z6258QSZ,1872,373.72,2025-09-18,Oil Change,168
6UJCJJGC5450WFQ0E,1873,146.4,2025-10-15,Oil Change,138
C55KUH25XMDXBJQRE,1874,511.71,2025-04-17,Tires,114
2Z4JZ3AZGMIMNW0T2,1875,113.16,2025-07-19,Oil Change,123
F1BE3I54JFZI8AIE5,1876,113.01,2025-02-17,Oil Change,186
JN5H1GWEFBUP6B6H4,1877,581.73,2025-01-24,Oil Change,96
LXELJYCB0BYBUG9FK,1878,318.95,2025-04-24,Brakes,27
SMY4M73799LV1YQES,1879,377.37,2025-09-21,Oil Change,69
XJ0T2I97ULXGTRQSK,1880,2347.7,2025-08-31,Brakes,99
1J169AMFZYBNTF2DI,1881,139.05,2026-04-07,Oil Change,189
X2CD6HCCO1TMOJJVS,1882,687.71,2025-04-13,Tires,147
3XQNXS91VKX5W53PR,1883,395.53,2025-08-03,Brakes,102
MW89F31A9X3MTPHK8,1884,477.94,2025-09-08,Tires,12
X4ZGN4BZ5QVLMEFUN,1885,434.43,2025-08-15,Oil Change,177
MBP365W3GZEBFYC9N,1886,240.69,2025-12-28,Oil Change,57
OZ3OCTN9IRSG50MBY,1887,125.99,2025-05-20,Oil Change,21
H2DCSZVD4DCD6AL8D,1888,531.44,2025-09-22,Brakes,183
WKS2QJTEEWQGB2YLZ,1889,658.21,2025-06-23,Brakes,9
LQAHZDA9Q1UOITA2H,1890,96.6,2025-08-30,Oil Change,183
YKNIRPGV8CK4CTE4M,1891,444.78,2025-05-11,Brakes,171
J7IRQ32PFQM4WV1W6,1892,241.88,2025-09-20,Oil Change,105
DW203CL0X3MMUTA6X,1893,662.77,2025-12-09,Brakes,81
IXJDOR4ERANUWH9IO,1894,748.0,2025-05-27,Tires,75
ZQ5WXLF6QDVL47TM8,1895,753.25,2025-11-03,Tires,132
4XVMV6EIJL7S7WT7D,1896,113.5,2025-12-15,Oil Change,129
ECBI327XDU1N5AL32,1897,2387.58,2025-04-12,Brakes,156
Q3IPNQRDLT9L1ZWV6,1898,398.12,2026-04-10,Oil Change,66
NZTPHQ1C10EGHYIJS,1899,603.96,2025-06-05,Brakes,9
5USBM4MPKWB4SK10H,1900,122.98,2025-08-16,Oil Change,111
1P4ICK6G41RMDAZCF,1901,85.51,2025-07-24,Oil Change,141
0AC6NQY8SRD2XQIEC,1902,208.49,2025-08-06,Oil Change,63
4X4QOPPAIUKZV5MB6,1903,93.43,2025-01-31,Oil Change,186
6YMTXBJ4PJGTPYZBE,1904,129.08,2025-11-17,Oil Change,195
O99PT5RUUMIC17XBE,1905,344.39,2025-03-29,Brakes,129
0E9J2XHDXDCAUWL9Z,1906,476.82,2025-02-05,Brakes,36
FU4SIAG34VJ6PIOZ5,1907,151.48,2025-10-07,Tires,54
VQ1YAOJFJ34XVJJL5,1908,325.17,2025-02-26,Oil Change,6
FII4L69FDP9UTUVHE,1909,158.98,2025-09-08,Oil Change,15
I7PAZLR3I8FN375EJ,1910,276.89,2025-06-15,Oil Change,99
CK4CT27MZJH59MU3T,1911,486.68,2026-01-01,Tires,45
CHT0KCUI4VB1LVF6I,1912,250.37,2025-04-16,Oil Change,150
QB1ASGY3FUROINB4H,1913,105.7,2025-08-08,Oil Change,36
A27ZHW7LB2002YWHF,1914,77.32,2025-09-24,Oil Change,108
KFJYESDYOC8JHDDS8,1915,100.88,2025-05-03,Oil Change,24
UO7QAYSTF41HZ5JM9,1916,339.66,2025-11-08,Oil Change,186
UW6SW5NFZB3V1GP54,1917,127.58,2025-02-28,Oil Change,120
JRNGWENNMU0QF2VTO,1918,430.21,2025-11-15,Oil Change,120
4A02XJ5IF3B3XRCC4,1919,535.89,2025-01-17,Brakes,54
KDYBDGG3TKKP3Q1AP,1920,1414.56,2025-06-05,Brakes,21
ISCDDK56W7C42VTHD,1921,141.8,2025-07-10,Oil Change,99
4EZCHBTIQ172KTBUW,1922,105.6,2025-08-04,Oil Change,156
3XXTT8F2D6FX6SPUW,1923,128.37,2025-09-23,Oil Change,180
Z4LVYIAF3YOHSH1Z7,1924,480.85,2025-05-13,Brakes,174
LXELJYCB0BYBUG9FK,1925,583.83,2025-12-13,Tires,111
5J6RW1H56KA678901,1926,142.98,2025-08-19,Oil Change,165
NZIHOJXQB6X5VADYM,1927,453.09,2025-11-26,Oil Change,156
FAVZNI6T03FPKL1CO,1928,2101.2,2025-02-20,Brakes,24
XH1AAA6TSXGSN3736,1929,310.73,2025-07-25,Brakes,6
G6GO8GV7FHG6CERJ0,1930,465.44,2025-01-17,Oil Change,147
RHCG71UD6A4SZIUZ8,1931,1546.61,2025-10-20,Brakes,153
FII4L69FDP9UTUVHE,1932,566.64,2025-08-20,Tires,126
XF2M2TAT9N336JEBT,1933,603.03,2026-01-06,Brakes,30
H7MPZCO0UDVABL5Q3,1934,238.51,2025-10-24,Brakes,6
T7PY6RRWDNYDO1R2Z,1935,477.04,2025-01-26,Oil Change,174
DV5077E8HDCMPAFIE,1936,137.96,2025-05-02,Oil Change,90
HNME4CZSI97CQP968,1937,729.84,2026-03-26,Brakes,120
EUONQL6V3M2C47GOT,1938,1513.05,2025-09-23,Brakes,27
UO7QAYSTF41HZ5JM9,1939,202.68,2026-03-03,Tires,147
3XQNXS91VKX5W53PR,1940,677.24,2025-12-12,Oil Change,120
ILEXA4UQ442QPPAPX,1941,142.21,2026-02-15,Oil Change,195
KYCA0QECWY40MK1CG,1942,1348.75,2025-06-18,Brakes,198
XRRB26ABA9WM64ZY4,1943,111.16,2025-11-02,Tires,171
Y0EHJOR9EMAUZ2UE5,1944,137.26,2026-01-09,Oil Change,165
LB2XQSCRTETY5U0S1,1945,315.31,2026-02-17,Brakes,138
CVL2X0LTFTE5TFE6J,1946,109.5,2026-03-14,Tires,165
1TTYKMBGP0ENQIHSQ,1947,1016.15,2025-01-22,Brakes,57
F1P0VN3LJC0SE8ASP,1948,474.75,2025-05-19,Brakes,36
EKH08H3Z8ZAU23QJN,1949,121.26,2025-07-06,Oil Change,111
K7BD306S4CM46K63H,1950,154.28,2026-01-27,Oil Change,9
BOGQ4F1DD394B5G90,1951,297.21,2025-10-17,Oil Change,57
W5UL57QRK4T61NXRU,1952,340.57,2025-08-02,Oil Change,24
VM8JUQ016RXUT97FO,1953,676.32,2025-08-02,Tires,183
PWJYLCHJX6UVQEK2A,1954,231.0,2026-01-02,Oil Change,144
H7MPZCO0UDVABL5Q3,1955,710.65,2025-12-19,Tires,99
41DSAY59UZHIORT30,1956,493.7,2026-03-07,Brakes,33
W844X8LNXNX9YAS78,1957,98.06,2025-09-27,Oil Change,30
IGSUBX7MIRTKYXCY7,1958,195.3,2025-04-01,Oil Change,105
XH1AAA6TSXGSN3736,1959,291.84,2025-08-06,Oil Change,51
5I04UOTCK3HDHU8YK,1960,279.68,2025-04-27,Oil Change,117
E6SVYBP3BENLAZPYK,1961,346.45,2026-03-01,Oil Change,6
ETNPHPAOLCO9IZ43U,1962,320.97,2026-02-10,Brakes,60
EEFSAJMOQL5EN2BI3,1963,1225.5,2026-02-26,Brakes,171
1BEYNXS76YBHKHM59,1964,836.88,2026-04-10,Brakes,171
Q40DDYDQ6NC9XB9GU,1965,456.31,2025-06-18,Tires,162
OEX0JWSHCFNK6OJQ4,1966,193.89,2025-10-11,Oil Change,51
VK6UW6VUZDCZNHPJA,1967,535.56,2026-03-06,Oil Change,12
9DF6BZM60POHYZ60F,1968,609.39,2025-06-01,Tires,159
859EJZ94WMINML48A,1969,527.74,2026-01-10,Brakes,54
W1YYTQY1JG4X7TDT7,1970,211.99,2025-09-11,Oil Change,30
EIXK60EXGPD5O95H1,1971,458.97,2025-12-30,Brakes,36
PUWYMEQHMWVOXUNCU,1972,249.23,2025-10-08,Oil Change,168
ZTNFDYPAKL6OWM8PN,1973,600.59,2025-08-13,Oil Change,135
ME9V5CMV2LHK18FG1,1974,344.09,2026-01-01,Brakes,138
IUQHRIY3452V438HV,1975,277.8,2025-04-11,Brakes,30
0UGLP2VT4B24A5O34,1976,869.04,2025-04-10,Tires,15
Q5T474KJ0BU82XSV7,1977,614.66,2025-11-20,Brakes,192
I0TEX6C56LVF8OG1C,1978,221.5,2025-01-17,Tires,165
P6V0W0FYARDOH9FLG,1979,322.43,2026-01-27,Brakes,129
9WG88ZP5E3O3BHOIW,1980,752.6,2025-03-09,Brakes,135
V8WQMOIC8AS3WW7IO,1981,599.26,2025-03-07,Oil Change,63
M4VWI3PW707HL4LNA,1982,713.13,2026-02-23,Oil Change,45
UHGVE63EIN6HIY5KI,1983,1254.08,2025-06-01,Brakes,168
YGNXSJACGJKQN0GFK,1984,153.19,2025-12-15,Oil Change,63
D6X1JEU60XE2SKW43,1985,504.17,2025-07-28,Brakes,54
O7NBH101X95GV3I9T,1986,104.55,2025-08-19,Oil Change,87
SRLTFLAM9VCE03515,1987,271.61,2026-01-31,Oil Change,174
HIUGH7FMKJKAEB4B3,1988,643.34,2025-01-23,Oil Change,39
ZWBTHUQDFIC7LV9L2,1989,256.32,2025-06-16,Oil Change,165
N58EAIU0WOUDCDCQ1,1990,257.4,2026-04-04,Oil Change,168
TC975AAX1ISEFG84Q,1991,429.95,2025-09-25,Brakes,150
0IMKNYG3YGC6W8R0G,1992,238.87,2025-11-18,Oil Change,156
WNH521X7CM4B2SJPS,1993,639.99,2026-02-12,Oil Change,132
HUXWS1OAM7FKTLTOB,1994,154.9,2025-05-04,Oil Change,12
L1CANG56AQULYGYEH,1995,1003.8,2025-08-17,Brakes,174
EW6IKAD7FDPOLKBRI,1996,361.82,2025-09-26,Brakes,147
LJ6U6KUHZJ11ZG65R,1997,274.35,2025-11-26,Brakes,99
BN8VLE86QKMD1RQYM,1998,388.13,2025-10-26,Brakes,15
MV7W4TC4V9KBWQLDK,1999,501.29,2026-01-28,Brakes,75
J8LC3XVFXPZPW4HA0,2000,99.33,2026-02-02,Tires,9
