Sale ID,Date,Customer ID,Employee ID,VIN #,Sold Price
1,2025-01-15,1,2,1HGBH41JXMN109186,21500
2,2025-02-03,3,5,5XYZU3LB1JG234567,27800
3,2025-02-20,4,8,JTDKN3DU5A0345678,22500
4,2025-03-10,5,10,1N4BL4BV4KC901234,16500
5,2025-03-28,7,5,JM1NDAL75K0556677,26000
6,2025-04-05,2,2,WP0AB2A72CL778899,72000
7,2025-04-12,9,8,1G1YY22G455678901,45000
8,2025-04-20,6,10,3GNAXUEV0KS501234,18200
9,2025-08-07,1666,161,YB2A0HNT30RBCQL9S,24662.83
10,2025-12-23,1860,7,1YEQNKBTNCV03SSOT,17052.61
11,2025-01-27,1292,85,V4MULYEYMHDADNRT2,22909.08
12,2025-08-14,1643,8,Y3WNLY8SP5ILA4ZWP,17310.91
13,2025-05-24,735,175,16YLF0MH9M8TO7IMB,12848.62
14,2025-05-22,567,115,L2RCZPTJBCXXURU8Y,18018.49
15,2025-09-06,1432,163,ZN9KTWOHCPGF9S5PM,27509.79
16,2025-04-07,429,143,N58EAIU0WOUDCDCQ1,13063.34
17,2025-12-12,660,190,S4SJM3TFZWFV5O7SY,13817.54
18,2026-02-18,1671,45,O7HS4XXANAF8J0OMS,18681.6
19,2025-03-01,684,91,RDD3E376VERO1JL7W,32846.49
20,2026-03-03,1713,59,3TKCKXSQXYG9IVWP4,21388.43
21,2025-03-07,1873,185,0QISAWS48UET4C9Z2,6291.85
22,2025-06-24,1274,128,I2J33JY8GA0PBWPTW,18381.96
23,2025-07-29,415,68,3TAI2SCU8YNPZ1SQZ,6233.6
24,2025-07-13,691,113,53MB98Y2X15XVH6OV,21064.16
25,2025-04-06,1965,44,BLSPBDVRNAENRC1NN,21309.93
26,2025-04-22,1192,80,WXD02E8P10I660LRX,6228.1
27,2025-12-09,1148,76,95DFKNXZ6JX0WX975,24226.67
28,2025-04-16,816,159,BY6UXRCH2XV0XJPL9,16474.7
29,2025-03-03,186,183,URCXGEWDCLJTP5MLD,6491.61
30,2025-12-20,829,68,5KMA6ZBJBB62PUAII,8598.89
31,2025-10-14,725,102,Q0WYL9CP5AZT8BX1B,6679.23
32,2025-03-09,1731,189,DH70LCFONY4MAO196,11974.06
33,2026-02-27,602,158,JTEE9B3U1B90IPV9G,23927.52
34,2025-06-29,461,114,O7NBH101X95GV3I9T,8201.86
35,2025-10-22,318,171,W7H2YSM20G2832YWO,10226.71
36,2025-05-09,1707,178,PCP8H4CHNJFRMPMSX,7453.52
37,2025-05-10,902,166,SCENGX1GTBB2MEBN0,7146.3
38,2025-01-21,608,63,K9QPTC8WGUWLQG9G7,31699.11
39,2025-11-24,990,113,D7GMXBZ18VEQNBNT3,6520.54
40,2025-11-01,394,106,S7NXTAL8GDVSLYQD7,19138.49
41,2025-11-08,819,161,LNKK6HL0SQQX3TV64,13434.83
42,2025-08-01,1530,67,5H9ZMX95I9FUFYGR3,11644.41
43,2025-07-20,1646,68,6WCSLBGOSVZU1D03C,15485.81
44,2025-05-15,656,139,G372B9U5UIXIPYKK7,12437.49
45,2026-01-04,276,83,DMGJ2SDRAIGBXLSK1,8672.84
46,2026-01-09,506,138,S1OKISZ0AG8L26K46,8316.24
47,2026-02-20,1040,182,47AJBP7964Y458EZI,14700.11
48,2025-03-09,1654,155,NWC6H2CJL914V1P27,26064.35
49,2026-01-17,1438,166,TRGEBBM8DKVM4ZBVI,8825.32
50,2025-05-09,953,69,2961HG4QK85KYLMV2,21380.04
51,2025-09-07,1268,113,K9FQZKXF75E2I9BRS,8046.74
52,2025-02-17,1953,44,XI81TJBGKCF7VAEOR,30202.24
53,2025-10-28,1332,15,63TDOL51B5ETT7TR7,16982.62
54,2026-01-11,303,17,ZIFFSUXLKEMH3KIVB,30658.02
55,2026-01-18,566,146,KCXVSOSYYILFGWXNM,7940.57
56,2026-01-22,57,183,OW5UAY1HQQULXUOCV,10539.09
57,2026-02-10,1931,35,4EBCHNKH4GGSNELTO,27891.99
58,2025-09-03,635,138,ZUGU4SEF0DPZZ9AFM,17549.3
59,2025-07-03,477,146,8SZAJSZ1I9FRN0OHD,16799.73
60,2025-08-11,296,197,2HRCUKVVE9PED62A5,20714.04
61,2025-11-11,645,2,AV0Q896V8R5MA6Q5C,23868.98
62,2026-01-14,1546,92,930KRITH7PAQGLHV2,8180.29
63,2025-02-20,1258,17,O0KKGC4YNLXNIXCGE,23618.5
64,2025-04-07,1501,50,MKFXPD6M85I4UV4J2,28663.18
65,2026-02-15,1555,46,Y32LA5A5SDZU7XZZW,5368.61
66,2025-12-13,1903,127,YESM0LHAUQ52BDXKV,8919.12
67,2025-03-01,193,104,QHFK4U400E3RLAW9R,16400.22
68,2025-12-31,794,105,5TG3X3V7P6FLZ7Q3C,39998.52
69,2025-03-26,1736,88,F2U0A19MJEPWRARKC,10940.04
70,2025-07-15,364,182,4IRB4NQ87CE1F46UN,21570.74
71,2025-09-27,186,48,08GAYG33JZCTVENNB,12986.08
72,2025-05-11,720,166,DNQ9LNY24CDMBTB88,18895.81
73,2025-09-03,1540,25,3ICCGFROJXBIAFS5Y,28185.27
74,2026-04-10,1242,16,DQ9NFFKYW0XTRWSBM,13530.75
75,2025-07-25,196,44,MT4CPRA5LUAPRA204,6264.15
76,2025-01-21,10,84,D5MY6854ED5SCK50H,16197.14
77,2026-02-28,1854,146,U9VGHOIV8YUMYYP9F,25694.8
78,2025-02-19,1958,45,7E2P3TLCUNZVZQ8ED,21247.77
79,2025-09-27,373,138,L8H7ZSLTM3AWYWDLK,9368.47
80,2025-03-05,1787,175,XXRL80WH60F4L88BB,22217.49
81,2025-07-25,1176,46,Q7GW315J8RLE417MR,14024.06
82,2026-03-24,1802,198,3QNC5GH5X2OF7MQP6,23910.48
83,2026-03-07,1678,114,BK05976V78RR4SOM9,8170.42
84,2025-10-17,1820,31,5TL1EXMI6OH4NUNE2,6041.79
85,2025-06-13,221,90,ZWS81ESSU7INQST5L,13387.79
86,2025-10-07,343,26,3S7Z00UK0EBAW0BJP,6824.84
87,2025-04-04,1256,87,MSE6MEL2Q9UHFQLHI,7767.18
88,2025-12-18,1123,100,BI8M7LKJIBAFG8PLB,17243.54
89,2025-12-23,1136,17,ZAJM1JSSTDVEL3CUK,22828.63
90,2025-03-28,491,126,TLSMX38W8JU5FQVFB,21752.96
91,2025-02-05,734,16,M76BXCKCNTU63LH9N,10437.22
92,2025-09-17,1661,169,V8WQMOIC8AS3WW7IO,23580.21
93,2025-11-13,203,134,I6K19LZD5NZZI4OG5,16949
94,2025-06-28,1868,135,MV9YXROMDOX33WSF3,27682.11
95,2025-10-09,808,194,LC9EZ0WP7SB9W4AK1,13130.98
96,2025-06-08,657,35,N2EXMNXPPWXIH3S34,8419.23
97,2025-12-01,874,104,Q1952LWGTTQ279E66,9288.26
98,2025-09-23,49,126,VOUMGGH3KZO5HR6PW,14346.97
99,2025-09-19,1249,100,6YIMASWYHNCY054D2,14469.31
100,2026-02-21,1579,74,XDUWOMFS0W9F45LRT,13938.42
101,2025-10-12,1703,11,51SR0ES3RLUGTLWMI,6002.19
102,2025-11-11,1532,147,FUAI98T1EGETXST60,24033.1
103,2025-06-24,1514,13,F3ZJO3HTWTJNVL1PC,11656.39
104,2025-06-19,789,49,060D87LUVOMXF3C22,25895.75
105,2025-02-10,1688,176,6T3FT5VGIA1ZW6LWP,12142.6
106,2025-10-02,1074,46,23GPPSKWWA5PD5GSO,18275.32
107,2026-01-07,92,55,BRRW5LL22BQXECFRW,13820.8
108,2025-05-08,1460,82,SRVS34E54CC5PEUL2,14870.82
109,2025-09-25,424,147,N8PHB4SAEBHQ7DK5Q,19582.07
110,2025-02-07,1889,98,7CSPJCYT7TLUVS93A,12907.74
111,2025-03-15,1893,75,OLILY333EYPKVSUQA,36101.27
112,2026-03-07,1875,85,O2IAGM3J9KIGI3J2H,14681.03
113,2026-03-14,468,96,TUG09UVU26GPSR593,21916.02
114,2025-02-06,320,37,3V3NU44VIRE7JYRWU,13497.72
115,2025-12-23,529,109,IES8OXA22HTQ13RDV,10385.85
116,2026-04-02,1848,161,MW89F31A9X3MTPHK8,15102.84
117,2026-04-09,1339,189,47FVJ5H1KHR7UIETB,5928.38
118,2026-01-03,21,107,0UJLVKUFHUPKWUBXP,13893.13
119,2025-06-06,1726,49,FXWZ1I6SJV5NNPM9K,14198.45
120,2025-05-24,1230,3,4SMRMWWAMER55NOJX,7666.81
121,2025-02-05,1426,197,QCRNXCF5SHATVK4A0,6442.93
122,2026-01-03,457,19,XFHTZ0NVPM5WA82IO,17076.56
123,2025-04-06,1848,126,9SX5PNJ6OISJBNCP3,14635.37
124,2025-07-01,343,190,D5TC7J12NCPV2VF02,10545.29
125,2026-01-16,1906,178,ZLW6EBVJ9WMCOPPRY,6941.75
126,2025-06-10,584,146,LDC70YBSSSNBVMIWK,21419.32
127,2025-03-17,809,52,ZLE8SX86B066SXCA7,17963.94
128,2026-03-24,1020,52,TO61QSRQ0AZA56NS3,25513.63
129,2025-02-02,961,123,795HFQOD6DBQ5UT8G,13983.8
130,2025-02-03,1707,100,J5X0FCMC54AI4D41C,22578.56
131,2026-01-05,1652,18,5JLJND4KDJVCVEXOQ,18030.07
132,2025-07-23,898,190,VLA0183PVC460WR4W,12931.9
133,2026-02-12,85,170,7SKY8HRS59G7IU482,13561.72
134,2025-04-21,1574,54,AWTTE15L66BLR1KPC,17425.45
135,2025-11-02,30,40,ZNX0598XJ3X14VHIO,9432.53
136,2025-05-23,1888,45,O3TI6ZE6QARFHO2IO,22625.37
137,2025-12-10,116,101,0P6NFPQF9E4MNB7N8,15939.71
138,2025-06-13,1036,17,0AN3XAKQ7PE1HOLW0,16430.36
139,2025-04-24,688,169,ZWBTHUQDFIC7LV9L2,12320.44
140,2026-04-06,903,18,TE361G7AK9TZJWR66,13376.8
141,2025-10-12,590,143,8J11KMG10NHJACHLX,15766.43
142,2025-06-26,117,29,N0YB3OI8QNM538WU0,10559.08
143,2025-10-07,1095,5,W4ZRL5NFTLU0M23Z3,15347.42
144,2026-01-20,1911,83,JPZY39R3VO05JVQ1Q,25203.32
145,2025-03-09,1402,60,INF3UL5EFNYXYD77W,11424.23
146,2025-08-01,1575,146,W6WC461E4330Z7IJT,11172.1
147,2026-02-09,1287,10,YCD5QETZWMY1TOZHW,12181.39
148,2025-01-25,1329,122,C1AV7LT1CV4O5LQ71,10745.18
149,2025-07-31,579,176,U8LT39KGZSVUPY04L,26181.69
150,2026-02-02,487,175,9Z1MPBEST2PK3P251,31040.29
151,2025-07-10,1304,117,MACMH0B29KNM66TTT,16745.19
152,2025-04-03,931,138,GVOB1Q399PD3XODC4,15194.52
153,2025-03-29,588,164,9TJPJEVE629JFX6I8,19497.88
154,2025-08-01,527,42,69ME9MRK7XS9C89HK,17791.42
155,2025-08-24,1650,77,9G6V1MF8SVYG61YW0,17244.91
156,2025-08-13,1456,139,WOCJ7M49STWI3V4TW,21563.74
157,2025-08-08,257,161,OGKWAMOZHB9H5RCVM,15100.36
158,2025-08-10,863,107,7BS850A63PE5RNAPL,13594.62
159,2025-08-30,1951,100,QYN0Y5QYU2LDEVGVB,7251.15
160,2025-06-30,1363,103,HLRD6HA0UYMLC904D,18384.05
161,2025-05-20,445,183,X2ZRWIZXAAZS4WKQY,6190.13
162,2026-04-07,1494,169,8XQF65SSYTNOO4XDH,17553.99
163,2025-09-09,1123,196,WH2GEFD1JR6RD3NT9,10972.08
164,2025-12-10,629,55,KD4ACKIDXZUQALJ9F,8682.47
165,2025-03-11,1112,167,HJSJY7P29BP78GFLP,20224.59
166,2026-03-17,1958,199,K7ATK6MQKR9BUPHNN,17498.01
167,2025-02-10,409,56,9AX8SICV4YH0KHINR,32986.93
168,2025-04-05,1351,99,RW0W5B4NCTADUFBAA,11329.67
169,2025-08-29,49,178,2FJ00ZS1GRRKECT5U,20768.35
170,2025-12-22,353,70,146PFVRLZVJYNM5IY,5870.25
171,2026-02-12,320,165,QWH9PFOOJ0I3LTMCK,19470.09
172,2026-03-01,406,39,GSJDL5JUDUXPJU510,19417.78
173,2025-05-20,1778,190,0LNTNWDT7QQY8VEKE,20983.29
174,2025-09-21,648,157,4VG04ELPL5SW0F35U,22545.31
175,2025-10-13,1506,161,DF38GK9XW0PO9XEO4,11740.06
176,2025-03-05,1612,17,TKJWX5ZMKVU1AJTOC,11425.37
177,2026-04-01,1781,14,WYX5K00X423ZG54UJ,11021.82
178,2025-06-24,1908,92,QXX9OWQFHEFHH6D70,23157.52
179,2025-05-04,630,17,NQ3LDFZ3KT4HLUATY,6089.34
180,2025-06-25,1195,115,UB3LNQ02XKP3DH4OM,10819.81
181,2025-04-14,594,78,NKQ6B8W4AVFNE1PCH,28752
182,2025-04-06,1845,39,4HXDK1429V9XKZYLM,9019.25
183,2025-10-14,1865,159,CSL20HMQV1HHNGGBW,15182.69
184,2025-10-24,1288,121,WZ26YB0WD7CS5UGT9,21671.25
185,2026-01-03,1737,64,EDI5FKR0BIQMTYNEM,18402.87
186,2025-03-31,1863,114,JUKSO5242Y3A61YFM,18049.38
187,2025-03-25,1803,98,NRJQ4JPGBBD3GMHIG,18220.13
188,2025-04-12,1572,6,ZEXDQNFWT5KR1B336,14841.46
189,2026-03-09,743,113,Y19IMG1QM4SWG0L7P,27358.21
190,2025-09-01,1831,6,KKJSZOT9QD2E0LXOX,9472.88
191,2025-12-24,1161,89,5SPPJ0XSB97U8CAV8,6701.89
192,2025-02-27,1816,95,G1I4MYM0PPVGKKL3K,17211.47
193,2025-11-30,615,174,Z7PM88W1MUHDGXI4T,6762.47
194,2025-03-12,1915,172,53G3D2LERAOVDWFW6,6687.37
195,2025-06-28,599,183,61D845K2A9RM4HAU0,14166.63
196,2025-02-26,727,155,RF1HYAJOH0H0J5TSI,8772.17
197,2025-11-29,1825,152,YM5DOOH17GIWQ0UC1,9287.13
198,2025-07-20,1744,65,L79CLJ00EXAPBO7MT,14967.68
199,2025-10-08,1852,7,S8SNMRPVJHG0WQP3M,20088.41
200,2025-04-10,107,167,MNUHGCO8J07LFU61X,13651.58
201,2025-05-29,920,111,8EQ8X0P9Y1B3JKIXD,13575.32
202,2026-02-07,1345,118,ILEXA4UQ442QPPAPX,7777.65
203,2025-10-24,65,34,CPLHGW5KUMLFL6GU0,29820.36
204,2025-11-30,22,189,PKSPINB01R31QXCAB,20355.96
205,2025-07-28,409,121,BKUL1RZ873E54KAU8,18908.32
206,2025-12-25,554,179,9884CO57PZZC527AD,12113.41
207,2026-03-02,1050,109,3I6LU1K1TSGBUAQ6E,16904.89
208,2025-03-23,1932,89,QYTW1290YYQYR24MD,11809.53
209,2025-04-23,1002,73,IMS2T5VSAG521ECC2,15151.47
210,2025-09-02,1882,172,X3D4RCAUG2JG0ZNRL,23439.61
211,2025-06-27,1765,131,ZOADN7W38E666Q9CA,19134.57
212,2026-03-03,1561,28,2PWZ6AF1D79SCZWJ5,9923.04
213,2025-07-25,134,40,UP8ZOJUIYVM8S2PUS,12806.87
214,2026-02-17,179,20,QOAPKEGFG5DG5B9JL,23918.92
215,2026-01-27,1653,88,Q9HEDWZ6DEDVPK5VM,7968.11
216,2025-02-20,320,150,EIXK60EXGPD5O95H1,31253.01
217,2025-09-07,1293,85,K1W3TOBA2N61T8KJA,6273.07
218,2025-11-24,250,15,BVXFBMKMM9KKC1ZD2,7368.06
219,2026-01-31,1898,21,2KRYUFNZ1799TOASG,6576.96
220,2025-03-02,8,111,CG7WDQUCM4LTO1RHP,27834.39
221,2025-05-02,103,184,JHC3PQMDKBUGNCK2P,25351.97
222,2025-12-01,1085,50,8SO7U7VH3XXP4DO48,17525.24
223,2025-09-25,1240,181,U9HQV92I8H18V4S7K,7060.68
224,2025-12-27,1213,16,XBZLAPHC0EF3TAJB0,31260.01
225,2025-01-18,163,46,UXNT48KQWYZ0ZSMB5,10506.12
226,2025-03-29,1799,139,9IG3ODRKTYF9JPFFS,10972.19
227,2025-03-19,1440,195,VVWOMJKMBYA2TLQFP,20638.63
228,2026-03-25,659,194,1ZGWZJT5IRCHVYSO0,16006.67
229,2026-03-19,1214,76,2AYBZOKQJOC5ZIK5O,27888.13
230,2025-12-08,585,56,MQ0GW2Y8CS6XNAMH9,6467.35
231,2025-07-10,1507,62,6GIXQQOJPRANCBUCW,15580.98
232,2025-12-30,516,73,3XRJQW07M6HV2EE2G,11457.69
233,2025-02-15,129,127,X6D03B164GH1WLKTH,15501.63
234,2025-11-28,1548,111,NRZBDW59UMFRQUDLT,8914.73
235,2026-01-16,914,4,TIFF9HJDXWUZ88T6J,26620.87
236,2025-11-12,1580,93,HYMZGZDY5ZYDJD4WT,11164.37
237,2025-12-28,1965,17,JUPYUTRIK60XF63GS,20950.7
238,2026-03-20,654,116,22HV8A9IJT7SLNHYU,30654.16
239,2025-09-17,759,128,QAX3XS6Z7GTC7UY43,12477.86
240,2025-06-24,1119,191,LKXCX5BHU9W5I2NOZ,25598.33
241,2025-04-12,88,177,QF4FKCMEBJWEJC5P8,7492.28
242,2025-06-30,1892,104,C0BGP8G3OVY0BBLB5,17164.26
243,2025-09-03,313,37,8763W93GXXZZGRPK1,22042
244,2025-08-17,1945,7,LXELJYCB0BYBUG9FK,19559.05
245,2025-06-26,782,162,APPFUQKBQGYWKDNB6,29321.63
246,2025-01-22,890,170,S18ZA2TZQ7M07O0TE,22124.69
247,2025-11-14,1938,48,HUXWS1OAM7FKTLTOB,7082.46
248,2025-08-03,968,39,859EJZ94WMINML48A,8263.53
249,2025-01-26,1019,101,ONNKPFM5RMDCGQ5YN,6501.12
250,2026-03-28,1126,72,HJUTP1IO1XKR68X8E,14973.07
251,2025-09-27,887,112,M3NL2WMDZT3YG9C9P,21053.07
252,2025-09-21,1985,171,1PQGG47QPYW8B7ZYA,15119.73
253,2025-03-10,138,83,8OHU2J488WQOK2QD5,5626.29
254,2025-06-12,290,61,WV06CK52B6202DDSF,13857.75
255,2026-03-02,444,107,V02U7O2NFJ2TXYMMU,7369.84
256,2025-12-04,325,87,ZZFC2NEDGLD0R1VYK,13659.87
257,2025-11-27,879,157,ZBOCNN5A0BZQAJ6NH,13572.47
258,2025-10-13,578,88,5TVK2DIQTYDR8ZIYU,21353.43
259,2026-04-02,263,95,CAEKOK1YXMN0040TC,16601.07
260,2025-02-16,37,115,P0CJUWY2RWMPIBYVO,19244.69
261,2025-05-02,1935,84,N3KH3E4YLUZDFPE4K,23837.07
262,2026-04-06,1849,81,E1I6CCTGN69YF78YY,21635.17
263,2025-09-15,1612,72,GY3LGDJZMVXACT53J,6392.38
264,2026-02-25,679,179,ZQQUXOE45UASC17RH,35137.47
265,2025-06-28,1601,162,4PZ69P4PUIIBYI9WY,22144.91
266,2025-05-12,1451,152,PR9LSEQCTKIXS7URZ,21339.95
267,2026-03-10,511,126,0YMKVQJ6VRNIF00RG,7315
268,2025-06-24,1047,25,9473A46DZWMKDC3PU,18623.53
269,2025-11-30,659,21,3X0BZZ73W6DTTKUDG,20952.63
270,2025-11-19,1845,187,6CX4G1C172Z69LN9P,9206.59
271,2025-08-02,1593,50,5TGZ5DU9TEYF8KHEA,18346.13
272,2026-01-14,294,94,KXTSEA7ZDOO4TK1OD,13085.61
273,2025-09-14,506,58,1G231ZE6QTCULXP17,14954.58
274,2025-11-28,989,144,MK6CF37TG22IPPOAE,23054
275,2025-06-27,993,81,RLFHBHY9C2WKAOK2N,26084.25
276,2025-04-27,1688,166,TNFZMYJN1G7X0FBAV,34925.48
277,2025-11-20,247,76,3QI7X190A8B8L9ZN3,16787.96
278,2025-04-24,1073,130,5FDMNUMLK16JXO845,10447.03
279,2025-07-26,867,180,7FLWN61EKBKGFXUOC,7900.63
280,2025-06-16,535,53,M7VAX6F7CM4QXCTLC,24749.65
281,2025-01-29,1335,165,8BGFCT1AZ7PDKBAIE,8834.96
282,2025-07-22,953,199,5NPIYUC6EWS1I0PMJ,28539.92
283,2025-08-31,1282,98,XC8RLC3FRB3MTOBQH,21576.89
284,2025-08-30,1554,81,9J0AIJR59317O8CQJ,17942.83
285,2025-09-05,566,51,WT742P9QS8HRC0BDK,14287.01
286,2025-06-09,334,151,Z902ZBEYCLZG0F66X,9924.66
287,2025-01-23,254,14,DV5077E8HDCMPAFIE,7443.01
288,2025-09-16,756,37,62J7MCE1LLSDYFQAD,7766.38
289,2025-07-26,1127,7,0D5QYC09AMGPPCJ1O,26532.64
290,2025-06-29,811,46,MWNXKTR9490ASXT13,5692.59
291,2026-02-08,71,165,KUA6IDIYGIMAKECPX,9115.21
292,2026-02-06,1165,11,MI8HWAEX97Q4G81QN,11809.71
293,2026-01-20,1469,183,R5ZPA4SE91VK4P197,11151.36
294,2025-02-18,287,39,7DDGYRKOZA5JG44U9,9228.82
295,2026-01-15,482,24,NC6EIU8554GCE8MZF,6856.87
296,2025-07-16,693,21,XDI4N7NGYJ0YHG3PU,21258.34
297,2025-02-19,1009,103,ATIOO7V0GXYIEXHLI,22332.42
298,2025-08-16,1315,102,N3VK4OZ7KSB65PV03,19226.97
299,2026-03-12,184,54,AGLK64913EHYTDRGY,14983.05
300,2026-02-09,1867,67,HXAU1FFWGVEPD5CHW,33185.13
301,2025-12-11,1400,143,S2RAWR81B50VRAAGM,7958.96
302,2026-03-22,1429,58,3KTR513F1ALFYJR7Y,10517.63
303,2025-05-07,1554,60,CGB8S6576C4WQP3J9,16340.11
304,2026-04-05,282,129,FM0O6L858PBXERXQZ,6494.43
305,2026-02-06,1300,172,3DJIODSGXXVFU7AK9,34793.17
306,2026-02-10,594,127,IALDCGJ71U4WSQMCQ,23106.61
307,2026-01-06,850,141,AIBIHKC55C3VJMHGB,19989.45
308,2025-11-12,74,54,MACIDVL2UIM60OSVZ,7062.21
309,2025-01-18,716,180,S7GTZW8CVDQ1QV2JC,18136.49
310,2025-07-22,1043,43,W1YYTQY1JG4X7TDT7,16717.75
311,2025-10-16,16,161,7L0EMTDB2D3XNEBN3,11575.24
312,2025-10-26,767,131,BJR6U2EF92NH05ARH,14128.48
313,2026-02-05,1245,66,NRH02T86ULAZ805AI,16070.53
314,2025-05-28,805,31,63R4RTQY587UP7W0J,8439.13
315,2025-01-29,913,155,RKWF3K9T1QULWKULK,6968.06
316,2025-10-04,1577,104,RP6CIOQ54ZSETBN5B,23145.02
317,2025-02-05,794,28,JN5H1GWEFBUP6B6H4,28670.33
318,2025-04-30,410,195,KCO5YASA86G6G3Y1B,20833.99
319,2026-03-17,1413,173,IBIYATOERT954T9CN,10970.06
320,2026-03-09,622,93,Q1DUPQUN6CIXECQW7,7858.74
321,2025-05-12,1161,65,T8WP8167IYGLQDKHQ,8315.44
322,2025-01-21,444,47,FJ6UV9AGB8WZWO7M3,8313.34
323,2025-09-27,1940,185,OWY3V1GDMV8WLQNJ5,20503.51
324,2025-08-03,1233,193,STU377PD69HK18P81,30332.9
325,2025-09-17,1149,153,PR7RZIOTIHU1KXJPP,10062.94
326,2025-12-22,1756,64,MBOXZBEPDA32W1CA9,10914.45
327,2025-01-15,1747,8,TQTHLQLGG46OY3YTY,6784.2
328,2025-01-20,1940,71,RLRFNDG4XNUPIT3B0,20261.41
329,2025-08-30,782,187,U4C82GQBN2FSC7WS1,9116.17
330,2025-03-05,110,95,KHNZFQX847JSQHZKL,7804.13
331,2025-08-19,1520,96,CNJUUD3FIBXTDBR95,29506.49
332,2025-01-26,610,198,H4QL5859M2AU9U6NN,20534.9
333,2025-06-18,291,68,FDHH8FF9X5BT8TUCH,19547.86
334,2026-02-28,1874,53,866EL8N9MINV4QTOF,24978.53
335,2026-01-31,1951,175,URDQ53OT5PP9Y75WG,23687.75
336,2025-09-15,358,4,9WI402G05A6F1FV9O,10199.7
337,2025-05-15,933,149,4OURY36ZBHUFVZFZB,6184.18
338,2025-06-02,47,180,FOCCCUV60PLLC8RXX,22283.61
339,2026-01-04,314,56,RSFE78M5J05RYMN2V,12791.69
340,2025-07-27,62,10,EEKS9AXPDI6J67RMT,18650.04
341,2025-08-14,359,4,8YA0MKRZO9MVZP3YE,6090.97
342,2025-12-17,130,198,4GM6BE1HITEWSYVRM,9502.1
343,2025-06-08,1473,123,VPX0B12R9Z9QGJLL2,15275.79
344,2025-12-24,557,49,29MKGSN81NJ68LWLH,12083.66
345,2026-03-05,4,167,KPHJAFSTVL2FHQEUF,13444.86
346,2026-03-18,1756,112,J86OJ7BGYTXOFSQXZ,19032.32
347,2025-09-22,1622,60,B8LWJOWIHBBTKXRJR,9176.41
348,2025-02-08,587,94,1H951J0UPN4UV31QF,15466.05
349,2025-09-05,1681,121,5GG5DA6THXZVQY9MM,22649.46
350,2025-12-18,1847,96,24S22ZV9OGK224L32,17966.56
351,2025-03-30,657,189,N1YHPIPPJHBNWHJO6,20555.43
352,2025-11-08,823,96,2BDPYEH1ZSCAL789K,19518.57
353,2026-02-11,599,38,44S0MQGKVRDFUPSVL,33605.81
354,2025-09-25,1384,139,RGL7D0ZPF86V2C7J1,23193.34
355,2025-08-24,178,155,3IB0A4G7YLO6OSMD8,17503.63
356,2025-07-04,1894,92,Y4GJ0TSRVYHHJU8XP,24558.61
357,2026-02-04,1105,175,9SP8AEPJFP5ZMOJGT,17207.57
358,2025-07-09,1038,161,DT2N8GPTRESPHFXXJ,15697.4
359,2025-10-18,1296,191,0US8NOCHCQGM3DY5B,20104.74
360,2025-11-04,286,53,9WEBXR8SVJEENDQKQ,10533.87
361,2025-02-25,1687,108,5P8BO5LWTHNTKZ4ZB,15251.01
362,2025-09-28,1115,11,9LOO5M33WQQ60FCVN,15508.65
363,2025-01-17,522,141,H43IPVXUDC63A1S0F,14209.67
364,2026-01-28,465,176,JSHUJUVXA1ZFTK1X9,8035.07
365,2025-09-22,240,84,7J85PDDXOQYPKMBS5,16301.09
366,2025-07-25,1124,102,375Z8XXTO33SGIESO,7893.95
367,2025-08-04,449,148,ZWUXK68Z10E0W99AU,15952.98
368,2026-01-02,1540,28,DDSCVMG9SFOWMZ8GV,7423.21
369,2025-09-04,319,178,AHPF7KOG240EWELYD,10370.74
370,2026-01-16,2,130,HFKNGT6M7I2LM9XJ0,17348.25
371,2025-03-29,1876,19,1QN4Q7ZNXEOMRQXXI,11278.42
372,2025-08-10,621,54,BYY4W6BA9RP6KJ3DF,14509.63
373,2026-03-08,392,7,9RSP9GKOTQF8JASH8,11456.9
374,2025-03-17,425,48,8B3Y9SURR429JB3IR,6834.46
375,2025-02-20,138,65,OG2QEEYI2LAU1TCWR,20920.32
376,2025-07-17,1355,104,T9GZ1T10W7L44IJH1,16350.54
377,2025-06-17,703,100,GVK4IJPASS89J1XPV,18644.38
378,2025-08-22,1269,151,9BFO58JR9M74N36WC,11848.46
379,2025-11-25,1216,11,Y78CH4JNCFUA5TTN7,30784.42
380,2025-01-31,1024,82,VOIEQMFYNTRF92EOZ,17693.49
381,2025-09-14,1764,99,F3SL6HNH260R1FP0G,21816.1
382,2025-03-06,866,177,KG65KMOGI61TSUKC9,22470.24
383,2025-07-13,1944,176,Q0X1442EJZ36OAJFY,20710.06
384,2025-09-21,1555,23,VFLM2J8DPVW10UWBO,26320.08
385,2025-05-20,1484,184,XZ600VEOTAB5I45LI,15657.64
386,2025-09-04,778,192,BZYPXFYPBN4QAW67L,11809.92
387,2025-09-12,71,83,PICMEF97OFIS689UU,28535.82
388,2026-03-28,925,56,IQW37UD20DRQLYCP1,10491.36
389,2025-01-20,1401,33,DB9DH0CJR1CV147BH,19221.37
390,2026-02-18,58,130,M6UE8RD4NDFAGMUBY,14129.17
391,2025-04-17,949,71,C2YKCJSYMDVPWW4V2,16954.43
392,2025-10-16,1339,186,W3JUU4SF1ZKY26HMC,20862.07
393,2025-03-16,1430,133,1P4ICK6G41RMDAZCF,14965.64
394,2025-06-14,1749,42,Y96E8MS0NAR9KANOW,30915.87
395,2025-07-03,874,29,G3SKEBJQ6EZGP4QOX,9047.14
396,2026-03-19,158,51,0IR5ZQ6NR4NGPSUC4,11701.44
397,2025-01-17,794,199,QRU0W4AGV0NX8V3RS,12195.87
398,2025-04-15,1583,97,EYJL298THTYQGG32P,18762.36
399,2025-05-09,697,175,BN93WRIJ7WZ10ZC7H,10405.87
400,2025-05-12,1462,114,PZXY0S7CI0X6MI8TF,21430.29
401,2025-03-15,208,43,1ASB50P70YOKSP7QR,5318.92
402,2025-11-20,1153,7,Z4HEJFYHDDXZXLYEA,27040.87
403,2026-02-25,1432,111,F4CYY8YSZPL4TP2VA,7124.24
404,2026-01-05,755,163,J2VBEB16KMYUHMNZD,13536.12
405,2025-02-01,572,112,QC9PCLE8VF65I3X65,12618.35
406,2025-02-18,134,23,OZKB90GTKITQFJ24A,16669.32
407,2025-07-17,973,103,CQBY1O39LZQHFJ44N,13173.85
408,2026-04-08,282,31,GA96K5FVS1ZABQYW6,7502.73
409,2025-04-20,1362,51,VJXTIWKMN4U1F81DZ,29109.46
410,2025-10-21,765,143,6M9I7A80BADNDVS6E,20135.19
411,2026-02-23,1345,48,V7P8SKJWO23PDXPMJ,9548.44
412,2025-10-28,82,60,JGAQP6WTD3XG0ZQEQ,19861.38
413,2025-03-24,1530,180,NKK8MV62Q837LV1T8,28337.69
414,2025-02-14,1045,4,XTG1PMCLF6E2IR3LJ,7713.25
415,2025-11-10,1087,3,SJO4L2A6WNHJ7THOC,10432.17
416,2025-03-26,655,63,2RXUIT9Q0327MN1LK,8396.92
417,2025-04-21,1360,122,S7RB70P0F8CNV1BQB,16938.89
418,2025-03-06,354,100,VE6LBJSZFJURT1KPP,5569.59
419,2025-10-19,1759,19,HAAHUFPF2BIO474F9,32162.9
420,2025-10-03,298,195,DPAWAX25KWZFUU526,24759.62
421,2025-02-21,1160,43,1OZNM8NGX7AIBIDF9,27032.6
422,2025-08-14,1720,161,EG27B8Z65178PPQNC,22543.92
423,2026-03-14,538,105,U1A33N32INKF8S0HW,10084.95
424,2026-04-05,657,200,JQS47DKH6IVM9P7ZO,14563.04
425,2025-12-24,1488,96,1D84PL4L4OSXJSZJ2,26838.01
426,2026-04-03,461,192,YMQ57AMU8J729LKSA,6283.28
427,2025-11-25,1945,131,OI7FXZWPLJ27TPBL1,23049.46
428,2026-04-06,1548,163,H0E2EC99YGCDMPLEQ,7526.16
429,2025-10-08,590,128,NATQTWRR2I8W7TF1K,6465.69
430,2025-11-18,64,107,KIAABKUWKIZVXGMNT,24052.98
431,2026-01-10,1827,199,H2DCSZVD4DCD6AL8D,14386.48
432,2025-07-23,569,101,FEKTKNSP54WD8CYQU,17394.69
433,2026-03-04,1879,88,4F39XF68EWBF2RIIC,14500.87
434,2025-07-01,1883,79,B0Z3BM21433OH8ONK,14880.6
435,2025-10-03,999,99,XAULXAQBC20A734DS,16949.5
436,2026-01-02,1208,178,CYDHGKN7F429YGBR9,24192.11
437,2025-11-20,1228,170,RMZX3R6SL1B6ULEVH,8915.35
438,2025-03-02,1417,126,3Z6LK3RC6WP0510IY,20941.56
439,2025-10-06,1263,162,X2CD6HCCO1TMOJJVS,12183.93
440,2025-06-01,1914,70,V5U687EU4UEO1LVL5,12937.2
441,2025-10-04,467,81,IF770RP88T3OQXHGG,37839.88
442,2025-05-17,1160,49,DW203CL0X3MMUTA6X,12333.85
443,2025-04-23,1692,86,TVAPRCAHTG4ZHP36C,6574.48
444,2025-06-06,541,154,2F3DJ0UF1MXYSP8AG,22812.07
445,2025-04-21,1574,157,0E9J2XHDXDCAUWL9Z,10635.91
446,2026-03-01,1577,177,2JRS5Q1984MUAZTSA,5822.26
447,2026-01-01,741,183,J4F8AOYSSKTU72NF2,18225.42
448,2025-09-08,1192,134,MNHMO0IMU39IRRSEX,8858.87
449,2026-01-20,1795,75,RBF1ILVWQY4RNFU4V,6933.53
450,2025-11-17,1618,163,LN90FI8RVVIJIMAAN,23942.74
451,2025-12-12,1659,128,UW6SW5NFZB3V1GP54,14423.06
452,2026-01-17,555,146,K7BD306S4CM46K63H,19300.26
453,2025-03-30,522,156,PMU8PYCN439P1AUMN,37441.32
454,2025-07-26,1666,141,0QY83I5Q6DPEGC4NR,32335.28
455,2025-04-21,1663,66,KDWIWW0C32G9NFLMC,10155.19
456,2025-10-23,1196,71,BPGLVBN21Q49Y7QDC,23246.66
457,2025-05-31,105,110,4FJREBSOLNTOBKOHW,12219.48
458,2025-11-15,222,122,Q1TOGOSZUVI1K0HIV,15085.52
459,2025-03-17,287,47,DMV8BM7D8ZSI179YR,12458.22
460,2026-03-01,112,11,2TKP7YHERU10QL06W,19124.16
461,2025-03-11,1124,138,9WSELW1S0SOQFKNQ2,23032.24
462,2025-03-05,1896,191,065OZUW4DN31D12SA,7198.72
463,2025-12-19,1161,16,JI5YJYHQ8549VLAAE,18199.34
464,2025-11-30,1474,71,4P9U78EVLT9FDV3WP,12031.13
465,2025-05-13,452,159,ZTNFDYPAKL6OWM8PN,12263.76
466,2025-05-31,1901,142,UVT6P2TEG1AHEJPKK,22984.81
467,2025-04-02,48,142,IH2YGVRFPLUCQWP9W,15199.07
468,2025-05-07,352,99,D93X6H3N1BDWAMC12,20582.66
469,2025-01-23,1955,42,SQ5VJLOH6ZUX7C89K,22055.35
470,2025-06-02,1658,125,C55KUH25XMDXBJQRE,8251.36
471,2026-03-23,833,57,V110RYQV5QY62BD0H,18887.1
472,2025-04-13,1880,57,CJBL9K6SAHWCBU1UR,8355.4
473,2025-05-17,1375,79,56578I5X875FM6GC5,27036.99
474,2026-03-25,792,115,1BEYNXS76YBHKHM59,18474.6
475,2026-03-24,168,105,9KWZJT0JY62N558Z0,21518.04
476,2025-04-01,1514,99,763NOWMFWGB9S2047,8313.54
477,2025-07-28,48,139,075WSVEZSEBAM5PP9,19256.77
478,2025-12-25,1007,112,MZ01CKY95Z3MZZ3SD,28752.51
479,2025-07-09,660,6,MV7W4TC4V9KBWQLDK,14422.33
480,2025-08-01,1717,114,O8KRBOQDBENGSYNJK,6516.43
481,2025-03-29,1441,20,WSP5EFIPLHMKVD7JL,14845.29
482,2025-12-30,774,44,FZ2983MT8IXST1PSO,9885.87
483,2025-05-06,644,91,CK4CT27MZJH59MU3T,8518.98
484,2026-01-16,596,60,NZ5NKC6SDEOI320KH,10847.59
485,2025-09-12,1968,7,OT8UDGZEHWHGXQ8WV,12982.7
486,2025-05-19,1322,179,KHL93XMBACCE2PAU8,16545.42
487,2026-02-28,45,100,C0ZZV670W301OAWO7,6109.13
488,2025-07-29,42,126,0Y1UUHBGO3Q9VCDHH,18253.92
489,2025-08-20,184,112,ONJ80BT2RAHJCOX5W,15282.29
490,2025-06-01,751,67,67V7LZ0YD16RNSMEY,11154.98
491,2026-03-28,1200,166,XES2LFGBPKHIO2O98,15889.58
492,2026-03-24,75,98,SC8V72YUC9T9UWEZL,16211.23
493,2025-05-12,185,182,9P99VQ4BTK7KIUH9R,16597.85
494,2025-11-26,1425,142,3XXTT8F2D6FX6SPUW,26296.85
495,2025-10-10,1909,66,TX0MXF3H8K08S1232,21242.38
496,2025-03-28,1759,112,R7AC8NT1PKF42TVNZ,25164.89
497,2025-04-20,470,105,G1VAYK9Q1Y7TVSCVE,18942.09
498,2025-02-18,475,24,5DPT1S83IT3O0RGMN,27350.21
499,2025-12-16,1604,190,NZTPHQ1C10EGHYIJS,28803.63
500,2025-09-12,1930,109,DQ3PMJ42S1XZSQ5OL,22170.78
501,2025-01-23,1655,51,FS4KLMCF594VA2A0K,6313.8
502,2025-02-18,1583,26,VR2HJCLZLQXQRTHZQ,33930.39
503,2025-04-16,1094,32,OAN1426GHJHQ0N3OM,21500.54
504,2026-02-08,756,186,8KVW7WXXZ2YV05IC2,14404.5
505,2025-04-20,504,3,88FKIRXIQA0SSK0O5,15992.18
506,2026-02-11,558,132,M7AJ7XI8L80ZH76JB,35853.41
507,2025-09-30,1833,15,HRL3PAYTDLWAV2NU4,26694.21
508,2025-09-12,320,34,UFVC3K8WQKFMPFK0N,5645.63
509,2025-07-22,1176,72,0AC6NQY8SRD2XQIEC,18032.71
510,2025-04-14,1455,29,UHEKQO3364Q6KNVQC,13762.65
511,2025-12-08,1242,194,CM7O6N5Y7LVLJBP2O,7778
512,2025-07-27,279,1,OOBGSIMINQZZ4NZYU,19855.61
513,2026-02-28,1004,174,5SGL9UK3P99RQ39LV,14424.24
514,2025-08-09,1821,135,9FRFIXJQX0ACNNIIQ,8780.9
515,2025-10-08,725,156,U3TNP00RS2JC741KZ,22020.22
516,2026-02-02,830,193,Y0F07CJL3ODF7CW1X,13644.36
517,2025-08-11,342,129,GGGY9WMMX7MSJOHUX,15721.57
518,2026-03-03,75,53,WDDEHFHLJ5P1GTRCV,21833.01
519,2025-07-22,1725,77,JMXJRSVJSUH301PMO,16155.66
520,2025-08-14,784,97,012O0GYYQEFBL6W26,15257.41
521,2025-06-25,998,51,RGHH8ZQPL2CCMAUNS,11201.36
522,2025-08-25,1588,164,ZDMHS95JXDKUHYST6,20766.47
523,2025-11-13,1619,195,YA0BBM37H051VVP4E,15063.49
524,2026-02-25,619,102,OE9FIKKAN5R698OQ9,14793.47
525,2025-05-11,1851,113,O9ZYK2QWL2LMNVEK0,6409.46
526,2025-09-10,1460,120,FFL484HGV0GO9HGAR,15345.79
527,2025-09-09,268,107,4DLOM0G3GO6611JJP,10297.41
528,2025-03-30,1838,164,0VGMHSASHD1M1PQK4,15232.35
529,2025-07-25,109,90,ZD5LJ8YCLYIJA8GAL,6968.02
530,2025-12-15,1787,111,NLXM0UC5IWAMMABUW,31258.64
531,2026-03-11,1050,142,W8FCQJG0AP4EXU8WQ,18329.57
532,2026-04-04,1736,123,R42S7GB7RB7DFBBK8,5803.73
533,2025-04-24,636,130,2X0TLVURQVXDU8G0G,17856.21
534,2025-03-07,299,191,JPES0FM9YHI8EIN2F,33516.31
535,2025-02-14,51,131,8QQZYJMHIOCZQ8ZHA,8799.94
536,2025-09-01,827,86,RDGXG2H9CY90ZBZ9E,10628.7
537,2025-11-29,669,73,YK367D3FWPH662C79,19003.25
538,2025-11-10,253,113,CTUUD6JEP4IDMT16M,36338.57
539,2026-02-09,1053,10,E0I0E3E7RI9A1AF77,27111.46
540,2026-01-23,1534,145,SQ6XB0KWD369ZMEDJ,8544.72
541,2025-04-03,1911,97,AS69SPVTS4P28ULGQ,10920.82
542,2025-08-28,1499,185,5J04IZ32RKRUSJM3N,8685.54
543,2025-03-28,1561,51,0S9QEZQVVNYDE7UJL,23111.11
544,2025-06-05,808,57,SYA6S882STEIKO7ZP,14836.73
545,2025-01-21,1953,35,RX6WLU6P2NRVSLM6M,6121.78
546,2025-08-16,1638,39,U1XCGPDCCSID1TPRF,16871.1
547,2025-05-25,1877,54,2T1BURHE5JC123456,23453.78
548,2025-04-08,1759,10,5Y2KIUH1SXEJ9TL8Q,17619.83
549,2026-02-21,136,57,Z355ST7CJNFUR2LCL,12119.09
550,2025-04-09,1895,173,5AC1FBQAI8HT6G208,7135.38
551,2025-12-23,942,88,CNHIR22CQ5UPUYNEB,19326.43
552,2025-07-24,1743,121,AAKEILJOL6Z0SXJ9Z,32674.82
553,2025-11-06,1144,141,J83HETZCHX49G90YU,13174.91
554,2026-01-29,678,162,MIPRDXVNL2CFJVJQG,11577.81
555,2025-12-30,1711,184,HDZB5V9M5RK1LZTCE,30053.15
556,2025-06-06,1652,153,OEX0JWSHCFNK6OJQ4,15674.76
557,2025-05-10,1669,6,MBJC6Q0JSSD4R3WPD,10806.73
558,2025-07-02,1925,131,YJE9RTJOOWWZ6RLLY,24182.94
559,2026-01-20,829,14,57UYPIEFAN2LCWEAO,17502.34
560,2026-03-01,1768,66,KK84XB701PO1A7F7P,22737.68
561,2025-10-26,458,57,VYR5RGFQCX3SCPF3E,17594.22
562,2025-04-03,1897,26,5LBUNJVQ71B5VVSTQ,35681.59
563,2025-07-19,846,191,LNQUTSBKS765C892X,9637.37
564,2025-07-03,613,21,HL8RFOQ1YWUNV6V1Q,16154.54
565,2025-09-18,1943,170,ND0OSB5ULFDOIODIA,19980.43
566,2025-02-13,893,104,G4SBRHN9EJVGK74WA,13224.6
567,2025-08-15,970,8,28V6TNUT4VHZRVJJV,17991.82
568,2025-03-16,631,61,U2EPHI8EPW1GOQ0PF,13222.72
569,2025-08-05,1206,55,K3T6X8F18PPFZ8QKQ,15070.93
570,2025-05-15,587,63,KEGR0BO7CV91SIWWV,13410.7
571,2025-07-06,327,154,OYFP6YODJ5EW2OCJX,11123.57
572,2026-03-27,170,26,3NVKGAS0KVDPOAU1S,14753.26
573,2026-01-27,18,39,T0TG90EEUBZXUP8SX,8750.79
574,2025-03-03,1914,179,U9SE1JZBVM6ILCUES,18993.09
575,2025-02-10,5,121,INYP7DWC7TBHRKWZG,19571.8
576,2026-03-22,752,174,M29GJ45Z9KMZ86J0X,30065.12
577,2026-01-08,732,171,FZC8NZ78FY7CWBFU0,9476
578,2025-06-22,677,26,W5CEILQTXDA6F7UFW,24534.4
579,2025-02-26,81,158,8C6A4Q4K7RYZ6FO7K,6393.08
580,2026-02-23,349,101,IPA0N1Y8FZ45OOPOR,12501.28
581,2025-03-11,548,152,QSZIBYE1JWTS8OS42,32943.95
582,2025-10-11,147,157,IV240OCIBV98R2Z00,9356.94
583,2025-11-21,1746,67,W0J9PSDODLSNYJ31L,21080.26
584,2025-10-05,197,128,AAQ1PXKX6Q29C3GT9,18086.19
585,2025-01-31,806,87,TUWM7PHTZYBRGW4LZ,11759.69
586,2026-03-05,927,92,498N480Z9FGPWC4FK,7261.09
587,2025-12-15,1446,103,9ATT08989OA0INF2D,20685.93
588,2026-03-24,634,171,WZ9XJ5OB2ZTPMKZ89,23522.22
589,2025-04-01,1441,40,2AUFN7ZUD7T61Z4DT,8913.84
590,2025-11-11,1793,31,8DKA98KYVCINZ4EUI,6548.66
591,2025-09-01,259,39,Z4LVYIAF3YOHSH1Z7,19599.91
592,2026-02-13,682,177,V7PDBNII5DBYAOL49,17874.13
593,2026-01-17,987,112,4CICA5OZWDL65SQ86,16605.76
594,2025-12-24,1131,187,817DVOHUNHQIEVAG0,24834.92
595,2025-05-02,1835,122,P1HR0HX2MUQQVFNN5,13176.66
596,2025-04-05,801,50,A30ZCDNQY2FNL4AHA,16596.47
597,2025-01-31,1723,65,FTMR1N3PBFGDO8WRT,19362.38
598,2025-09-26,950,169,YVFSCUKIDZ5Z7DLFN,29616.23
599,2026-01-13,1767,83,E8JG6O675QFOVXWX4,12788.03
600,2025-07-01,1527,182,5S7IFK3M3KUHXZZ48,9945.33
601,2026-02-03,1161,180,SPPS1GC8XPVFHE7ZC,18880.81
602,2026-02-20,337,65,RCPBTQISSOLRLSEUF,16988.78
603,2026-04-08,686,38,KBMYVFRGDV0NU7LVF,25472.54
604,2025-10-04,1237,127,1HC7CYYWG3V068B7T,7434.47
605,2025-04-28,1477,47,3V6LIDULP2I2DILWK,32177.58
606,2025-12-04,739,183,IQJK8SG7DUGDGS13X,25263.33
607,2025-07-24,691,1,OSJ7N2QLYJXYQBIDW,11983.67
608,2026-03-13,1986,129,M0ZLHWG3V56QTKOCL,15181.65
609,2025-07-04,1394,169,CFFV4D01TX9MOP0U1,15281.14
610,2025-09-30,561,136,IUQHRIY3452V438HV,12064.57
611,2025-11-24,1898,157,9M1Y097VK8AUF5ABI,9271.19
612,2026-01-24,1639,11,SDZ6PJD1UBLC6VYAG,9443.86
613,2025-11-13,1121,75,2IO9EP991ETD3SREK,15231.72
614,2025-09-05,92,73,JV6X7RC4VMQ1MONP4,20461.66
615,2025-11-12,1285,17,0R6356TSI3FJ1U3D4,33699.64
616,2025-08-16,1903,119,QAG42UU5VQ6PQRP3L,19083.85
617,2025-11-03,473,81,Q4A0EXKKN1DAGN58O,22490.81
618,2025-09-02,543,77,ZEZLPM6MFCHNJEGWU,7654.98
619,2026-03-09,470,172,8NWPO0N8Y2YK0YJNB,10686.32
620,2025-05-30,9,136,AD0Q5XVRRUVZQ6CKE,16473
621,2026-03-11,921,62,1FTEW1EP5JKE56789,24559.46
622,2025-02-22,1644,71,HIY62EMZ4ET91OII9,6893.23
623,2025-10-21,1925,107,2Z4JZ3AZGMIMNW0T2,8324.18
624,2026-01-25,1628,197,RXF71L4N8LW1I1XZA,29923.96
625,2026-02-12,1230,170,SCTRZK74A8FH5FMF6,13871.28
626,2025-05-04,1094,170,07IBI8DVG6CM5L0W2,28726.47
627,2025-05-15,1896,100,2OCOOSA8MJC6WTEXW,24526.71
628,2025-04-15,1117,168,53CNGG5UIO0IWSPWK,15516.29
629,2025-08-22,164,85,8B0122Y2FH248Y1GA,20807.07
630,2025-09-17,43,26,CQNMKPAREX8Q8NY1W,19323.85
631,2026-01-24,529,44,ZR1BXK4W5SIH1WUNL,28652.37
632,2025-05-26,852,42,0SZU4JRUWK7SVA0V1,25717.95
633,2026-01-23,336,93,HEIKJK673KF0ACVZB,21715.89
634,2025-06-11,634,139,1HBKOPASX4A8IQR05,12292.65
635,2025-02-19,157,40,PTE2SOK03KI0FVRCP,14630.55
636,2025-01-16,1953,62,HNWFMH2E93KUVUU79,20212.53
637,2026-02-07,1935,70,6KPH0D126WTEBD11A,26696.32
638,2026-02-10,925,87,O4UQ1T4J8E2LG2OKR,29789.51
639,2026-02-18,1095,120,643EQPAOVKDXK32L3,8521.12
640,2025-11-25,570,22,AL5J93YZY81GVCUJK,21794.18
641,2025-07-14,362,100,8QVL53YXDN148AORL,12717.67
642,2025-05-23,1486,5,7MYB5ARDGY7IS2TZP,25345.56
643,2026-03-02,1986,197,NYNT184JW7FVF4UTA,10370.82
644,2025-04-08,299,88,8S926EQ9ZF1MCFGC7,19142.65
645,2026-01-03,1096,50,DMYKLJP2RXZ1UGWBU,13822.54
646,2025-07-13,62,88,P679PWBLXJLBGAJH0,8646.53
647,2026-02-06,886,27,FP4HTCGGAU6JWF1ZE,26149.09
648,2025-08-09,435,43,MAAG4OVMQKI6UW277,11382.99
649,2026-02-01,1429,18,9KTLWH9SJK0UJJ1A0,23506.9
650,2025-12-17,1913,200,296GW7MDT0RV4V26N,18862.24
651,2025-09-06,794,83,T89UVNEHWMMS0RYGY,20715.14
652,2025-02-05,75,116,HK85XQ3WCAL1FZPD7,21673.19
653,2025-12-21,1913,96,CD4VANWMH2EZTGC2M,6170.7
654,2026-02-02,1716,2,UTNU4B5CS935O342G,13461.52
655,2025-09-09,175,35,UPH1HFT308342JAXT,9901.14
656,2025-10-08,1150,197,192UHV9JI5H95ST1D,13969.75
657,2025-09-14,1013,142,ECBI327XDU1N5AL32,17235.3
658,2025-07-08,246,160,JRU3K744CVP0A07JF,19058.45
659,2026-03-18,1307,82,PWJYLCHJX6UVQEK2A,19438.26
660,2025-08-20,601,10,FN6NKC81OS3PEKRST,12304.91
661,2025-06-17,1362,36,3GO82JSOZ94EJVKLJ,27678.1
662,2025-07-28,314,72,PEAPEFD2F8TVAWBG1,15619.18
663,2025-02-22,1998,136,TKXEK1XSD2PL6IMR4,10779.24
664,2025-06-21,1513,77,BC53ZNZ0YLMTAL4IK,12365.58
665,2025-06-09,672,48,6CDRAQEMJM3CU5GCZ,14169.12
666,2025-03-26,1908,135,6DX5SUTQFKOGB1QJ2,19163.22
667,2025-07-19,233,25,Y7UXC32WB1SPVY1PO,23974.35
668,2025-07-04,652,32,5WKCAA38HBCOO1NUW,19113.48
669,2026-02-28,162,60,ZL3BTLVIBHU7TU8XI,35079.21
670,2026-03-21,1558,141,ENBF32SH1S8RY0443,19278.99
671,2025-02-24,1663,183,PAB4AG6MRS6ZJ534R,22517.75
672,2026-04-05,1415,140,UUL6P7KKLM7R87GLO,13668.15
673,2025-12-17,610,26,WAPAI1CSPIMHDYZZR,6156.93
674,2025-02-04,639,108,BEHZ6YHT6LBVL9E9W,10419.5
675,2026-01-29,107,36,TA6KYJV4ZN63F5YHJ,11114.84
676,2025-11-12,9,28,PJFI532AXRV8QW5JI,25202.84
677,2026-03-05,740,104,XKG512EB97H1RN9GT,25823.41
678,2025-10-29,1834,64,9U64RCOA0C2PYZYAE,6916.54
679,2025-04-19,1329,146,82JTQBU74T3LT73JZ,8510.1
680,2025-12-03,1664,5,TE11M7HIC7IK1DH78,9429.88
681,2026-01-12,260,44,70GGO21CVO0LH90L5,21714.14
682,2025-10-02,489,105,3C4PDCAB8LT112233,23154.66
683,2026-04-08,560,148,41DSAY59UZHIORT30,28918.4
684,2026-03-22,385,127,78JGEUZGW5TNYWD1N,7533.92
685,2025-08-23,433,157,7OF8X3UDX45TWDBAG,9563.82
686,2026-03-13,1081,75,N2TE6058KFSB4W539,14014.43
687,2025-11-13,843,149,DJN7BPXG6X9GF4115,18072.73
688,2025-11-26,1754,32,P7PFB8K5BOPQOTCC6,16344.81
689,2025-11-20,1020,1,4I8IPJ5MRGGWK64HF,5948.12
690,2025-04-22,1530,65,MYQ0LNP4DMW8AF46R,9912.92
691,2025-04-19,1668,165,Y0EHJOR9EMAUZ2UE5,27391.68
692,2025-12-24,510,34,YNCUCQGGSRPO4EXBF,6380.28
693,2026-01-31,96,188,ATWUSYBJDJHSXT0IB,30204.59
694,2025-03-13,1177,1,2NO86ERREUPNDN4QD,28016.61
695,2025-03-12,1700,179,JQA106K6YJSG0H6H0,6258.13
696,2025-07-08,423,115,TROB9WEV82K17HKSF,18594.79
697,2025-03-19,1780,95,C08LO17847KWKF5MY,25577.01
698,2025-07-27,1351,133,5SHGFYA8RDBURDEJA,12526.95
699,2025-04-28,1757,163,VLJDXC0HBZ1W8EWVZ,11912.17
700,2025-04-21,1782,171,6ZDOK9SECP16RHZHX,15129.34
701,2025-09-22,1002,71,Q9O8TUELU3ZSJ4UAK,14564.63
702,2025-02-15,1601,16,R8HIK84RBVCTJVW8P,27021.23
703,2025-06-12,418,106,731AJLFTMPCH0DBEI,12437.18
704,2025-03-28,581,72,H8HRF9XRSIB1DRMR1,10459.59
705,2025-09-14,1610,196,M4VWI3PW707HL4LNA,12093.99
706,2025-06-19,1320,58,SQ1HTCRTVOACKJNPC,20850.18
707,2025-06-05,1720,123,63NXULOD7ZB3XL8DI,9479.55
708,2025-09-17,452,113,KJXOR26R47Y8M6MDH,22435.55
709,2026-02-18,481,166,Q78QS08RH9X3K01X1,19155.46
710,2025-10-24,1044,165,M8WHWBR5CAM9NV7WZ,6473.75
711,2026-01-19,760,134,AUAPNCHJDVSZNWXYR,19847.4
712,2025-06-03,1766,169,P72R99VREOHTQ5Z5J,13501.42
713,2026-02-01,827,6,R4FTZ9ZYSQSHI7K8R,27643.24
714,2025-03-10,495,73,CGJ2M0UED3ENPD7MP,7903.98
715,2025-12-23,1908,143,JS3B6WUTFFHIQHL87,14793.62
716,2026-02-28,1894,136,V7G8BO59E978ENGO0,13999.8
717,2025-09-26,1083,1,331MGVA4E2Y0KA5MB,27529.04
718,2026-02-12,1413,198,F20292CGBI3LNGAZK,15293.79
719,2025-07-08,3,124,T4EJCXUKMV99P8BSM,10159.31
720,2026-01-25,628,185,GTL3RW2TGB8K3IWKZ,5907.51
721,2026-01-06,1648,70,RXAOGDBE2SQBYWCU1,21463.76
722,2025-12-23,1725,155,P34GV4DX7BJF9RVPF,19916.89
723,2025-07-28,967,160,H7ZMVBTAWSK0M2N6O,29534.02
724,2025-06-30,94,87,8PM8H9ATYEVP9J1CL,9100.06
725,2025-05-18,1091,86,HEQK4AO8C8YSUWSZ3,7144.49
726,2025-10-29,34,177,WPR3QAFA1I6CXLCQX,18617.13
727,2025-03-26,474,106,NARM5XPFWYSVCVHLG,22955.1
728,2025-09-11,845,137,G4QRIYH6BPBFJVN0R,6393.7
729,2025-12-29,1999,141,8VMB8CDYLP81OM784,30111.28
730,2025-05-08,1512,55,7S7VLF9VSIWLFVHTO,7671.16
731,2025-05-26,24,151,SZ79A75QSZB2I4UB4,22579.94
732,2025-06-07,1317,151,CN8EHZBA5C7KUXFDG,17077.5
733,2025-05-02,192,88,DSGPTOIJ3KPYH8VDT,13232.59
734,2025-03-16,192,65,D3IAYNJCF3HQHNK93,9942.95
735,2026-02-08,494,12,KQE3A7CLY0HGPA7E6,11522.87
736,2025-04-10,1347,194,KNDJP3A52JE334455,12287.01
737,2025-09-22,1674,56,MYB0QIADN83H3QL4J,24972.75
738,2025-07-03,205,23,GPUWH0DVFYMRPVI16,21505.4
739,2025-11-05,569,1,LBULH2YS4THQ818J8,7725.05
740,2025-07-16,1543,116,9VIVILYYQTX0LIBUD,8675.63
741,2025-01-28,1514,25,OH3DAHB2LEK33O50J,17092.27
742,2025-12-22,564,50,1G1KT6FKKNZUDQNWZ,6813.35
743,2025-05-14,1511,12,B4SNPX7HO7FB9CO7G,12323.76
744,2026-03-14,429,51,GA8NGQOZEKDHY2LMO,7943.6
745,2025-02-15,1356,116,JKJN670EEUNUQPRWS,19981.65
746,2026-01-21,1869,186,X1P53NAOWEZHXP9JU,22384.68
747,2026-02-06,1803,195,ZTA8VCB38PZYNBYV5,20311.03
748,2025-02-16,1708,41,DPGDE4FHM6VBSTSWJ,18164.87
749,2025-04-12,768,9,45XSKL3292CORKK51,23136.39
750,2026-03-22,1829,108,FMMSTXAEP2PQCTU4X,25614.03
751,2025-04-05,434,19,ATUQCYJ8SH4V0OJ50,14292.14
752,2025-08-25,470,180,GKBM0P20CM4H7RM7G,6720.12
753,2026-01-15,1066,183,9XV2ZW9N9QY5M6KMK,15262.41
754,2025-11-13,1842,150,B008H3DGCUAS3OYCN,28941.09
755,2025-04-05,1698,153,AUURDLS03BAOE5C1G,10215.77
756,2025-09-01,871,45,B6FSUXHSG7T07VMXV,30298.29
757,2025-08-30,572,81,WNH521X7CM4B2SJPS,10314
758,2026-01-25,1635,198,8JL153HUBLI6ZN814,10538.1
759,2025-06-15,770,198,BFFCVFCMLH4FW5LRJ,15213.73
760,2025-11-08,237,178,80CRU8BV0R4OMGGWS,17886.46
761,2025-05-12,1510,180,MJL6277MMBQX5KENP,19790.74
762,2025-03-13,1148,123,5Z27IWE9TLLVTHVCZ,22559.37
763,2026-01-27,1673,35,9Z5VKYPE0CD20XGG6,7944.56
764,2025-10-17,1794,60,559CI9SESQUP64AAM,21961.06
765,2025-02-09,1042,156,YFFK0PTO5CPLSS3X5,14443.73
766,2025-10-17,1132,22,EH3EMO9Q3GX13H6V7,23321.01
767,2025-03-03,532,67,9WG88ZP5E3O3BHOIW,28963.76
768,2026-03-14,366,12,OFANM2XTVWXSYT2OM,17233.9
769,2026-03-20,421,36,XZYJCN72B97DAANIZ,16651.57
770,2026-01-07,1304,23,DQRGV8656LJRRBR46,7594.11
771,2025-08-19,1477,163,EC55S7J1SOLKOIJ7P,5410.56
772,2026-02-08,660,118,UO7QAYSTF41HZ5JM9,18318.07
773,2026-03-24,692,8,HXXOEJHJ59KCRGZ3L,23752.21
774,2026-02-18,56,199,1SJR1J2L51QS7QNKY,17195.04
775,2026-03-05,1481,8,I2K9SE4A46XQFVGZ4,13245.06
776,2026-02-06,1521,164,R8HACW841A3BLKQ29,24802.48
777,2026-01-02,390,124,4VCK69ET5OA5ZH353,5812.59
778,2025-08-27,1605,138,4BB8SZESDN0KSOS9T,23818.84
779,2026-02-22,1292,192,MEETN3Z12KNQUDT96,10850.44
780,2026-01-18,307,91,6YWW0M23MQNA4Z8K2,18855.96
781,2025-03-14,1628,130,K8B3470TZ4WJ0W310,6393.95
782,2025-06-13,535,41,V5DWBWX9EBAKVD2JU,14014.69
783,2025-03-31,1230,172,KNRLAG15LG7E4YHRJ,22551.99
784,2025-02-23,309,45,02115A2D1EM23802T,31906.26
785,2026-02-22,87,81,MI9USRRZ5K29YWS6X,7351.74
786,2025-02-06,1228,13,WBA5A5C51FD890123,39719.15
787,2025-05-20,774,89,RHCG71UD6A4SZIUZ8,7066.93
788,2025-07-19,1483,133,EC9VQSIX9RVD59Z3H,5843.9
789,2025-07-27,1154,32,I5F9KJZP3FW272LYM,24373.77
790,2026-02-27,552,131,IGYR40VPNUE4SMUNY,21080.32
791,2025-02-09,750,80,ALGUHJ5M32N9Y1J85,21124.49
792,2025-07-26,1495,11,3ZFSJLOZ6GGCGMYRO,11825.88
793,2025-09-12,109,105,VK6UW6VUZDCZNHPJA,31494.71
794,2025-11-19,1754,158,DC5OVL6BRZ4283I5T,12099.49
795,2025-07-15,1611,5,K3CZAXI5NGMA5T78Q,21186.58
796,2025-12-06,1952,135,H9JSPM4FHGYZEWTJA,17728.77
797,2025-02-15,549,13,YQAV72PZ35RCSS5QA,14388.82
798,2026-03-18,1083,32,DBJHWM1R3IOT3BGUB,6186.55
799,2026-01-28,11,67,JSKHP6HBB218VNLF5,24903.77
800,2026-03-29,1319,46,2M6853FQK9HGNH7D9,16684.31
801,2026-04-10,1907,64,3YKOAUD1YNRA6K321,7767.15
802,2026-01-17,1565,49,JB3CGO0VGNCUA7ENU,18559.33
803,2025-05-19,318,173,7L5G7KCQQ92N1F3ZN,24942.09
804,2025-08-07,1268,174,DT2SMPPNG7ACQA9V6,7801.82
805,2025-11-03,1322,172,MUILTV0BHT5LJPRWX,17579.99
806,2025-06-16,325,6,GXBYP8KN5QMTWMZRA,17719.64
807,2025-03-22,755,185,7GYK6VEIR72EIEA59,7289.69
808,2025-08-23,439,27,OCYHQQ1L3XW4SOQ4K,7806.79
809,2025-02-26,947,11,ZQ5WXLF6QDVL47TM8,9251.96
810,2025-12-04,799,41,F1P0VN3LJC0SE8ASP,20269.2
811,2025-07-25,1552,75,FQ9BLC1IVKYFYL335,10516.57
812,2025-05-12,1477,173,36I5Q4KSACCSWSCJC,17109.67
813,2025-12-30,383,76,B404P1CD2RBN61DPS,16854.94
814,2026-01-23,48,172,601RIBMHSUDB66UWL,12394.27
815,2026-02-24,574,75,BFLJ5GCE2N1X1C4Q7,16296.12
816,2026-03-08,1087,130,JR8DBBA5PHQE7R8WN,12334.95
817,2026-02-14,463,188,UEAZQMR1LN5KYRCIW,23567.98
818,2026-01-07,1026,133,PUHS9JZH5CDAI0DP3,8230.26
819,2025-06-05,680,186,43WDM3E8F2HFTR2EG,32552.05
820,2025-11-23,1704,179,DQ3UDH4WEHWX05OXJ,26351.52
821,2025-07-08,77,75,O8EWRTWXTPKLAARAQ,10647.15
822,2026-03-27,597,62,D4TN4XW2JDXZ84N1S,20382.6
823,2026-03-12,728,50,9JX2VJQSO4VA01AGT,14620.36
824,2025-11-11,646,182,Z8TEASWLC6IG77NN7,8997.38
825,2025-03-28,1651,27,8RRLUV1EB5O7QI0LS,7507.05
826,2025-11-18,932,135,Z63DOZZNIJZKXBZMP,9653.54
827,2025-03-19,1115,13,SU1HQLEGOA1I4DLAS,14059.21
828,2025-11-14,188,162,1HZOLOQ3WORL23X6U,28264.13
829,2025-03-24,830,165,BRWQG3RJEZMNKA4NY,25166.11
830,2026-03-28,72,186,HZPGLSTFFZ9VMF9E7,19319.06
831,2026-02-03,1254,195,NN6CXZYLXJDM4U6DV,6853.4
832,2025-07-01,798,25,5N6TKGKW5TSGB02RT,16029.02
833,2026-03-30,834,200,UPVUANA5QWQKP7CC4,19230.82
834,2025-01-19,22,48,RSBCWWEVVH3XWV50T,18468.04
835,2026-03-06,61,151,GN1M36HMV7NNBTCCR,15189.3
836,2025-03-21,1716,153,F48X9Y9W0VJJT5QX0,15136.16
837,2025-09-26,541,187,TKF7SMQ8TPDC1OALE,36665.87
838,2025-11-16,246,186,MP68M8MBSSB9NOOV1,11640.47
839,2025-01-16,1807,159,MEVOKKC5FIO1D0ZRC,15508.67
840,2025-07-22,1249,89,56O7581NR954ZSEQ3,36084.65
841,2025-02-23,638,155,EMULWH7TC5FXNK9X4,23838.08
842,2026-04-05,1078,164,M4BBT9GQX0509KPLA,23008.5
843,2025-03-11,1105,75,KXT06NMYO6RWBQ85P,7021.9
844,2025-09-16,703,7,7V2X0GJ60PBP3SS7M,7122.8
845,2026-03-08,1481,41,NJILQQ32HLXKJ9RMW,35800.18
846,2025-11-19,1036,38,TTXRPVGI4J8Z5MFWW,14340.88
847,2025-07-05,692,108,Y3S07BXVEXM6K0BCK,16007.42
848,2025-02-02,1425,191,C0X3A7VLB5FHBC8S0,19569.88
849,2025-03-22,1065,138,2VXPRWZMEMJ4KYLHW,8006.99
850,2026-03-15,752,162,65SPE4YOFXKVGUBP9,43368.01
851,2025-07-06,487,127,GHLFQEPKMJDH6CV0T,14074.39
852,2025-08-25,1979,191,SS06JWNTFA8WV124B,14630.51
853,2025-03-05,239,192,YISE7GU81HCQQUJOM,9347.5
854,2025-02-05,1934,50,3JMKTD4V4P3GLINDC,11299.67
855,2025-04-29,740,100,EDKWJGUYTRNV53C58,9820.17
856,2025-03-01,1676,196,K9H0O1N5PONE55642,10934.7
857,2025-09-05,149,83,KLQBVNUP5V1YOSR9R,8666.57
858,2025-03-07,1952,45,MGT3TQDKJSWO0H4NA,9447.44
859,2025-07-08,729,14,M9JZ8TA9I6IRYZK15,10771.2
860,2025-04-18,894,147,QAZBR1IBXFB86DYHO,8151.5
861,2025-09-20,870,196,9ZB2DY6K0ZIH3N3YY,34918.43
862,2025-03-29,1273,54,WT49T7N02VKJCCDCI,5704.04
863,2026-02-02,1973,11,HIAM279YNXDFESRTK,5884.5
864,2025-10-25,11,136,QKM94I9JY52TTCE4A,25283.23
865,2025-07-09,612,61,CUBCX2KVR3MPPIAKT,13858.05
866,2025-10-23,1509,136,PWWGY8S0OK13BFO0T,7644.09
867,2025-05-03,479,166,9TO7CYO0TWFJTEAZV,6408
868,2025-03-19,110,27,C0TSN9KXL5ITE1PND,24129.08
869,2025-01-24,1241,13,P3TMX0UTKR0YQ84TN,29270.87
870,2025-10-31,1190,182,EYM5ORDKC0J4QLQ5C,10347.73
871,2025-11-04,373,5,G2NB1BFGAL1TK50B8,14363.25
872,2025-05-25,1194,43,SVX06O72MPQ1S6TG2,39863.97
873,2026-01-11,1174,160,MQPR67JU0N08MHAH1,6956.1
874,2026-02-11,1279,147,XR8PI5X1ND9VXQ9OV,20322.82
875,2026-02-18,1346,76,06E4RZFGL06CD7XJZ,9709.61
876,2025-11-18,1528,187,N8SWP0PJD3FKVALW9,25842.89
877,2026-03-28,935,23,O1O2N1QYNEMUZRG2U,27578.12
878,2026-02-20,750,149,5USBM4MPKWB4SK10H,11926.84
879,2025-05-22,301,85,54JL0DW6JUJ37WETI,27154.16
880,2026-02-14,1025,80,XMBF70B8XJ8T2RHZE,12692.76
881,2026-03-29,399,45,MNGFHPGG68V4WGTOT,17715.96
882,2026-02-18,1653,58,247PL4ZQWSWAKJVMT,13960.23
883,2026-02-16,1985,111,QMNN2H6MYNLTHT00I,14712.13
884,2025-02-12,836,160,ZAJVVEPC2BSBQ6302,12744.88
885,2025-10-27,969,40,EKH08H3Z8ZAU23QJN,24894.6
886,2025-08-16,1992,8,YSJGEBI7GWAZT8CDZ,10167.12
887,2025-05-05,634,144,M0WG0CI7FEYKLHBDG,14407.67
888,2025-05-11,1065,156,Z9VF3S4JQ37NUPYNU,8181.96
889,2025-12-20,1234,93,4H7IK5RTUSELTSC77,20770.51
890,2025-10-08,284,169,E343D5ZOI3YJHGF6E,12239.01
891,2025-01-23,1713,73,RI36PTYHALT5B3W79,17593.03
892,2025-12-20,242,37,QHJD32RBIHJDIG75X,21017.87
893,2025-11-23,890,88,CKKWO6ODL13JE6U06,7548.27
894,2026-03-25,1606,38,YIPL28DTVKA2ELH3N,30576.09
895,2025-07-17,1116,174,Z0DTH6EKXLGFM8UE3,24789.71
896,2025-05-31,192,141,NCG8KQTLW46RC5BAX,10246.76
897,2025-07-10,834,162,JYUY8Z4M1FMDVDB21,7660.9
898,2025-10-29,987,110,9CH71G6CB7JZ4OHC1,24784.27
899,2026-01-01,1807,38,M2NZV3YCELV5ZUYUG,21011.09
900,2025-10-12,643,147,6QMQ8LAM7SQ3ZNX7J,8248.16
901,2026-02-03,247,65,GG25TY1YS51SUACJ7,8930.43
902,2025-10-19,306,62,LZHCH413R8NAVRNHS,10952.8
903,2026-03-26,1043,70,CXV4YF4IM5GJEEX9H,5755.24
904,2025-01-30,1706,43,U38BYC9TU3LB9TNMN,18987.48
905,2025-08-25,1230,101,Z3AEYOVSUY1BCY3IX,25829.69
906,2025-02-12,240,196,A9YOL7PIH03JB99QP,9093.28
907,2025-02-22,167,172,PO2YHX4ANFTCWCXMW,11464.88
908,2025-07-05,1687,7,Y4T816WLB3O6QBM0G,5621.24
909,2025-07-26,1081,15,5VBSYJXXS01YZBI54,17677.04
910,2025-02-25,601,162,T2AOWDWWFK4PYLPIQ,19378.61
911,2025-09-04,836,199,QB0K495DI51UE38PN,13852.27
912,2026-04-06,1193,114,ICER29U5P7NI8RT75,14150.99
913,2025-05-07,1306,72,GO65GOTME6ANNDJ8V,24203.55
914,2025-09-25,903,114,260WJD7K4RBOXNJRF,14091.09
915,2025-02-13,1463,115,S3TFWCP0MO5WD6O9H,14396.96
916,2026-02-09,1768,106,DM95X7WSVITEGDX95,9019.72
917,2025-03-26,706,5,H0LC2C8NJ1I1S90W6,14551.47
918,2025-12-01,1692,122,3N67L4N8AAE734BVH,5361.55
919,2025-04-07,1158,180,SJXXDV8HZD25NADQ1,14162.01
920,2026-02-12,1593,68,P34CO44VY1EHGBPZN,20108.08
921,2025-10-15,539,18,RXAXI0GE2RRTKTE0Y,26553.7
922,2025-09-04,476,23,PAIK2FTJXNBUU5JH4,10952.56
923,2025-07-17,1465,44,L0ZPGMYWHJNXS5HVJ,14798.83
924,2025-09-11,1116,21,ICQJUX816UAFWDQGE,24263.14
925,2026-03-25,1842,43,BLET611DMTGM09L82,22462.36
926,2025-11-19,335,1,JEG87CYC1EWTEJYV6,12757.92
927,2025-12-23,651,34,5VXGSDW7UO5LQ6PKY,18403.17
928,2025-07-10,771,32,X0SUBE4VA07YU19W2,30373.96
929,2025-10-21,608,79,67IFU0E5FBD2QTTTJ,11708.78
930,2025-04-11,1771,149,OMQ7KDF41VEPD5J8J,13908.23
931,2025-08-05,603,131,7H3OUAYF5UMRRTFIF,20051.65
932,2025-03-04,884,71,IPIWGLEVLKDVINUSS,6116.26
933,2025-05-16,926,53,7L44E0TIMUMUVMF14,7208.78
934,2025-08-06,964,137,FD256XFU2TF02MG3C,21403.33
935,2026-01-29,1620,128,XBORL4GJY1V8UZFF5,12155.39
936,2025-01-22,1708,42,306WPUF8TQN8CHTBP,14126.78
937,2026-03-11,1207,138,CZDOREEZNX5YCOS98,9890.36
938,2025-12-02,397,67,Q5T474KJ0BU82XSV7,18008.82
939,2025-08-17,352,147,5AY6C6W2CD1LMWVZM,25713.28
940,2026-02-20,1498,176,EYO5086ELDZ73OEYP,13866.74
941,2025-08-21,1775,60,UX8M1WI6X1P8PXZ6J,18062.56
942,2026-04-08,236,132,ESUY9UG13WEYPQDXD,21123.92
943,2025-08-12,60,87,MDUD7BYB60N63MSF3,5722.1
944,2025-09-02,1966,190,HUC7JHZMMVFFJTMEA,14200.18
945,2025-10-20,1473,163,6VF91BJ2GHMYL59JI,29976.22
946,2025-03-16,929,123,DSQ6AGGBGVCFZWAZ2,20130.26
947,2025-09-26,484,104,6UTO7QOM99O1Q1B8A,17973.47
948,2025-03-31,1762,4,XQOI3UNNNCY8EWYKU,22598.33
949,2025-07-26,1108,37,VN9O9GZKR3DAGDC9Y,6116.32
950,2025-04-12,370,58,AZSJ3FE6H0YO2AWJR,16441.69
951,2025-12-26,327,23,SO0BJB5OQ6E6OLZKJ,8303.39
952,2025-07-05,1105,115,6NCDDJG03TMFA1UN1,16562.66
953,2025-04-01,1501,19,M2B0PXCU0A6N7V5LF,25263.45
954,2025-04-14,149,147,PFYRIUOVCJCWZZKYQ,21414.13
955,2025-08-06,1985,117,5T7Z40M2WHMTBERQY,6472.13
956,2025-02-04,1142,152,T7EMUSJ2PQ1S3JKU6,6242.92
957,2025-11-22,1110,74,VQ1YAOJFJ34XVJJL5,18601.1
958,2025-01-23,1952,41,8RL3LQROM49JMSVB5,15871.58
959,2026-03-26,678,9,ANGZQMORELPJD2XL6,14451.59
960,2026-01-23,471,170,T386T7CYSGI1BMU7T,25681.68
961,2026-01-18,1226,184,DZEEN0WZMHLBMJY47,24427.03
962,2025-06-13,1328,34,P76FM7QODPQW0NKV7,6096.2
963,2025-07-06,1733,189,8W92PUYP8BMS99HP5,16627.66
964,2025-02-17,1326,22,OC3VAQMZ6YWY84OAR,5493.95
965,2025-10-01,938,193,V8B91XWYWCUHXVLQE,17647.78
966,2025-08-28,188,92,DI0GMT39F8WXE26QZ,11353.32
967,2025-08-02,979,51,1UQEDL1OFMFPCCS92,9194.35
968,2025-12-17,383,7,IMTF4PX5SLOI8L7XR,7888.95
969,2025-07-28,1598,20,EDLGIL5EH2NVFLTOE,18199.96
970,2025-12-02,1360,119,PYGHC9BRSVC5EWWWN,19896.09
971,2025-09-24,788,139,XH1AAA6TSXGSN3736,26999.03
972,2025-11-05,1875,112,9FIBV54YZLIN3NV8T,33027.83
973,2026-03-23,316,34,EZRQGAW7D3G7WB12V,33283.49
974,2025-02-03,1620,165,T7PY6RRWDNYDO1R2Z,10294.48
975,2025-10-10,2,103,W98O803NGSW8HLWQQ,21039.39
976,2025-05-16,756,14,T5LKZSMX02Z8IHXZX,20968.19
977,2025-07-18,1548,100,8SMFYYJD6LUK95QD3,13215.71
978,2026-01-01,936,146,CCYMNKCRC52CKBTKM,6256.82
979,2025-06-07,1843,139,PCFZBLGFYISA68WKM,6334.58
980,2025-07-25,550,65,0DU010EAWK7BLUFMN,9403.83
981,2025-08-04,944,152,OB46JVK57OFEYCDYX,14777.45
982,2025-07-14,1693,157,WMJ4RGC77EFO1VNSP,6302.33
983,2025-11-05,1735,69,M7B2T9FH16HB4Q1JR,6598.18
984,2026-04-03,456,50,1B1W9E615AT1VMND7,12523.56
985,2025-03-08,697,104,37SSW2TJW4M9R7IQ3,6238.29
986,2025-07-01,383,137,KIP00QFFZ68EF7H4R,13018.34
987,2025-09-19,365,88,RAXUMQGZJR6YHC8KS,19856
988,2025-11-05,352,104,4I8S9XE1RA02W3SVI,6474.09
989,2026-04-04,1423,57,7UIEYSWTZ1UHWY0CK,22129.66
990,2026-02-19,1406,95,3NYZVI06J8ZN1IXSX,12164.61
991,2025-09-30,218,144,DQN9U39FO4FUDNALT,25490.53
992,2025-07-21,53,166,1O5B99WWJK6002OX8,31874.24
993,2025-06-30,33,157,LPFUON76FPFCYYYSF,7054.39
994,2026-02-14,1393,74,PWVS5D4NARSAD3DHP,30119.65
995,2025-01-18,398,79,9ADQXTN4AB9OV1IMW,14828.28
996,2025-12-26,1831,132,4WFDUSKDDR8PZ6ZPR,15508.52
997,2025-09-18,1227,124,97RAB22OCJUFBT656,6975.48
998,2026-03-17,1444,86,YIRPXKTW1P2UDU546,23538.75
999,2026-02-25,78,23,THYZV86ZIPTT6BFSW,11076.06
1000,2025-08-04,630,23,GQGK53QY3RZRL2GJO,35402.41
1001,2025-07-01,1695,84,09ULJ67U6XGZHNDGA,18290.79
1002,2025-04-13,750,159,TIJ7DRB6QJZDB07DE,16460.13
1003,2025-08-17,975,187,W37PGUSKR7QECAMVQ,17027.83
1004,2025-03-05,488,110,LGLT6ENNNWEZC3HSK,8151.29
1005,2025-01-23,1966,159,6A6HFX3Y515DRO24P,19535.67
1006,2026-04-02,1318,28,YTAMOLQWPPAKLM7AN,16428.11
1007,2025-02-02,1590,91,YDNQU28P20CUTQTXS,5836.49
1008,2025-03-18,1426,152,CR1IX14YVEUH20XQD,5594.46
1009,2026-03-18,270,194,NC5PL5QSUUS8AHBO7,11993.25
1010,2025-05-15,1730,132,A27ZHW7LB2002YWHF,29373.78
1011,2025-07-12,824,42,M4T9ZIX3JL7GOLGEY,14534.75
1012,2025-10-27,1658,199,QWHJTN0YF6S6OPEO9,11082.81
1013,2025-06-30,1770,198,ERQ56G8RQ29R8U47N,7444.84
1014,2026-02-05,922,138,OBIN3LS8LMWCV4D22,10785.21
1015,2025-03-26,1010,181,6X8MUPBJNTUBZDX38,7350.46
1016,2026-01-29,1830,172,JTLRXWW11M34Z9Y19,14976
1017,2025-11-12,865,94,D12Q65SF89O7VSYVP,7376.11
1018,2026-02-22,1460,158,XPYPG85LG0NS6XBK9,21473.32
1019,2025-06-19,1962,158,VQLI9PQ3T0ZQZE59X,36100.49
1020,2025-02-26,1664,178,HAU7E22HF6ZUZEYLI,26042.25
1021,2026-03-26,13,11,0NO78BWLQFMLSHVBY,6050.84
1022,2025-06-21,763,164,KTYKZ2QZTX34FLTM6,9416.13
1023,2025-02-21,1963,61,LNLQJHFLV0S8GUAT6,20163.1
1024,2026-03-13,1809,30,J8LC3XVFXPZPW4HA0,27153.51
1025,2025-02-19,427,2,QC6KCS3Q7951049ZJ,21518.48
1026,2025-02-01,1069,53,442VIPSU42QGFBVO9,23113.56
1027,2025-10-26,1512,47,17AQ8PSS53SUUF8XV,15544.58
1028,2025-06-09,1744,134,0BPWURCGN8MT9H9MF,31188.84
1029,2026-01-16,1005,37,8WT0NSNKW0KYZN2OS,14634.21
1030,2026-01-03,1919,57,YIK3Y7WCN0GAOJI21,11779.52
1031,2025-08-28,1474,75,VFBV9KMZH32K9SEEG,28648.77
1032,2025-01-18,266,94,PJNNRW6XKWFH7ELE6,6419.93
1033,2026-01-10,344,95,7JGQQQ75CEAHL6P3F,20209.02
1034,2025-02-19,1077,56,WWD16694M4J4IZASW,9806.22
1035,2026-01-12,1113,28,EZTRVBO9IYWH6WDGD,16953.49
1036,2026-03-19,129,33,O99PT5RUUMIC17XBE,16898.1
1037,2026-04-09,1723,166,TNC9SNU4TEVGHOWO5,13706.82
1038,2025-02-14,773,190,0ZV4R2260TW5CJA27,17051.34
1039,2025-10-08,502,107,KDYBDGG3TKKP3Q1AP,9419.49
1040,2025-04-29,1470,142,HJZD0XIKW8S31JRCU,27563.02
1041,2025-10-14,339,197,QCRYN1H8HALEBY56P,8178.9
1042,2026-01-11,179,171,6BN3I0MKZRYL2MEHT,15955.05
1043,2025-04-17,1843,90,FII4L69FDP9UTUVHE,17707.35
1044,2025-10-29,1286,69,8Y5Y6TB6IC0BLBRNG,25850.45
1045,2026-04-01,1170,9,RWGGSA37RJD7HUDB4,23829.85
1046,2025-10-03,1673,199,F9D0CYD5ZYYWGOQ6N,6833.8
1047,2025-09-04,784,169,VTNFY69FNBLB1Y3BY,17040.13
1048,2025-08-03,109,141,IWM84J25FK5DSJSRS,12816.12
1049,2025-03-17,1322,121,WAXTFP4K2HV72SIH1,25602.91
1050,2026-01-01,441,51,K5SO783M3RXZXPZFO,17670.03
1051,2026-01-22,445,145,SW6E0I99XB0MS9Y8T,10179.71
1052,2025-04-20,1960,8,0D6QWHX8D26H5CWKN,19119.09
1053,2025-11-01,1863,158,3E1RQFQAR0M7ZWB9G,20476.53
1054,2025-04-12,1957,26,LNU9NVJL63GDASHAR,28348.82
1055,2025-12-08,621,61,CVL2X0LTFTE5TFE6J,15064.38
1056,2025-06-30,1338,94,PADOLFNT821M0498H,22655.52
1057,2026-02-23,1183,139,044TQS6TAIUHZKQWA,10293.59
1058,2025-08-16,251,126,EMT33YTYFBK6XKJ8H,9594.13
1059,2026-01-30,1808,127,CGP7FERF9PH2546MN,19259.12
1060,2025-06-12,507,6,IXJDOR4ERANUWH9IO,15113.4
1061,2025-11-06,1661,199,I9ODPT7PTLD0FYYRT,19269.66
1062,2026-01-21,239,47,T8S3AXTZDNP2EBRM0,14449.22
1063,2026-03-13,1737,150,P5ILWR0BMRGV3BWLW,10555.29
1064,2025-11-03,358,113,MUQL23ZXBZAYME5RN,10163.62
1065,2025-07-03,505,171,66X7NZCSZ2ZNROUAK,24414.85
1066,2026-02-07,1080,128,9DGKSWF1IHFLRZ1HJ,19750.91
1067,2025-03-22,306,8,F4JHSDT9EJMNIFP7D,13075.77
1068,2025-03-06,276,94,IZ12JQDE2K4FNVCC2,15403.41
1069,2025-02-11,1123,49,XAGATUO96T1VVRKZM,25056.79
1070,2025-02-06,544,195,KPTA8H4NSGVQGU52Q,5506.9
1071,2026-03-06,1925,176,ME9V5CMV2LHK18FG1,24605.5
1072,2025-10-01,1769,146,Z0Y5WH26SOUTRLB05,13804.41
1073,2026-01-04,1516,185,QKPN2ODRIQ6KVUI33,23151.05
1074,2025-12-22,1054,92,7PE4JTEPLBLJQ1J9G,10563.19
1075,2025-02-15,1636,193,J182Y2AM2M1D3CMGS,21296.24
1076,2026-02-12,83,52,AC3B4LK56MER99E11,24705.36
1077,2025-06-18,484,100,DHRKGI684I5XBYIWR,5694.63
1078,2025-03-12,943,18,ZWNZCJS7ST5RPPGUK,5752.78
1079,2025-05-02,1786,187,QAIBDLAOJV8KRJC7X,6061.05
1080,2026-04-04,192,6,RNQA880662ATYSK7Z,6098.9
1081,2026-02-17,1899,187,D3OFHVHNVRWWBP0EO,18459.33
1082,2025-06-19,408,123,CUHYCOO09YB5SN6YO,9230.53
1083,2026-01-26,1048,50,6J0USRLT5IJD7DSSY,21564.74
1084,2025-04-25,1868,2,HNME4CZSI97CQP968,7785.63
1085,2025-11-14,1024,24,SFDU8QOPXOI77AELB,20543.23
1086,2025-03-30,815,13,QL82S72CB2E9XF67D,24516.78
1087,2025-03-15,425,41,WNOO4J4SGJDFYCU4D,22384.48
1088,2026-01-08,1967,118,1WRAF5880ZK34SBW9,23400.92
1089,2026-02-13,1528,173,CR13XD64PASENGAER,15849.61
1090,2025-07-29,825,27,SNZ70T82VRDXKKZ3S,29156.67
1091,2025-03-17,1265,185,T7JA0KGY0MYKYWQQE,17718.41
1092,2026-01-20,703,170,55JJGXUJWDQSS5VVS,11136.77
1093,2026-02-08,897,64,LQAHZDA9Q1UOITA2H,26381.1
1094,2026-01-23,439,10,F04I50X1FEQ1CKSBS,10969.11
1095,2025-07-06,427,138,86M9VFXMXFXPY8B5P,12218.38
1096,2025-09-05,1333,171,7HE4ISTEA946Z9IV9,13785.04
1097,2025-10-08,213,39,9R61JMFDPTMB3BW08,30173.59
1098,2025-03-07,185,73,MKRU7LVJ5A9ZW35FP,6968.14
1099,2025-07-06,1761,3,IFA2E94M2VWKZ92XX,21081.99
1100,2025-03-21,36,152,I0TEX6C56LVF8OG1C,8161.3
1101,2025-07-13,1478,98,U37SB2JUJJDQ125HH,10400.91
1102,2026-03-05,1520,189,ESTJBQO7LSK4LUDHL,14038.76
1103,2025-05-04,1466,171,RDRPXLR9Q02BL068F,24743.36
1104,2026-01-05,1195,128,JA9M9MD94MSXTJVN9,18923.29
1105,2025-05-12,1985,117,5MU2GL7DZHBM1C3HV,11819.84
1106,2025-04-22,869,92,JP7J7JB29VM0DW8EP,11291.12
1107,2025-07-21,794,79,JBVICW4U2QAVWL1QH,17022.37
1108,2026-03-24,56,67,1G5GI14GIEBPHX21M,14635.26
1109,2026-02-17,320,7,F1BE3I54JFZI8AIE5,26082.56
1110,2025-02-11,866,32,VJTT1REDA71QDDPQG,18571.12
1111,2025-09-17,473,143,2WXLCWKKZJNRCO1CU,21555.7
1112,2025-11-17,1269,16,PCPK2B5CFK58IYAU5,10932.08
1113,2025-08-21,1766,152,2G8AH011D0F4ASK3V,5579.14
1114,2025-03-20,1762,73,MISKT4JI3180WRZIS,7193.78
1115,2025-07-09,655,67,EW6IKAD7FDPOLKBRI,8904.93
1116,2026-04-09,1402,162,06YO1PTSQB3ZYVTQR,23731.25
1117,2026-01-13,1775,74,YLBTU8ZZCRS3UZ7YU,23684.32
1118,2025-01-23,1262,93,M16OF0NNJ2R5NKNA3,18226.58
1119,2026-02-12,1311,116,N480WRU0V9VT3FH4O,25864.34
1120,2025-11-29,133,95,DSAWLQR41IQPFVX7J,17009.63
1121,2025-07-12,762,73,BR1REN3V80V30YLCX,10083.31
1122,2025-05-21,515,123,U2QNUCKCE94C7XNTW,36274.63
1123,2025-09-08,890,1,07IN5ACA0A4RPQHB0,8386.67
1124,2026-02-27,1605,132,XNQRYX000LSBOZKO0,10876.92
1125,2026-01-27,1624,106,I0H7S65J8RSKV92FQ,6047.75
1126,2025-03-02,1002,42,FZME87JV30294Y0SA,12345.45
1127,2025-10-20,27,133,ELV3LM6MUP6NJKQ45,13624.36
1128,2025-09-01,220,38,NZ4ZBAULQOLEKZQGL,23969.16
1129,2025-07-09,1443,16,HG8H584BRJZ9DLOC2,11693.59
1130,2025-08-12,928,27,FZ08CMR4JU6LPQ1TG,6995.65
1131,2026-01-14,470,86,F6SRE5LYNI3NHNSHR,17599.08
1132,2026-04-05,590,93,5DC31W9L82Z3YZ44B,25860.69
1133,2025-06-05,1008,77,XKYEMC11LHS98XUZ8,16607.05
1134,2025-03-14,1442,51,PARDPDX3HLFQW611F,21006.52
1135,2025-08-25,373,90,P42ZANOUPZ2B49NQ0,9317.99
1136,2025-12-27,728,115,GZ260MICVUZ7OPQVI,18788.4
1137,2025-05-24,1017,8,1GCUYDED1LZ445566,37241.48
1138,2025-12-24,1646,199,SQ40AJNMNA7DHVQSP,7006.77
1139,2026-03-12,1659,113,5LBMK02U05S6HI4EK,29512.69
1140,2025-08-26,1822,101,2A376WPO3X7MBN163,7338.36
1141,2025-02-24,724,150,09C7GN66WL3JVZT90,22945.6
1142,2026-01-08,1749,122,01C3II1MELK5P3SOB,23977.23
1143,2025-05-31,826,107,6UERDB08XGY3G5FC6,15822.53
1144,2025-07-03,1284,151,4MZKWSC0P5HCV6VUQ,30411.61
1145,2026-02-26,239,13,0T66RRLK0RGGR1U36,27591.67
1146,2025-12-22,958,32,YUJUM2DMS7KFY0LIY,24608.93
1147,2025-12-16,538,150,FUJ5P60BFT948C9DP,34529.7
1148,2025-10-24,140,184,W9RHAG2H4G5KTEHWL,29277.52
1149,2026-01-12,1293,179,0C1Q2UDF7KH213PW0,8746.32
1150,2025-06-25,511,171,Q40DDYDQ6NC9XB9GU,15618.08
1151,2025-05-25,1251,156,BF53C6OIAA9P73DMU,6615.41
1152,2025-06-16,1325,154,FU4SIAG34VJ6PIOZ5,6410.3
1153,2026-02-20,1242,136,XM20DYCF17LSFBX4Q,13614.05
1154,2025-08-27,1404,31,XFLU878DK0QYGBTQN,23843.87
1155,2025-11-19,1140,192,J68I6JOF3DV0IZJWI,13032.18
1156,2025-07-29,1957,26,W4AMM2HRQDRXKK6Z2,18926.26
1157,2025-06-10,1951,13,MJ67P6UEAO844YP5T,26938.27
1158,2025-05-31,509,60,M1V9WGF8CZN5UA4FS,25911
1159,2025-06-29,895,47,BVE9W4XD4QY9NTNLG,12742.51
1160,2025-12-23,1211,153,O3EYGI5TQ7DBSAWTB,11535.45
1161,2025-03-14,1251,115,RSR1OHS5JNK3C8EXX,16386.88
1162,2026-03-12,1866,68,4IC7ADUZE1N396M3X,7648.73
1163,2025-12-19,286,7,YQTV7ZP0LQDQPWVQI,12243.44
1164,2025-09-07,1679,139,WOQL5TQ4T7LMSBM7H,12317.18
1165,2025-08-13,113,41,0WSWE1IQKO4VB21KD,23847.87
1166,2025-01-29,1292,170,N6J85A8Z7IO1EOBRM,15421.38
1167,2026-03-26,1907,140,J0SEJX7OOTCSCCIFT,8447.09
1168,2025-02-26,482,95,44C527DRKC2MK52US,9604.78
1169,2025-11-03,1051,153,UI8A3YOKO1XHFZGGP,14103.41
1170,2026-02-18,1198,115,JATT9UUUD2FTEVRTY,21152.82
1171,2025-03-13,172,114,RO43QQXJY5O5GU1ZF,6222.9
1172,2026-03-19,1101,129,WGN0SMFI43P8C07MM,14222.21
1173,2025-10-02,63,19,8OCOY81WXNT8646UU,24802.53
1174,2025-06-19,1096,36,2O1RFFCIDVWLWNLZY,18776.86
1175,2026-04-10,1810,92,61X2KW11QS2RW5JQ6,6874.48
1176,2025-05-14,1170,113,882270ZQZ20LI776Z,13866.77
1177,2025-01-20,1105,45,SQJN3T4CPTEPY03DF,27569.48
1178,2025-08-17,972,82,QB1ASGY3FUROINB4H,9590.76
1179,2026-03-15,1726,47,P5FGDXT95S628UE6K,14400.77
1180,2025-10-30,175,77,6ZG2CSYGPKAEOM51I,19498.61
1181,2026-02-10,1328,172,97UY1GZ7JMW3B3ZHH,24961.28
1182,2025-09-27,1382,152,TOLOIMCW32Y9SM7KE,11556.1
1183,2025-10-28,1852,130,MQAGGE4UVDHGNAZ3K,37037.97
1184,2026-02-04,804,149,MIHC7WHYE5H9CJ71Q,6963.28
1185,2025-09-16,1362,163,T3ST52P8JYV3UJG6R,20380.85
1186,2025-07-15,470,183,3XQNXS91VKX5W53PR,7384.84
1187,2025-03-01,1619,149,QLEMFZPM53A7ONY7N,17714.16
1188,2025-05-22,363,125,1OEE61C6WQEEK2OVA,28540.11
1189,2026-03-04,1416,142,RHQSPUQTCME57C282,9062.71
1190,2025-07-27,726,28,FS7NCSH6F53NSLWXE,26019.24
1191,2026-02-27,1760,169,46R365G2WTOG8OEKP,26704.33
1192,2025-06-13,1311,12,RA9841E6C9RUIAYTX,7545.49
1193,2025-12-08,580,157,TO5QP683IDTW8MUJS,7443.27
1194,2025-05-22,1476,68,0UGLP2VT4B24A5O34,5534
1195,2025-05-31,928,131,LEBYN2RQFLMWA7X2H,13094.74
1196,2025-01-20,314,144,QNKTLEAJUJJX9RSRW,19306.01
1197,2026-02-08,498,162,0T07Z7CFA3J90TEPD,6981.55
1198,2025-10-21,257,1,ZLLTROCX75RVMN5CK,11029.14
1199,2026-02-23,1595,57,KH6WF8TTU0TZH6I6P,19403.63
1200,2025-09-28,467,158,KXX5R8KJ08A1JVMO8,21305.24
1201,2025-03-26,530,102,DHMMQZN7RS50LDN06,11525.89
1202,2025-11-05,140,109,6A02004WE8M1HK17F,19179.68
1203,2025-06-17,152,55,AE0JE3TXZ2FXU8GOV,18858.06
1204,2026-02-06,1485,64,SSPWLV57IMEOHXE9I,7636.42
1205,2025-11-18,1311,42,NLNATH50WGVHEK0X8,11580.14
1206,2026-01-18,835,1,9J3M2GDG5SQIX4EJU,24352.17
1207,2025-10-26,1047,25,9DF6BZM60POHYZ60F,7065.25
1208,2026-03-15,1435,6,QO2DWKZCHU6WHBPRI,10426.82
1209,2025-06-06,1537,78,O8B010I9AUZQ67OKT,18811.39
1210,2025-03-19,1263,25,VDCBZB8E8DHZ83ISH,15804.14
1211,2025-01-31,1788,50,NKSKMG01U7YOSOW8P,20498.32
1212,2025-08-16,824,17,EURGOC7U7C08RKAWH,6199.06
1213,2026-02-01,134,198,R3I5W3UIOD31UV7JX,20682.5
1214,2026-02-04,1120,162,RYVZ2TI7HLHSB09DV,19432.73
1215,2025-06-03,164,114,OF0E41GWMLK9MOM3G,7645.53
1216,2025-03-09,1613,58,VZY37J4PK7UO1CORK,6673.41
1217,2025-08-04,1284,97,YLT62DB4DINMC4M4I,24295.4
1218,2025-05-22,1432,149,26QUF6WA4X6HI97UM,10062.9
1219,2025-10-01,781,146,ID5TBF1TQIV7Z9P2U,11269.52
1220,2025-06-24,1646,169,D3WCB712LZ9C9EY4I,19148.61
1221,2026-01-19,1227,174,GOFNH6CV8NC42JJDM,15666.75
1222,2026-01-01,1600,123,FBCOV2DCTMWA0SFRT,12381.76
1223,2025-07-29,1821,178,FVVC3Z4DLS47SOELF,17051.64
1224,2025-02-20,972,21,Z7ZB1P61W40XAZFNL,18029.34
1225,2025-02-15,466,153,RROS032E83G9GM0E7,27586.61
1226,2025-10-26,1654,102,G3I2UW42G9G1VGY8L,7474.19
1227,2025-08-13,1999,182,XNBJSA18XSPGRDL8T,16904.56
1228,2025-11-07,533,84,MK7B8A7JD4LDTE93C,10720.9
1229,2025-07-28,995,2,8WQG3OS2N65SFN064,17791.72
1230,2025-11-04,617,35,1MEKW52D3ZV8EIBGD,15466.58
1231,2025-04-16,97,76,CPS66GXT9M0EM31LA,8712.29
1232,2025-07-26,1398,71,4DORH2X6XIM0VV97W,13336.59
1233,2025-10-27,1257,112,PVYE9NK6UGL6KB6KH,5259.86
1234,2026-02-23,893,68,3W2QUQNS2H6CDIX9L,23163.05
1235,2025-06-23,645,109,GSAD9M77W4ZXSEBZW,19427.58
1236,2026-02-06,908,88,4MNE8TNVD5RQWUYGX,6649.43
1237,2025-11-03,923,79,M4B5QHITS7PZFBFJV,8116.58
1238,2025-04-23,1601,130,Z98YPZQOLYL87VP0A,13083.51
1239,2025-05-19,1756,95,LBYTTQI0BA94W00SJ,18597.94
1240,2026-04-08,781,34,RK8I34LBL92WIKC8J,13191.52
1241,2026-02-13,858,87,YEM6KQ4W4VY0LD63H,14145.05
1242,2025-12-04,685,155,RBL31GAL7BQ076F5Y,9367.97
1243,2025-02-11,19,178,PPG5BI535N12L8WQ3,11591.77
1244,2025-04-07,1753,48,XJPUSC76ZPE9USP99,10980.97
1245,2025-04-17,1973,196,PAY79FJYPG8TIGKOQ,40588.85
1246,2025-09-16,1422,169,YUERL8C6QVQSV2DBX,13652.2
1247,2026-02-10,648,157,WGLJC6367Q8HT9XAG,6234.04
1248,2025-03-09,162,46,7MB9J629IJ17TLHLP,12630.03
1249,2025-03-03,763,129,YTXTQPFN96CVVEVVS,10976.49
1250,2025-08-01,123,2,SAYJ7G8ULCJJM8X1V,19948.77
1251,2025-10-16,31,28,JPIF4A4QC2U39A2F2,9504.05
1252,2025-08-05,986,183,MQDRJ6TMG7GM7ZX31,10364.24
1253,2025-02-24,355,148,T714D0A4WM7QVTSKO,21724.73
1254,2025-08-30,1907,4,LSEUBJ5ZI34FINJJ8,19135.31
1255,2026-01-17,837,68,MKOI2X2DZHAEVA9EJ,14451.91
1256,2026-03-06,871,20,P8T0Y94P7T8CXNIN8,7122.26
1257,2025-04-09,110,53,GK7GQIJANB56I880B,9190.48
1258,2025-07-09,467,111,DBRZYR5A9J3LZ82ZM,7735.64
1259,2026-01-23,791,193,WAEGY60CG3F7LTHK8,11289.92
1260,2025-10-25,718,163,MSG5KYBIPYFKJLT7V,21835.32
1261,2025-05-30,1942,132,DQF83YLFIF9FYMPRE,14431.66
1262,2026-01-05,1539,60,3XFVW4I7VIN3RC7DQ,6920.3
1263,2025-07-19,1633,193,BKJYYRUXCGZMRUIHJ,14886.14
1264,2025-08-22,522,79,X11LPXYSXXHZXZT5S,15587.48
1265,2025-12-14,957,87,1C745TBB1SNGOSXES,18279.59
1266,2025-04-25,1732,20,LXQR66K2LR533O6MJ,6349.11
1267,2025-04-24,316,183,1GSOBX553385WBZLA,21151.57
1268,2026-01-24,1007,175,SGDM8QCQ9DYQ3XV9J,10750.73
1269,2025-09-02,898,199,P6V0W0FYARDOH9FLG,28037.88
1270,2025-12-21,602,166,HQUX761K7LID6EOX4,26146.29
1271,2025-09-22,348,8,4517W5QVMXYMT7WXF,9919.39
1272,2025-10-17,778,176,Z7IYU4E49JQT8CVGZ,13041.32
1273,2025-09-15,725,183,MI87GW1MBPP9U8IX4,22917.69
1274,2025-02-15,1641,18,ZJYRPMDZR65OPVZYB,8834.94
1275,2025-02-05,523,85,4PXF7Q5M4H1865P5T,12160.83
1276,2025-07-31,1247,59,TYFPW7C84WJYORDZC,11760.29
1277,2025-05-31,1279,59,2NDRNDE59PX6SMFGV,13936.04
1278,2025-06-20,25,10,9PF4ITATYHMXSIL5S,30340.39
1279,2025-10-05,142,184,UHGVE63EIN6HIY5KI,20838.63
1280,2025-09-14,1035,74,H0CZFQDFWELO500XP,27769.94
1281,2026-03-22,871,89,PA8HTKG4NIQR7BA4O,29336.25
1282,2025-12-24,1957,93,43PPIXRHK6OG459EJ,14063.12
1283,2026-03-13,1089,54,P20XQR3QUB7YRLC2M,19554.94
1284,2025-07-19,1410,17,62H9F9GB3T0H46PV8,22514.52
1285,2025-05-06,923,181,PTVB8OKCUUTJ69U3W,10821.5
1286,2025-12-14,1548,186,3JOX31SQEAX1CDEWR,19650.8
1287,2025-12-10,1221,32,IAG0HRSKAWCNDBUWK,12388.72
1288,2025-10-04,1354,66,C0XE8BT5R7Q5TZRDS,19267.04
1289,2025-07-31,1647,160,GGJWMPFHUPG18HXF8,9547.49
1290,2025-04-04,1813,196,JD264KMFVHM2SU61Q,23115.73
1291,2025-06-25,986,149,V4R2O9YM1LEX37BRR,13003.24
1292,2025-09-17,215,71,D3ZY0ROM63WTKPMKD,13133.83
1293,2025-07-26,477,10,HLWH89KY1JNIBUQE7,13244
1294,2026-01-23,1226,139,R8S6CPC0FMY69LK8B,11928.71
1295,2026-01-13,518,45,3HQ913SPPK0KQ8M22,29613.36
1296,2025-04-29,1704,143,RGRO95V6709WF56GT,14660.73
1297,2025-04-08,1068,61,3SE8GIWQG4O0IHTE2,34092.21
1298,2025-03-13,1324,169,CHT0KCUI4VB1LVF6I,12133.96
1299,2025-04-05,1933,146,JI2LT32HF4U3FRCWX,5785.72
1300,2025-10-06,1776,132,MR3CFRQ1BBPIVWX97,25503.53
1301,2025-10-27,1893,55,TJ39G3OHJ66ZONES0,25508.31
1302,2025-02-06,1672,30,LY5TGRH2XY59EVLII,18830.99
1303,2025-01-16,34,17,9M6MW7GBFGJE8IU4R,24243.2
1304,2025-03-14,93,8,YLTG3PGIQUYQ7WK6K,28725.56
1305,2025-11-16,1376,143,NEMOUKVRWDGTX3OAL,16083.16
1306,2025-07-31,250,3,WZERGSR9UVMQFMK42,14385.78
1307,2026-02-26,191,74,1TPH9X4WBW56ANHCA,32705.4
1308,2025-10-25,593,82,VHIUM1NAJW0MDGPZ1,12521.8
1309,2025-02-27,1208,131,PSZNJ7KBGQ1DFP4WN,13561.39
1310,2025-08-18,1604,193,Q21ZY633MEFUT71AA,12240.6
1311,2026-04-03,1206,81,J0Q4NRN8DY0GZ59AF,11361.9
1312,2025-03-06,72,1,ZUZ8O13PWEHA5JWY6,15258.77
1313,2025-01-23,937,193,43V1ARVU0QZV3UHPB,30083.41
1314,2025-07-02,1951,191,1IZU2AKA4CXLLEMCM,13328.18
1315,2025-02-22,679,6,98HQZIEUW6MSD61W2,8190.68
1316,2025-12-23,799,109,JHBIH6ZRB8MCRCZ9G,15211.66
1317,2025-01-21,1854,166,N7VN4RSAGCWZDNF47,26773.6
1318,2026-01-12,185,181,EAY3PJB4R53E74FI9,6718.73
1319,2025-05-10,578,1,MN1FBZATTX3VQS88Z,13585.76
1320,2025-11-13,551,198,L8WC3GW8JTXE5FSQA,19492.7
1321,2025-11-25,31,95,N1KC8TLHKU79NLEMR,19588.21
1322,2025-08-23,860,141,D220V5M9LKLJYC752,11506.98
1323,2025-11-01,1157,160,I5THK48NWEW8EN2IV,16710.83
1324,2025-08-24,1143,143,JREDAFA9NMJKZIBE6,19703.23
1325,2025-10-31,243,121,ZNKUJO13ZCIYDJX8Y,6085.36
1326,2025-11-25,149,94,36BSUGG0MX6L2KNGE,17036.28
1327,2025-07-19,929,20,0NDESF6RUFFMDG1ZM,18560.65
1328,2025-01-26,1420,153,U8HU46AG4S4PPFCQS,7689.44
1329,2026-01-09,1565,92,KKJ1OTJKKM955RMTE,6122.59
1330,2025-10-09,1183,144,RJCZQS0FBL4SVNVPY,41572.34
1331,2025-01-17,1559,147,GEMJG12N5YWL1J06F,18125.34
1332,2025-03-16,944,125,M8NOV9SWA66MJ62S7,20520.97
1333,2025-12-24,1532,36,HZRDV5F8DTE5IW4X2,17099.27
1334,2025-11-19,379,20,RQNM1MD9FBK3TAX4F,26631.53
1335,2026-02-27,1710,166,U5U6NDD7CY9678OL0,32414.42
1336,2026-01-14,1213,104,S7AT3WE4V6RBJNE17,15299.97
1337,2025-04-15,334,37,RJ7RFYD8RLMWNNNH4,6056.1
1338,2025-07-05,1050,151,GMI06OUZIBRB9SBQR,6759.03
1339,2025-05-30,1477,188,FMEYVO1FXVFTKVW6P,15501.63
1340,2025-03-23,216,142,VBR1OUHQQST70GH03,29883.16
1341,2025-07-24,996,12,8G9QS6KGJWL496LO9,13477.01
1342,2025-11-06,290,33,6I6ZO8ZJVWESHQL0F,39133.14
1343,2025-01-15,1455,148,GL3UZ890PTXSVFO43,18303.35
1344,2025-02-09,130,162,SDKOVQ6UB97KUIHOH,11589.33
1345,2025-07-09,840,71,Z536FY3ZFIG4TGOWN,17147.58
1346,2025-06-06,1736,121,NS68S7KFBGKTD5065,8134.51
1347,2026-01-19,1814,72,L0THSVD71LEAF3405,20261.06
1348,2025-10-08,1336,133,BR5117WU5R4EUMU70,6467.76
1349,2025-03-02,280,108,KIYNZKL64KIW8EBG7,12971.42
1350,2025-10-19,1893,198,65Q0NIZ9VGMXXHQG9,17072.75
1351,2026-02-21,720,144,MUNAKQLLKN336ER8F,13419.85
1352,2025-03-02,238,148,1HRIGJK3YXT7WU14H,17426.15
1353,2025-11-23,365,119,OJZEQCW295TVBVDQQ,24541.3
1354,2025-06-25,381,110,RNMZ84KX036OHHS7F,15694.43
1355,2026-01-30,743,59,1446BJ94XSBUT1IX8,22826.29
1356,2025-02-11,1682,146,FPW1U26SHQD8Q9FKM,7073.54
1357,2025-01-31,947,19,HSPA7QZ2DS7TJJWS3,12309.89
1358,2025-01-17,1960,124,NDNOOP1DDO0QZEWEB,24891.02
1359,2025-09-30,1176,80,62TOT0DRC51XKQF25,12474.05
1360,2026-03-06,1323,37,7JCROBR9IMZOUSI7R,28187.5
1361,2025-09-11,847,152,70HTVVQNXJNTKRXYJ,24711.1
1362,2026-03-30,845,89,84QPY86GA8TG1BH7E,20449.37
1363,2025-06-06,1960,121,R23DO4EWNJ8YNA6CB,8006.94
1364,2026-03-19,1501,23,TN4IXLDI8987O0GPN,26983.04
1365,2026-01-19,1055,37,LUH22LTZNZZUSZBU8,16637.91
1366,2025-10-17,170,55,8RB65UTL2AJHJSM4R,13002.88
1367,2025-05-27,681,12,HQNSLLDSWBXTNLBPR,33027.57
1368,2025-11-23,826,57,W5UL57QRK4T61NXRU,12476.36
1369,2025-06-15,437,187,MQ7RDDZE84R6HDJLR,16118.16
1370,2026-03-12,496,87,XU509N3KONCJI5YZ6,19561.82
1371,2025-08-18,1086,16,LZ27INA3EEI1SR4AU,17088.59
1372,2026-01-31,880,115,V1F41T1SLD7S5VLAU,16563.63
1373,2026-01-17,515,77,JRNGWENNMU0QF2VTO,18901.85
1374,2025-04-15,652,59,5MEDQJN1VO7EVB3EZ,13122.72
1375,2025-12-03,1985,77,JZ7LZ5IMGRVVJGEM3,9540.24
1376,2026-03-08,910,71,8I4BDSJGA7LZ8SGH1,36668.44
1377,2025-02-24,746,102,IDBTHFSTGZU5EMYN6,12719.32
1378,2026-03-13,20,153,EQ0MNJR9XK3KOV8Q3,15989.73
1379,2025-07-04,1848,197,P1R5APOUJ44W33KEK,17631.48
1380,2025-12-22,1229,27,TDSGK6DN63C5471CE,16080.37
1381,2025-02-26,206,119,XF2M2TAT9N336JEBT,8304.81
1382,2025-11-18,1407,5,HKMNDPA7G7ZM4D4VW,12941.44
1383,2026-01-10,1931,114,Y5FRB03BMJUVFOL3Z,10014.15
1384,2025-08-10,1469,159,9KEOQCL94AVZB0EB1,12938.66
1385,2026-03-09,1884,69,ZQBJNENR7AP07CPY6,9640.07
1386,2025-12-30,363,1,L0U2BAMKX0O7T48FI,22589.35
1387,2025-07-16,1786,16,WCJXWM355TG8E4LGT,8670.55
1388,2026-04-01,1474,47,RSIPQ4DEEBZX7YTN3,11317.64
1389,2026-02-27,1341,176,2DVO7YXPSUNM4N99Q,7999.1
1390,2025-08-27,579,12,3P7Z3HBKY1HE4EVXT,30422.58
1391,2025-08-29,1443,49,UY2AQFB97R5HNZPNE,22373.71
1392,2025-10-23,102,91,8EBOT4ADJACC0XG4I,25671.36
1393,2025-12-26,750,165,EVWHNR7EVO9K09G8T,9914.34
1394,2025-02-08,20,101,M7AF5V8GT2QD17XQH,26475.14
1395,2025-06-19,1583,185,9HUAJJUHF64VKVAA9,20365.93
1396,2025-11-07,243,1,H7J5A6ZQ0BHTXJ366,9955.32
1397,2025-01-31,1799,55,1HTLUXPNX3B61RK7M,11286.51
1398,2026-01-07,1992,195,0U3SIF4HUAQXQ7ZYO,26289.15
1399,2025-12-15,690,158,H2CSZXOT30VJ1FGCB,22374.59
1400,2025-10-21,736,89,KDK8SQFGZHWKNJNG3,6279.41
1401,2025-07-25,1405,146,ZO0YO5EH8WK8FH7UM,8295.37
1402,2025-07-19,795,19,ANHKYVQEY3J7SORHH,14508.5
1403,2025-09-21,1167,148,AGX9YNMFSJZ7DXOVT,19080.75
1404,2025-08-22,1932,141,RNHWLDARQ03M08QZ2,17667.4
1405,2025-08-01,1469,113,N1D1RZ4SW6QYA7JZ6,15856
1406,2025-09-28,547,178,OLCJJXR4BES0O3LIM,21349.49
1407,2025-05-06,1357,50,U68V80K7FEZBGOS8F,8715.07
1408,2025-11-08,1432,96,OL6AVM3RPMA20JEQO,16933.58
1409,2025-08-04,1006,118,2XXRJBU210GNCEIXH,8848.06
1410,2025-01-19,447,42,OZ3OCTN9IRSG50MBY,23884.7
1411,2025-02-21,1011,55,EVV7OX31DT2SKH9QW,20336.68
1412,2025-08-03,377,74,LA4LH8Q0ZNJP4WLMU,17145.32
1413,2025-05-25,377,150,BN8VLE86QKMD1RQYM,16792.24
1414,2026-01-09,1596,39,CVC42HV6TQZ4G7YMQ,29891.93
1415,2026-03-29,196,18,XVC858DTV601Y55V1,25316.33
1416,2025-02-04,1318,108,HYCBG53HACCVS0EBK,27961.88
1417,2025-07-16,501,2,4EZCHBTIQ172KTBUW,6376.26
1418,2025-08-14,1046,65,4LOVX8CSVGVEU768T,7616.92
1419,2025-03-01,787,101,MN5EAPYK2FQG1PAON,15041.45
1420,2025-03-25,1263,2,A81XCO2ZDEL7P98AG,13231.03
1421,2025-09-05,685,194,ZE9TS0TEZYE5OR3FQ,19359.6
1422,2026-03-29,1159,48,4JWIZ0QMJZ80YCMH0,19405.29
1423,2025-11-14,1580,109,0COXJFC4W86X0NU10,12364.65
1424,2026-03-22,493,108,1WXJFHQOR4AP05A04,21847.21
1425,2025-04-16,1633,3,YYQC3M5EUORPHLH9P,20099.56
1426,2025-07-23,725,134,W2N3ZWME9FZ3F4XKU,17562.45
1427,2025-09-09,1823,7,7ZOYIT4NO3MS5NX4U,10775.43
1428,2025-08-30,235,24,A2MZI034QR9JK16P4,8908.65
1429,2025-04-17,388,111,JRSCWBEYCM18RI8F8,21566.28
1430,2025-12-19,351,18,4OOSOESYLA9IXIWPR,11779.84
1431,2026-02-21,255,134,JZM0L602FXVQH8WAS,8083.58
1432,2026-01-01,750,145,U3PCY3TVHZ50DBQOE,11100.85
1433,2026-02-14,230,129,8SK1JFMN62YBZCQ9O,22875.17
1434,2025-07-04,1127,141,K6PK3INI25EV9IL2I,17423.82
1435,2025-09-12,343,181,ALHYTJHDLYX8MY6SE,18140.46
1436,2025-02-06,1452,13,F9KTD1B4JBYEXI5FA,20540.56
1437,2025-09-17,1096,196,SW44P5MH1CL72DLM6,28320.82
1438,2025-11-08,983,45,IL71QW97SMIOESGH4,6772.09
1439,2025-06-23,1775,14,XR4I5FDOPDWUSX7XP,27025.34
1440,2025-03-26,345,185,RG1H8K6DKJ2MEUMOX,15221.43
1441,2025-12-01,1898,59,4MH9AV75QP2CWXHB7,24699.79
1442,2025-02-14,517,23,29HSD003S5RFUWEQV,9649.36
1443,2025-12-16,433,188,82KNJWDNMMBZEX2PD,28276.44
1444,2025-07-18,1183,155,ISCDDK56W7C42VTHD,28667.37
1445,2026-01-17,899,128,7850TWD7W47NRKDK6,6659.39
1446,2025-03-21,1425,27,GSF6OCZK2XL38V8J4,10573.45
1447,2025-02-05,1841,199,TC975AAX1ISEFG84Q,6484.16
1448,2025-02-08,834,65,2TE1YCBNQ12HKX477,17636.75
1449,2026-02-25,1219,60,F2KGY6YG7JZDMGSUH,14432.1
1450,2025-09-05,942,92,VHJ7V26NUN7I8UZ6O,31725.63
1451,2026-03-07,1405,191,OWJ706YC0NRO5S1VE,13518.48
1452,2025-07-27,1772,156,YCOLSHHX6CCGDM49G,8191.09
1453,2025-04-06,1193,192,7AGBLBB5Z52E0540O,5608.11
1454,2025-01-29,540,64,AABOE7H4VITI3FX93,16769.5
1455,2026-03-11,566,18,CV1ORHYZ17I332QVA,12103.14
1456,2025-04-28,1923,31,KBOLX598GQ1GDLRWV,18757.95
1457,2025-08-10,1142,95,JOFMEUBT5HZS1V5IO,11767.37
1458,2025-08-04,944,193,XD8OTHVD4ZE5SQTVV,23823.5
1459,2025-07-30,479,180,IROR1MW2B5AUJGMER,15933.17
1460,2025-10-04,1647,101,OTE44CTDSIUISD4CA,13662.92
1461,2026-02-17,1563,66,FULZRJJI74B943XSQ,8752.25
1462,2025-08-23,802,51,4WDPNP0XKL82NRT6Q,6070.53
1463,2025-05-10,1163,107,4XVMV6EIJL7S7WT7D,7132.25
1464,2025-11-20,772,43,W3NS5BA3E2ONDLGE9,20894.23
1465,2026-03-24,346,99,1QUGBSF63W35AC8DA,7054.72
1466,2025-03-01,606,38,CXO5MFGHPO16FSLG1,31204.03
1467,2025-12-21,282,190,W6X4SFTIA98AY5DYK,22619.68
1468,2025-06-28,546,173,XB9NF8Z2UE4VU04JQ,19047.93
1469,2025-12-06,1816,11,KURKJKLW88JAZM087,12661.09
1470,2025-11-15,1947,176,SMY4M73799LV1YQES,12485.53
1471,2025-11-29,1906,105,8U0FRY8OY781KQT2T,10430.35
1472,2026-01-14,174,169,8HFDRIMAKSIWRRN1X,14015.41
1473,2025-10-28,694,62,R7QQ5UTPIE7U17A6I,20989.99
1474,2025-06-08,1940,118,FXHC2DEQUV9RPJTEU,13743.87
1475,2025-07-21,1366,15,337WDLYF73YN2SMB4,18831.7
1476,2025-04-28,1945,9,QWBFRB6FRUDLLUDCK,6181.52
1477,2025-02-23,162,181,UK47SS0IVM34771T1,21865.8
1478,2025-12-23,1084,128,60FV83WB6D9ALE7MA,25636.53
1479,2026-01-22,800,177,XN2075QJLTZ8S7CRU,9905.68
1480,2025-07-03,1631,117,6YMTXBJ4PJGTPYZBE,23459.85
1481,2026-01-18,1634,69,1SDFQU1LIC3T10A5F,6523.56
1482,2025-12-06,688,52,YQMJT5VQHTU60IA01,15164.56
1483,2025-08-26,760,145,6C85CACXV10HD4E5X,33225.39
1484,2026-02-16,1030,98,G6GO8GV7FHG6CERJ0,18601.73
1485,2025-06-07,260,21,N8VT5AKTFBH2Y9KB5,32705.3
1486,2025-07-04,1896,159,8O1788U0UJH5EYXN8,25674.78
1487,2025-06-18,1730,115,R975LBKNGUG94E3DK,19836.24
1488,2025-05-17,28,117,NNU5QP26FXYFWCHOT,7200.47
1489,2026-01-17,1206,31,0ZCYUOEQA3P9KP783,8076.92
1490,2026-03-07,586,14,0L9XTT7T8J6LHHN1I,17945.18
1491,2025-10-20,1196,51,ESNNXPBUW7MDWXZ03,40825.31
1492,2025-04-05,1928,107,89JK0XDZVQR8BLP0J,13827.09
1493,2025-06-22,438,184,H7HW52UMUQYOERM4A,6633.66
1494,2025-08-14,451,169,E3BHC1SKDT0PPVTT7,11452.24
1495,2025-12-29,1851,5,EK09YGJDDNQYNFJCB,15265.23
1496,2025-03-17,163,95,D6X1JEU60XE2SKW43,16410.58
1497,2025-03-03,1877,143,4PU9IRRX5II7AO8PX,17315.54
1498,2025-07-19,1671,169,BW0QX9JH69SEH2PKI,22502.33
1499,2025-08-24,1822,130,FX9OED9V8UQXO6WG8,30339.39
1500,2025-12-28,1021,13,YC0SJ7X45VNOBEKDI,9920.79
1501,2025-04-08,1782,166,BGXHHZZ98HHRLVLXF,28812.09
1502,2026-04-08,1520,38,E6SVYBP3BENLAZPYK,20670.81
1503,2025-09-08,928,34,NN0UYXSMD7ACX76V9,18880.32
1504,2025-06-06,1866,16,ZG45Y03G2CLJFUI30,24755.41
1505,2025-12-03,1435,92,HXWCTXOQY9O7B8E8G,12102.87
1506,2025-10-16,129,7,LKHVYQ9B4JMW4B6RX,21788.06
1507,2025-12-13,1064,169,M5F2BQWLUOX1FWP4O,11984.9
1508,2025-12-30,365,187,LFSMCY257JUFXM9N5,9361.36
1509,2025-04-20,655,119,FG185JNRYSM1FXDY8,8754.5
1510,2025-03-17,872,7,TPKDZ67WHV16KLWCP,13352.1
1511,2025-11-04,1418,32,BXBHRAEF51CZXQ5YN,28194.31
1512,2026-02-09,816,136,EEFSAJMOQL5EN2BI3,17790.12
1513,2025-02-28,1013,43,GVIFCUI4DE7UC22Y9,25495.36
1514,2025-07-13,1453,40,QHTO5P6U4ZVEE04R5,6257.2
1515,2026-01-19,55,154,V0A6KJQCGFIG6RAJA,9198.63
1516,2025-07-10,262,185,HTIJQ3JTQUI974PZV,15106.01
1517,2026-03-31,1351,175,T49DRI92SOBAL3PJO,13429.4
1518,2025-03-31,347,39,I1AUSW4TULMEH4HIT,16007.43
1519,2025-08-29,465,180,URQCQLK470UN0MXYO,24194.85
1520,2025-11-22,357,1,OXEEINIWAO8MMUNCZ,6978.3
1521,2026-01-03,1421,57,4KNM5SMLQ1YL77JGJ,17438.64
1522,2025-03-22,465,109,KYCA0QECWY40MK1CG,8678.38
1523,2025-09-12,814,24,BEX486KP7GW095KZK,20833.17
1524,2025-11-21,1020,31,P96HZMIZSIXJPOIX7,10923.71
1525,2025-08-05,205,91,M4LQ82LX5X9L5RHTM,18332.26
1526,2025-10-25,456,143,ARHHPQKI4795MB909,5722.2
1527,2025-03-01,1974,127,G6DL80JFUSLC40VLL,27994.95
1528,2026-01-12,1561,68,SJXKLA1PFU9F4Y1FG,22160.12
1529,2025-08-09,980,52,MUACFWI0BTVWQIMK2,31247.54
1530,2025-03-30,430,56,OL70LVE9KDDR1OJ3W,10245.68
1531,2026-01-14,1042,5,3W80GJJ5H01RSYPDI,32820.55
1532,2025-04-03,709,144,MLRIHZQKILLG00R9V,17487.87
1533,2026-01-17,1671,171,QSQ0N4LKEUCST5QH1,19945.01
1534,2025-04-19,366,188,1NUAG6Y9HNVW5JJQ1,16861.33
1535,2025-02-13,773,47,2JOV6PXGX4OWCYOX1,13800.09
1536,2025-07-06,433,96,Y390OQ0SPIR64DJNW,9112.16
1537,2026-03-17,1838,163,4ICL2D7EYP5FYNNW5,22067.66
1538,2025-02-18,1752,166,TVBSVF0MAET73PUE8,19267.62
1539,2025-09-23,565,27,EL2YMHC53C4SXFJSJ,24638.29
1540,2026-03-29,1145,79,M56QI2X06NR7POW6F,26313.41
1541,2025-04-01,28,169,SE0Z67HM6OD9944TP,19586.4
1542,2025-07-31,358,103,GM70E1Y12DNKF1HID,19062.61
1543,2025-05-12,1170,185,OQBOD7T6U4AXI1OCY,9871.91
1544,2025-02-16,643,188,CCT7TVI0QLX1PL4G4,26205.74
1545,2025-02-07,741,82,UWJ2BCRUX1GALDGG2,17247.34
1546,2025-04-14,1919,161,5P4Q9SZTSWOMQJU4N,15995.69
1547,2025-02-28,877,185,KV73H807E8LN97HFD,24530.11
1548,2025-12-25,701,85,NLRTEH3SSYRMMV00Y,11196.7
1549,2026-01-19,770,152,T8ND5SZAM59JJ5W5J,9099.19
1550,2025-10-22,1018,92,P807V5CXF51GF8ZFL,11752.12
1551,2025-08-25,2000,41,S3VBCKBM4OCPA1RTU,6588.88
1552,2026-01-23,1356,23,4A02XJ5IF3B3XRCC4,18659.82
1553,2025-04-28,1171,63,2RD92DH4A57DRSURH,19915.63
1554,2025-11-28,827,119,S8QLWR5T7R3ROIAQ0,12455.81
1555,2025-08-10,75,145,SRLTFLAM9VCE03515,7617.74
1556,2025-05-05,152,43,QGN90PO2Z8NV7L38R,15717.47
1557,2025-04-19,271,113,E88EW1GLW0HENVT59,27718.24
1558,2026-01-06,1182,136,VVI0N5ZUNBLFPA11X,14015.9
1559,2025-10-20,861,91,SJE8MTL2Y73VPFNF9,19880.05
1560,2025-05-01,1927,162,4KE5A4XUXVIVPO4EK,19829.18
1561,2025-11-19,188,162,5VS77Q3WV1WOT6N40,25682.11
1562,2025-04-21,64,132,V4PH0ZWMH4D19CZBR,33222.7
1563,2025-11-07,1305,86,NC1RKXB82Y6E4EB32,21067.15
1564,2025-02-07,325,31,U7WNGJFMOUTT5TOAV,9016.7
1565,2025-07-27,558,73,6H7W3HKSUETL7T8P0,18381.75
1566,2025-10-29,951,102,XRRB26ABA9WM64ZY4,26028.69
1567,2025-09-26,822,77,FAS6MQCSUIH542B89,12859.96
1568,2025-06-22,1813,23,Y6640X7PHTOS2EX2W,12662.37
1569,2025-07-11,874,177,K7JFADFPPQG87Y2C3,29210.95
1570,2025-01-31,48,105,QO19BM5UXYUDP3S0R,25479.37
1571,2026-01-28,791,70,MBP365W3GZEBFYC9N,20555
1572,2025-03-12,1808,163,409FX22M5U30OLI44,33250.95
1573,2025-03-26,1166,179,LB2XQSCRTETY5U0S1,15414.83
1574,2025-02-09,1423,95,LBNRR0EON0TFHJ9N7,9754.01
1575,2025-04-16,754,90,QAVLV3B96IX5HTZQ5,12130.6
1576,2025-04-07,948,106,TZNYG5K2WLBU19RYG,6017.73
1577,2025-11-25,594,135,XOLOZFUF6SIF8XRRN,30761.86
1578,2025-11-02,1564,86,M32H6TJUMEH69AM77,21227.35
1579,2026-01-31,454,79,175VBSVHRE82NZD0X,5870.91
1580,2026-02-24,1837,79,72G703LSMLNUYJ1ZG,18395.05
1581,2025-11-22,497,181,VXKOG73GW0MHU3G9C,19402.23
1582,2025-06-05,1185,116,IHU6646S4UHU4TYBB,27185.53
1583,2025-08-12,541,5,ZGR380H28YONJ3YBD,25184.45
1584,2026-03-19,1347,180,RU6E24OUCB0PJO6RQ,14118.66
1585,2025-11-20,1481,123,Q3IPNQRDLT9L1ZWV6,9165.53
1586,2025-11-05,1371,137,K2631CQKJ2G2BT8WW,27417.65
1587,2025-06-02,205,64,WSY3T1ZSQCG03IY5W,26065.87
1588,2026-02-08,1170,115,ULWV5CWB4NAM3F9TB,7049.44
1589,2026-02-08,89,123,CJESO2IRHHEQNEEZF,18953.26
1590,2025-10-07,713,50,EYO5NPD2DP7WFV9L3,20008.8
1591,2026-03-30,1593,33,K55WCSK6OBBF1V3US,22711.38
1592,2025-08-24,1738,78,J9U79QE5UXXWNRJ31,17765.96
1593,2026-01-20,1252,58,SN0IKVOEBQFEKE5GI,9795.1
1594,2026-01-27,1792,92,QXV218KOJKFYLT3BA,35850.9
1595,2025-09-08,683,101,40KWWA0RQK7HLCMSX,14550.54
1596,2025-07-03,1193,87,2BCLUWPZ75JBAYIVI,12249.65
1597,2025-02-08,1813,53,5ZQAKMGS6FGQ955SC,7896.38
1598,2025-04-22,1698,105,9HAQ241KGF2WBC6J5,13731.17
1599,2026-01-15,1187,107,FO5N5XX4KYP7558RT,17730.4
1600,2026-03-01,1348,102,IN01K0EPRKHCEZW7Y,13728.69
1601,2026-03-16,58,9,YS735AF52WWWZTXTV,17209.83
1602,2025-12-14,643,182,HEKSES1YAK5M65F2M,34754.48
1603,2025-12-20,1992,125,OD8RRVR5C3TBU9A9J,6795.28
1604,2025-05-29,386,10,KOR7HT132Q04QV9AN,11399.93
1605,2025-05-11,1099,94,OYLCUYI20F6H7FW98,10779.81
1606,2025-06-07,865,101,L34YMX9JIF8N23VVO,17929.8
1607,2025-04-03,1278,60,U3DH88G6ZU8HXJ6WY,10257.61
1608,2025-01-20,471,6,6GFE77VUC61DS49QI,13628.18
1609,2025-09-11,904,18,WP5P9KBMXBF4M424Y,20405.64
1610,2025-12-24,1846,110,4ALOJFT8EC7I15S2H,16875.96
1611,2025-11-23,712,193,X9ESBLV7YDDK2ECRM,15148.02
1612,2025-02-13,356,72,24PM6TKDMIYHR5HE0,17911.76
1613,2025-05-13,1505,149,8JHGWSK6D37UHOYDL,21600.4
1614,2025-01-29,444,70,SBG6MB31THPDUAIEL,15729.4
1615,2026-02-28,1191,190,J7IRQ32PFQM4WV1W6,22008.56
1616,2025-04-08,1356,34,VHM94HJMCGVO1HGS4,6599.04
1617,2025-02-13,900,185,069IT87ANDR4DYXK3,13847.92
1618,2025-10-21,948,187,JI9CUIG655H07M12E,5820.28
1619,2025-09-15,1316,163,W844X8LNXNX9YAS78,8343.02
1620,2026-04-01,375,68,SU2X07Q5FIP5Q8AS7,21529.86
1621,2025-05-11,1100,113,6Y856AHBMPFVJIGVH,12637.19
1622,2025-09-12,1289,38,T2ST460QKNWIHL38B,27182.95
1623,2025-11-17,83,150,3BPC7Y55FMXH6L4BB,15370.08
1624,2025-10-15,578,183,8GFYWTG0BNR8E7T1F,33933.68
1625,2025-05-21,995,64,P5L6CSDQ3D81WEON8,28345.61
1626,2026-02-12,1927,20,ETNPHPAOLCO9IZ43U,22176.48
1627,2025-02-28,97,31,HY5NAVXSB2TRKVHP7,13752.97
1628,2025-05-15,1428,89,HB5CSJIRAVHAO70AV,19810.74
1629,2025-02-21,931,13,FARWYZ9SVU8ZYN73O,19614.29
1630,2025-12-03,1910,58,RUU6YC1D7PQ2JNX2F,27352.32
1631,2025-04-16,1226,82,3ZIC6FUU3PSQY4101,8950.38
1632,2026-02-10,225,127,8NYASUWZZKJLCJK23,14711.43
1633,2025-05-25,512,57,OZRQCYDWV55MHGU6T,23182.13
1634,2025-12-28,657,176,V06KVH3AH0WZREF75,12687.56
1635,2025-04-23,1862,50,FQ2LLO9VO8QQF50TD,14281.46
1636,2025-10-18,1673,51,KPRGYY2R4IR15GY5C,31028.37
1637,2025-09-29,1722,133,CH2WBSCYLC7I6HSX5,14711.1
1638,2026-03-31,767,158,S4PPBS7IZ2A7PI935,25432.99
1639,2025-09-01,1018,66,DR50B72Q23EV6JFOX,12357.14
1640,2025-04-18,814,110,H1QQLJU27KSZA029F,36721.8
1641,2025-07-17,1162,40,0BA51RMNVP0XC52CE,17263.44
1642,2025-07-12,1112,22,FU1TA7WJYVMA2B7QK,29780.21
1643,2025-01-29,1340,95,BCI1VN4MDZY5691F2,9826.25
1644,2026-04-02,1956,197,YOKUPUR4ZQFYGJ3DD,8501.08
1645,2025-12-21,1436,149,UQJ90KZQ5NYWA604U,11499.76
1646,2025-04-03,1323,105,R2SN7XRX4AH1PIPMV,13260.06
1647,2025-06-15,1361,196,XL2ECCDPTPXA6ADQH,21053.86
1648,2025-11-30,1054,7,TVRM9ARPXDNBT9CSE,10714.23
1649,2025-03-05,399,53,FS1U0K01FP12JOG70,13545.98
1650,2025-12-16,1103,195,S0BC3BS1LFMPDLCXN,19763.25
1651,2026-03-27,1743,58,85CRXV7BPI4XPFI4X,23964.48
1652,2025-04-15,1742,39,O39UA2JK6XHAWSNF5,7568.14
1653,2025-02-23,763,192,K622J5MTAJ51Q3TRF,10063.89
1654,2025-03-13,1457,96,4LYYQ4ZXD01KEZXQK,10731.2
1655,2025-08-08,611,3,WOY4TDN89Y66V5BCM,23478.81
1656,2026-03-19,1714,173,B4K4OY3MKKTNPPK3O,6900.11
1657,2025-07-01,1590,189,7CV0CMW8CA36NQOE9,8788.86
1658,2026-04-05,818,192,Y5ZSV6XFT4XP2OJEG,5611.97
1659,2025-08-25,1484,34,CXR33YWN638ID8E75,13746.41
1660,2025-04-17,229,157,C908GVIJISAMVEM3Q,20152.28
1661,2026-03-05,297,46,VVES6AWPGEKOR2F3R,13917.58
1662,2025-06-09,335,157,AZ5CHG3FS95W67Y6T,8541.94
1663,2025-09-13,1767,158,F4DW356LQV203KO8M,9399.89
1664,2026-02-08,833,151,MEO5P6QNAT5UV2GR3,36725.03
1665,2025-03-12,1507,141,SNUM1S08HBV9AJNTF,13950.34
1666,2026-04-08,885,109,NWFOTE3K0P8TVSPVQ,14024.09
1667,2025-04-25,1532,42,X3ZU5BP3BD3JUFDUI,17044.62
1668,2026-03-05,368,70,J5TX81MP15R8K5SFW,8485.59
1669,2025-07-15,1133,177,5RFQIUDYMJJKIJCAE,7402.17
1670,2026-03-05,1262,44,R78VB9KAJN4RSL1II,19331.02
1671,2025-02-14,924,102,VLTL5RO0KAGEM0KLM,13936.67
1672,2026-02-06,894,63,IQMAE1FGNNHQEJDQD,14789.58
1673,2025-08-11,1844,192,ATY7BV992C0HWUZW7,12850.01
1674,2025-12-06,234,162,GP15BGW3TSI3ST0Z0,11851.96
1675,2025-09-04,215,64,21BIFDOQ8TBLRH73R,20997.1
1676,2025-04-04,1360,130,JWGXAAO72ZRVDTBA6,19442.37
1677,2026-03-25,1041,188,C14U2L76CRAWXV6QR,16594.82
1678,2026-01-27,1229,187,IZV4CAAPW1G5GY8SM,20625.7
1679,2025-06-30,1451,196,MB59UP3DHAU9N5ER2,11489.31
1680,2025-08-19,1548,162,I45G3UXCNOV0L8HPN,10969.72
1681,2025-01-18,1301,138,06JZ8WUTXXOWC1WH0,14711.2
1682,2025-02-22,1273,33,YA6OKHJI57YH6HRXF,12027.01
1683,2025-10-15,1318,64,DNNPMHHQ1ZZK4AYQ9,8959.36
1684,2025-12-19,1019,46,G0YFV1G9YR2RLZAX2,14296.6
1685,2026-01-16,1684,188,D5RH3L5S88AX3V68E,17304.42
1686,2025-07-22,1426,103,HIUGH7FMKJKAEB4B3,17992.19
1687,2025-06-21,1264,130,WNIE1Y4TZFI29ZK7P,28924.68
1688,2025-08-25,1287,163,C5E31UMUS055M6OBB,13349.84
1689,2026-01-27,611,35,4FR4VV9D1HNBA0R5I,6790.19
1690,2025-09-15,293,196,8CUH1IN0PS47BHND6,23336.28
1691,2025-06-19,129,196,H8VSQ9C8KOO8UJ6YX,7696.31
1692,2025-10-25,1602,153,ETXGU0EW4VCG2JQX4,6592.03
1693,2025-09-26,523,144,37E4H3W8DQTNXLFIP,16329.17
1694,2025-10-02,397,156,1STP5MAZ75ZE9C4I5,20035.55
1695,2025-03-13,842,119,5UGCKRK4UKNJGITGV,8856.28
1696,2025-12-03,704,53,JS1EWV7HMLUFI7UVI,20016.04
1697,2025-10-15,219,98,GYIOES71VXBTRD1XT,16923.34
1698,2025-01-29,544,75,KFJYESDYOC8JHDDS8,16925.65
1699,2025-11-20,342,170,BASL25AX9E0JHZPI7,25136.03
1700,2025-08-07,594,142,95SF3B4XRN4XMA1IG,7843.17
1701,2025-06-02,1095,65,NFQERJ2ERI29W7DD3,6936.76
1702,2026-02-13,454,1,3WQS9K7706O5N9Z60,17983.69
1703,2025-07-02,989,79,ZKHHAQSEMPTYKI8CK,10024.18
1704,2025-10-25,712,107,67ZL59040TBVJE23Y,15901.33
1705,2025-01-21,97,1,ATF0WCLCVTZIH6LVT,12661.47
1706,2025-07-10,1475,100,I7JDQ1P3HS598DQPL,10908.5
1707,2026-02-17,1222,92,4VZIH8WRXBLRTYEH8,12864.41
1708,2025-07-17,794,75,CTWCCX0ZNZ8YX08WU,16558.1
1709,2026-01-19,1869,5,FT3KSV6225IZVRRQB,9479.35
1710,2026-04-09,1317,9,QZKRPU29U2IOIN08J,22945.57
1711,2025-02-08,473,70,2ALIQ1HDKHXBQ7I1U,10016.17
1712,2025-05-24,270,154,5I04UOTCK3HDHU8YK,11129.89
1713,2025-09-19,562,171,BOGQ4F1DD394B5G90,7653.74
1714,2025-09-16,281,81,5MS6XQFRYR88EAI0R,32381.38
1715,2026-03-28,371,32,4VQSP3P9VA188HAR6,15960.19
1716,2025-05-15,442,163,H4SMGKHPPFLVE9UB9,6327.95
1717,2025-05-27,1022,79,1J169AMFZYBNTF2DI,16882.34
1718,2025-06-30,763,153,ZQD0XBINKR6BPX0NQ,15424.09
1719,2025-06-24,13,126,4KRXJ6G05U4J1O1LB,15699.63
1720,2025-05-06,209,43,HOTX8ZQV8PH3JF5QH,26668.53
1721,2025-05-22,808,33,YSBJP1IN7L6E0HRIR,13194.32
1722,2025-03-02,1906,18,UWE18PUVKJASWOOWH,11397.56
1723,2025-09-09,1014,41,J8P5O408IHNO46TBJ,8354.45
1724,2026-01-24,505,159,S35H633U7LAXLM3XX,22409.78
1725,2025-10-25,666,44,Y8OK5986QRWG0V61O,9636.68
1726,2025-06-20,349,175,MTY6UK3YACVL73ADR,11517.17
1727,2025-08-10,237,129,W1Q1VTNAWXJ91VCWD,15316.77
1728,2025-11-25,173,115,7Q9EVZC83L55D85K4,7615.51
1729,2025-02-10,1084,164,5TSCTNBXHHBU4F810,28848.49
1730,2025-05-27,918,117,EXQLUV95473A3HW0L,9661.83
1731,2025-05-12,1567,94,HW1MAA5HO153E5KJI,11878.13
1732,2026-04-07,1084,188,GM4TFLL2WWE85ZWZO,28774.73
1733,2026-03-17,1617,119,E5EWYU7ZAPRR5K0CY,20111.77
1734,2025-06-17,1439,147,3DXC2TE30L3HCGK1L,15020.22
1735,2025-01-30,456,50,T6RP0OP18MZYRGQ6G,22547.93
1736,2025-12-19,436,84,XQ9XFQ7GC8F9LKBWN,6377.61
1737,2026-02-20,1049,13,AR8XJXDE2Z65PYPNL,12452.4
1738,2025-02-28,1506,123,UWA0Q7CMPXQ6VMV58,10818.28
1739,2025-11-14,1657,102,C5ZC4U18NFVX625Z4,14331.53
1740,2026-03-07,812,35,3L7YN021J5GYIA92P,8159
1741,2025-11-05,1200,8,JCLZ6ONP0WNCO616H,18966.58
1742,2025-02-08,1091,153,B4W5Y69IOZNTO74BQ,6204.86
1743,2025-12-31,1452,88,YZWNS8Q1RNV9OM8I6,15978.08
1744,2025-06-12,1853,74,EBCN5S70G0B43PB4A,26869.56
1745,2025-10-05,1591,133,L95OZA97G14KJKMHR,18362.8
1746,2026-03-20,1373,158,09WHUJTIMNQG8CYG9,19392.31
1747,2026-02-15,1823,126,CH1C2U389M3TGZRX9,25384.81
1748,2026-02-05,1065,33,9XZ9X71TD6C31I2S9,26550.23
1749,2025-11-14,106,46,1G1S6GPXZ27CSB45B,26860.59
1750,2025-10-12,1107,49,TXGQS1AYGAPJ4UKY2,19758.76
1751,2025-07-02,1538,149,XFMMKCRODLNC207IM,6726.51
1752,2026-02-23,545,53,3DVIRMZJGR0QN32FF,20677.94
1753,2025-03-09,170,47,0YFW2PWSFEQ9Q6CH8,15936.5
1754,2025-09-29,700,193,I6XRMAPW7B4GT39B5,8502.09
1755,2025-03-14,1588,21,X0CJWK0DSAHDD17B7,8103.18
1756,2025-09-23,1709,138,W90FMTY0KXKA7T9GH,8028.61
1757,2025-01-26,1512,159,NZIHOJXQB6X5VADYM,15242.75
1758,2026-03-22,1475,147,37J6OFSEUI283PO21,20966.03
1759,2025-08-30,959,148,7QHYG9FF6PCZYTC9D,23437.19
1760,2026-04-01,871,109,U00TOJSOWAPQ9ZT2N,33829.33
1761,2026-03-12,1617,96,HSWNUAOYO5D3HG90T,7759.23
1762,2026-01-19,952,192,JHD27FBPDVZT9AGO2,12131.52
1763,2025-06-27,400,33,AGWAK4D5XNMCEE9WB,18720.35
1764,2025-02-05,1176,16,W8T9SWFHB8RLCAZYN,35423.43
1765,2025-03-07,1753,129,FAVZNI6T03FPKL1CO,28772.97
1766,2025-04-30,821,18,3TKA7NCJR0ICTD44N,27595.59
1767,2025-08-08,1164,63,BHDPENMWO7J9WMPK3,10702.89
1768,2025-11-27,124,181,8319CROZDF81DZVMM,6978.22
1769,2025-02-28,1333,86,I5C4IJ7MZR7GR4E7G,21271.52
1770,2025-12-28,1257,11,6GKIDUQCLIYL5GLX2,14119.38
1771,2025-05-17,966,125,5ZHOHW806OZD32VPT,8448.8
1772,2025-12-13,775,105,NUKU9H2HE2D8QJ03P,11037.43
1773,2025-04-29,686,138,A2EQL92LKXDDH3OA4,17967.53
1774,2025-04-21,1371,144,683PJ1SWOJCNJ8DI8,31320.86
1775,2025-08-17,428,109,NHUXDE1S93BAQKC5X,15720.79
1776,2026-02-05,1186,59,0GCQ8CGYNK2Z19Y3W,21727.97
1777,2025-01-26,1179,106,9L3LFAHZLC5M7HDEA,23257.05
1778,2025-12-18,1762,156,Y9YJVYAECCOB5RTYF,15002.39
1779,2025-11-02,356,45,9C3AWLEFXCJ9BOT42,6661.82
1780,2025-06-06,1923,158,6UAEEL1PWE38SEIXS,15303.42
1781,2025-06-27,1546,90,785LM7DAVEK9PFA9U,10121.22
1782,2025-05-16,1703,197,P2OM3I5G2A3W743S1,9141.47
1783,2025-03-25,1733,126,TTAE6KENJFSD55CG5,24830.41
1784,2025-10-25,1966,144,DB4P9CVP1SXSLU5XJ,11084.2
1785,2025-07-30,1719,70,63HXM9ORBC46JF215,13930.92
1786,2026-02-08,1071,17,4VCPTK8ADWZFL30XS,9250.43
1787,2025-08-29,1336,192,TN5BA26W30J9JTXT4,17722.39
1788,2025-09-15,921,4,0U8DLLK18ZP9BRYAS,12096.41
1789,2025-03-13,1930,90,HMAVGFJFUV103HSHY,17783.2
1790,2025-02-27,1252,9,ETHEN25XSVF9LMEPK,8902.45
1791,2025-05-05,327,70,OA9O2Y9FXH3B9HYFC,13198.04
1792,2025-10-24,1318,20,XQZHSYR49HPEOMJYB,10196.87
1793,2025-11-26,634,26,UE8G0TJ0WA2DENOF2,23855.69
1794,2025-06-12,29,68,01UHJTAMKEKP4QR0A,10531.14
1795,2025-08-17,205,28,N1VSQ51UFZ5I8NQJO,19149.35
1796,2025-06-20,784,135,G52SFJBIMT7MIKD9M,27334.55
1797,2025-02-09,973,4,VXD54ZT53OZWF7AB7,20072.92
1798,2025-03-25,144,147,I7PAZLR3I8FN375EJ,15564.26
1799,2025-07-07,953,122,TBJW6RUNLSIL8TR4M,11225.81
1800,2025-01-21,54,119,WSPA4GE11T1WJ5ZCG,18656.55
1801,2025-04-12,329,24,3K78FGQSOSG862EF5,19001.67
1802,2026-01-30,1044,121,BFSJIWS709C8G89AJ,11899.89
1803,2025-09-25,292,48,EUONQL6V3M2C47GOT,10247.31
1804,2026-01-13,1585,72,PHNC7MZ3VKSDAC165,30533.69
1805,2025-03-30,1690,58,0TQJ68M523V5HBZA4,14696.11
1806,2025-03-23,377,93,JDPU56YHHERK4BVU8,7817.05
1807,2025-11-11,553,194,02OORKP5SU5WLBP7E,25580.01
1808,2025-11-09,557,79,6YNXRKQ34XL95J8WC,5520.42
1809,2025-04-17,770,158,10RI4Q8XASW4ID63B,19916.68
1810,2025-07-14,647,25,L1CANG56AQULYGYEH,26096.1
1811,2026-01-04,736,150,YKNIRPGV8CK4CTE4M,25353.35
1812,2025-02-02,270,28,VKW1PSTFYJI15T6IE,12321.56
1813,2025-10-05,1382,108,UZ3FC76QXB0X3NFMR,26366.34
1814,2025-06-01,1045,112,I15651JEFGH14MSJB,6556.06
1815,2025-10-12,841,82,P7S954TXRMWONWXWC,15693.74
1816,2025-03-31,1464,3,ZYPPOD2MBVITU2JVW,14941.54
1817,2026-01-22,1007,176,4X4QOPPAIUKZV5MB6,16050.45
1818,2026-04-03,30,92,XKVOPTFX9MCA7A3CD,7785.81
1819,2025-05-22,1625,75,KM27E1ZJQ4VYK462P,5679.68
1820,2025-08-09,929,62,22JM8UUZN26D3TFSS,9375.87
1821,2025-11-01,1543,190,2944X3GNMAVMLBRB2,22260.37
1822,2025-11-12,1055,71,SE3790G2XAE1VJ81O,13170.54
1823,2025-03-05,1072,22,O6F4ZTPKTK7756K2M,14741.91
1824,2025-10-26,1323,95,CGPVOEVAWCQDHDY0E,14974.19
1825,2026-03-03,633,39,XJ0T2I97ULXGTRQSK,16840.45
1826,2026-03-25,1362,4,NO1IXXV7BTHFMFWLU,18153.52
1827,2025-08-10,885,114,KO64MFILLBC9Q8I5N,10709.69
1828,2025-03-04,120,141,H7MPZCO0UDVABL5Q3,10837.2
1829,2026-03-05,286,181,CRABE3YVOHIBHZJTB,7235.25
1830,2025-04-02,1886,36,L700R5DJU9XNDQ5MV,8919.13
1831,2025-01-15,306,101,YUMWVDNI6W0EUA86J,6302.17
1832,2025-03-15,1407,108,F4II1CR31G3V6BHRT,15446.7
1833,2026-02-21,1294,84,J0XS3ZS4946NYH4HD,15222.6
1834,2026-01-20,1801,191,6113NA95FJJ3U3Z61,22449.57
1835,2026-01-26,1895,161,E8Z5WS7ALYQI8K791,26494.5
1836,2025-06-30,460,198,UQWTJA93V06PE8VS1,19071.07
1837,2025-04-15,1831,37,JRSU3CYXV8W8214QH,10378
1838,2025-01-18,750,128,I9LS1ZAV56R8BKD1C,17817.64
1839,2025-05-27,482,90,BJJK6WBWPKJ0L9HK6,30319.48
1840,2025-06-26,1551,26,0BML27ITB7DMZCUAJ,14586.99
1841,2025-09-06,1369,47,RTCAQXGHG5TC9G70M,27783.92
1842,2026-01-07,1604,103,QPZYVAXDPLITBKKMK,15502.56
1843,2025-02-23,1959,160,L7LI40POMUQ9DBWB4,15945.59
1844,2025-06-02,1619,160,DROGUXINCHKW96DUP,17538.66
1845,2025-05-01,741,4,CDD3VXIA7S2SK97B9,8275.61
1846,2025-03-30,258,61,36C61W4H2G1BH4JQ6,5947.49
1847,2025-06-21,1487,108,12W624KGQFZJIFDAS,13745.08
1848,2025-08-24,1728,65,7O8P3TDC9TO7S0KLB,10168.8
1849,2026-01-13,1255,127,ZHCFEBVNBASV2WCDC,22278.29
1850,2025-10-23,165,136,UTRIBWMIMTF9IQTKO,14700.27
1851,2026-03-01,860,138,FEWGGWOJNZMEOT0CM,14567.54
1852,2025-04-18,187,42,VM2FGTVJOOL6YGLLE,7876.36
1853,2025-03-16,1451,103,5J6RW1H56KA678901,33386.37
1854,2025-05-17,1018,37,SVFFB46GA90N0BDCF,21007.48
1855,2025-02-13,415,42,66WB3BLTD8SULKWVQ,28871.2
1856,2025-10-23,1696,152,ILDW29CES6G0WNJ4F,20492.9
1857,2025-02-25,184,71,A52QCZCLRZC7NXOQA,27048.98
1858,2025-08-15,94,200,ECW1W8CEPY4V2GYDV,19169.31
1859,2025-07-15,1401,184,XVXZ6ILF9PSKJOUGK,8392.04
1860,2026-01-31,8,121,0OUJVBAM5F6GE775J,12022.84
1861,2025-08-15,217,110,778UOQ6W4MT40H3GJ,6018.59
1862,2025-10-04,228,200,3QY6GJ8GLHNTITEW9,15998.32
1863,2025-03-17,1097,51,9P0KDMRSDR5IQ32KS,21083.91
1864,2025-02-04,917,108,BUJQCKHPWH18YK755,26190.92
1865,2026-04-04,601,50,Q0GSV6O2TKGSSPT9J,8775.05
1866,2025-03-15,1718,105,RRYKHA51UCPJ4SDI8,6635.29
1867,2025-05-03,1440,192,SN7FD1DP58A6ODED3,8125.28
1868,2025-06-11,1110,75,UJ01GWIZSJOQPX02B,28299
1869,2026-02-09,1654,183,YGNXSJACGJKQN0GFK,6164.44
1870,2025-05-13,1368,158,7ICME7MYL4OVVH3GL,11721.98
1871,2025-05-27,1575,40,FFNSO94JHGNA76P77,6748.71
1872,2025-03-18,656,121,QVER1U8SWJ2C4PYJT,30288.32
1873,2025-03-24,480,152,YR8AKHCQFQ4SD7UGD,9063.55
1874,2025-06-15,1612,75,KIQG35AJW4WK1INDP,6222.91
1875,2025-09-07,417,16,3NWR577PO69L1PM3O,17291.29
1876,2025-12-09,1542,59,9RPFSOL4AO3M9RZ4W,6560.61
1877,2025-06-21,468,136,51D07UE221UWCIRRL,15106.95
1878,2025-08-29,608,19,PUWYMEQHMWVOXUNCU,22472.59
1879,2025-10-06,1708,77,16ISJ1BHHX8R63QDJ,23290.5
1880,2025-03-25,22,115,V0GZ53YJK5B0YWZYX,5815.52
1881,2025-09-15,856,178,K44VWUWPGP7VT0YF4,16135.15
1882,2025-07-05,1598,95,JYX5RPSN5N1ZKQPWZ,12078.23
1883,2025-01-18,711,7,SLCH835DF01QNE5AR,15093.99
1884,2026-03-18,1237,198,D29JPCDJ0Z6258QSZ,19933.25
1885,2025-12-16,1512,83,HQMFJ8ORQGQUV8CPC,7686.28
1886,2025-09-28,1220,119,17ACZTMYYT8SGKD6C,11420.99
1887,2025-02-23,1202,181,WKS2QJTEEWQGB2YLZ,12585.85
1888,2025-05-02,1762,104,TYRZWE4KZJ0C07BSV,33639.17
1889,2025-04-17,123,181,X5C5DEODGO7NSI29C,11237.8
1890,2025-11-21,248,126,1TTYKMBGP0ENQIHSQ,5933.57
1891,2026-03-19,1132,104,YUIENC5URW7TA9L26,20564.28
1892,2025-07-25,360,27,4MATL63TQWN7LM0AM,9326.46
1893,2025-04-20,61,47,13G4Z13P78TVIH5WI,15028.32
1894,2025-05-31,378,174,R18B6P0DZ4AEF9K04,12896.57
1895,2025-01-20,1928,9,KQ9W2RRZA2V86AB2C,17658.14
1896,2026-03-27,232,113,5AGO4GXN9CD5HV0UM,20714.82
1897,2025-05-18,1876,143,RK98L39YEUO7WLW6M,27651.74
1898,2025-10-23,666,28,G7RWCD7X3QVG6RNR8,15496.5
1899,2025-11-04,242,100,I9STBOFS4N1HDGURR,25698.55
1900,2025-08-05,1323,85,QY2WOGGIMAF0MEA2X,9320.2
1901,2025-04-30,1205,126,DSLR5IBXFBMTOACLR,10416.78
1902,2025-07-20,1544,106,6UJCJJGC5450WFQ0E,8422.48
1903,2025-02-06,1118,3,S2FA5AZQVHGCFGVGO,16475.38
1904,2025-02-01,463,104,V3H52SLDDMIGXRRC4,10920.54
1905,2025-10-25,1656,144,X4ZGN4BZ5QVLMEFUN,27623.77
1906,2026-02-01,1517,138,51H4XSJU3LYQG8B5D,6011.31
1907,2025-11-17,805,81,TW1T10IKWX9R93WMP,18104.87
1908,2025-09-01,701,160,U9L9CDP6VUW8X9YUQ,8977.71
1909,2025-08-19,1751,71,1BXOUHA7D0FXFZSB4,18358.12
1910,2025-07-15,1416,59,M88XJZ1Q9HZDXOICL,10067.16
1911,2025-02-09,1060,114,788J6HXDFLLOJ24WD,14037.13
1912,2025-12-26,659,180,591VELOBY2NS0UCI4,9399.78
1913,2025-01-18,620,198,TZST1947XJTZB922K,12092.94
1914,2026-04-06,1265,15,X4GTXAG11IXSXRYHF,15414.31
1915,2025-05-05,1766,200,04CTMX45VFE2N5TKI,21483.01
1916,2025-08-16,808,44,UTJWZNOC99HG3F9ED,14761.07
1917,2025-08-12,817,1,6RENT2A8NTGAA04QZ,18815.58
1918,2026-01-27,1558,22,BCIGP3Y4ZAHF9GO5U,17144.23
1919,2025-11-28,364,35,WUP1JSMT0JXN3041B,7934.89
1920,2025-08-07,576,103,9VJS11HO42QQOHN1L,12266.38
1921,2025-07-15,22,4,M114FIY3WFLDRIBAT,23971.05
1922,2025-04-27,556,109,99IP98NX0N9EZ4IFU,16039.6
1923,2025-01-31,865,178,PNGXCNMYA6DM93X52,14812.18
1924,2025-02-07,1677,72,YDNIXA327USBEICDU,7596.83
1925,2025-05-31,160,197,EWFTEQCWPNEO09OVG,17180.18
1926,2026-04-07,601,198,ABNWYNESMJAF85DUQ,28150.11
1927,2026-01-21,571,61,5290QAUFDI8TSHA77,18466.12
1928,2025-12-28,1796,100,JK2N6Z8RC12WLC8OE,31926.96
1929,2025-01-25,595,61,FA90C3XF6IHCM5S7L,15723.96
1930,2025-03-17,1123,35,VEAS0ITL12PD2Z1EK,9493.55
1931,2025-10-02,1326,130,CZBZCZ5JK954RAJP2,14662.69
1932,2025-09-29,1557,85,D7DVFFZ48XB40FYZU,20420.31
1933,2025-04-11,1427,132,VGXEGCSX6640TAB0J,19597.53
1934,2026-03-23,1374,164,VQQOOGM8C7O05VXU2,20335.7
1935,2025-07-08,1679,138,XPT2IL3DG6IQC2T8Q,16445.13
1936,2025-07-22,530,156,59ZYCG0IF11X8WVMC,21366.25
1937,2025-12-28,1684,190,48XEMA6JZNRFDMOCG,6004.35
1938,2025-01-17,792,163,EOZ8JA0BY1TWWRW9P,20783.51
1939,2025-12-28,234,88,097R717FKISTCMRR6,19399.19
1940,2025-06-16,88,115,YAHAONOMGC0HVMKLM,5866.77
1941,2026-03-30,135,117,KJWIIIJF8V27PO89C,6377.26
1942,2025-10-11,669,193,OUK9K6HNFWDXE6KWH,34304.03
1943,2025-05-30,575,69,Y5PRA8Q3502JNS03H,20300.74
1944,2025-03-29,611,42,KDFHYVI40WB1PWW7L,30419.71
1945,2026-02-08,920,1,VM8JUQ016RXUT97FO,15001.08
1946,2025-06-06,1392,5,6GU9AVNJWC7SVN12J,17485.52
1947,2026-01-14,820,106,PYTLH84ELKV90O9QI,12040.66
1948,2026-02-18,889,4,CNPUTT63YJL2NCINK,5805.92
1949,2025-10-09,1941,65,2FNO0GHQJVYJOVZWZ,16189.85
1950,2025-06-16,102,168,I0SLUTDF8U33H44P7,16219.96
1951,2026-02-24,625,190,ODSJQEU7X0U9477ZZ,12430.98
1952,2025-03-16,35,53,LJ6U6KUHZJ11ZG65R,9586.79
1953,2025-10-07,375,60,D1UR4WB4E1WL4OS7M,30698.6
1954,2025-11-02,1926,199,ZWXOO3SE8KAREJRIP,24992.23
1955,2025-07-04,984,40,P256WEV8DUPO54JZS,14275.89
1956,2025-05-26,247,182,AO966Y05W749W70AQ,18069.71
1957,2025-12-09,348,19,W6QL5E8W8AZFUCT96,17524.63
1958,2025-07-04,1707,160,7YQ2I02S1PONJ9CAN,29211.79
1959,2025-09-07,83,49,U1F3LTZBFX2CS7USI,5761.64
1960,2025-01-15,1597,70,YORBQB0J8YWS6BXOR,30580.5
1961,2025-06-28,1834,116,TKY0I6W12PQ4ZRPHN,6238.58
1962,2025-05-22,1234,171,VYC5LNMEHFR2NMETR,7364.32
1963,2026-03-11,1115,142,MBAWAWKUMZ5DJOHV4,20085.06
1964,2025-01-25,1352,114,K8HLK5DQZ20BH76PV,23653.7
1965,2025-04-29,1480,61,GT5QPQK1NKMUGGHOU,21035.52
1966,2025-02-24,189,52,2YNWEIOQJMGSLAPK4,9310.59
1967,2025-08-11,271,105,ZTG18C1SR8LG5ZW39,11648.03
1968,2026-02-07,1181,97,IGSUBX7MIRTKYXCY7,28823.65
1969,2025-05-05,1202,12,2BMF6I1IECN6OUCRK,32475.89
1970,2025-12-29,1663,82,V9LI8UX0WEJC9O98O,12186.27
1971,2025-10-19,544,63,YNN18EL2MCRU963WW,5912.2
1972,2025-08-02,118,114,3GX1YG0IQ7LGE190M,21663.47
1973,2025-01-16,1468,101,RW1GZPJOZ8HU0P64H,24649.93
1974,2025-09-16,58,114,X9P2YCJT3CKTBEN8M,26759.94
1975,2025-12-20,731,163,K61V7996VU13472S2,15770.56
1976,2025-05-11,516,5,1NG243JH5ISREL302,16327.39
1977,2025-09-08,1529,130,NXLK0SJ53S0JVADBK,8963.34
1978,2025-02-10,792,135,6YYASAWTI3EBIGZSD,30091.71
1979,2025-05-23,1387,5,E8A0ZWT84PJM0K4ET,11454.97
1980,2026-03-21,1784,5,Z7A8C1SO3HZKE4Y23,10715.54
1981,2025-12-09,1065,102,H8T6W7XOH27DKY7ZR,26481.09
1982,2025-08-22,64,189,DMEGLPZ8PH8X912MM,20094.03
1983,2026-03-22,927,192,EX1FMD4I1E67R595O,5786.09
1984,2025-05-01,1779,31,I8NFF7EP1RK3K6UQU,18487.18
1985,2025-01-27,1939,120,LRMHSTH08T6EFL02P,32989.94
1986,2026-01-30,1295,147,DPSR1GK6PQXZFP14A,11964.4
1987,2025-08-20,1970,163,CMPMY7UMB35QKRU0C,11387.65
1988,2025-02-23,4,36,XSMNLYECK3KZZZ0X8,12704.95
1989,2026-04-04,1657,97,J3ICJQWI2B323CA2K,24410.47
1990,2026-03-30,1984,141,XBB3CAGPKWTUGRZAZ,20247.78
1991,2025-08-25,871,25,CL8WDGH03K31MVIIH,24597.08
1992,2025-05-31,969,95,0IMKNYG3YGC6W8R0G,11312.68
1993,2025-05-14,693,54,DCHUZLT2HHKFULDN9,9020.39
1994,2025-07-03,106,106,N9WNE9JUVYH37RT9J,26379.13
1995,2025-10-16,569,121,DDU0NV8GJ0JD13FBO,18677.25
1996,2025-03-21,1898,139,6RMOL8BBKTS1OUQ79,23623.33
1997,2025-11-23,458,6,QB59AVW7XIWYGFCVV,8016.05
1998,2025-07-05,504,35,8LDTK2XIT3PTLOCX8,13611.15
1999,2025-02-20,1780,36,8NVJQ71BR9GMB1NXN,8814.2
2000,2025-04-14,496,123,RKRKYSQLVZDS84OP7,7420.48
